channelId,title,description,customUrl,subscribers,views,videos,hiddenSubscribers,publishedAt,country,defaultLanguage,keywords,uploadsPlaylistId,topics,query
UCUbthbcQT_edTWHEbAnBppg,Saaremaa Muuseum,,@saaremaamuseum,410,45645,53,False,2019-04-30T07:20:40Z,,,,UUUbthbcQT_edTWHEbAnBppg,"https://en.wikipedia.org/wiki/Society, https://en.wikipedia.org/wiki/Knowledge, https://en.wikipedia.org/wiki/Lifestyle_(sociology)",saaremaa
UC8FqHbqtm1XtgEQSe3QWQwg,THElps Shine,"Me, Shinex ja Midny proovime iga kord teile naudingut pakkuda ja naerma ajada! Soovitamegi siis kõige enam videosi meie mõlema poolt, selle jaoks on paljude videode lõpus: -Midny & Shinex. JA mitte ainult LPSid, vaid kõiksugused meile huvi pakkuvad dinosaurused, lohed ja vahel midagi pealekauba. Soovides vahetada/müüa/osta meiega TARTUS, võtke kontakti meiega facebookis. Posti ei usalda, ega hakka ka usaldama. Mina, Shinex loodan edasi anda mõningaid mõtteteru, nagu nt meie 2016 eri avamises! Sa",@thelpsshine3966,22,4144,27,False,2015-08-28T11:30:54Z,,,,UU8FqHbqtm1XtgEQSe3QWQwg,"https://en.wikipedia.org/wiki/Entertainment, https://en.wikipedia.org/wiki/Lifestyle_(sociology), https://en.wikipedia.org/wiki/Hobby",proovime
UCROr0G47-LSfJMbuemX6Yjw,Peeter Tooma - Topic,,,201,124994,97,False,2021-11-09T13:14:40.819915Z,,,,UUROr0G47-LSfJMbuemX6Yjw,https://en.wikipedia.org/wiki/Music,eesti rahvamuusika
UCWtShZiWS9I1NH1UYZGgLiw,Noor Meister,"Haridus- ja Noorteameti ellu viidud “Noore Meistri” võistlustel selguvad Eesti parimad noored meistrid, kellest mitmed lähevad Eestit esindama rahvusvahelistele võistlustele EuroSkills ja WorldSkills. Parimate väljaselgitamisel hindavad kohtunikud võistlejate kiirust, täpsust ning omandatud teadmiste ja oskuste rakendamist. Võistlused annavad pealtvaatajatele võimaluse tutvuda erinevate ametitega ja näha, millise pühendumuse ja oskuslikkusega noored oma tööd teevad! Saadet tellib Haridus- ja N",@noormeister9366,263,91468,52,False,2019-02-20T09:05:02Z,EE,,,UUWtShZiWS9I1NH1UYZGgLiw,"https://en.wikipedia.org/wiki/Lifestyle_(sociology), https://en.wikipedia.org/wiki/Television_program, https://en.wikipedia.org/wiki/Hobby, https://en.wikipedia.org/wiki/Entertainment",eesti haridus
UCxHoivKv0roV5EwBTdsa91w,TeemantLps,"Tere lapsed! Mina olen üks 16 aastane nimega Ingel, kellel pole oma eluga mitte midagi paremat teha kui filmida LPS-idega videoid ja neid YouTube postitada. Geniaalne Ja seda lapsed peate te oma kanali About lehele kirjutama kui teil on liiga väike aju et midagi originaalset välja mõelda -TeemantLps",@teemantlps3404,7250,2739537,91,False,2014-01-18T08:07:29Z,EE,,"Lps ""Littlest Pet Shop""",UUxHoivKv0roV5EwBTdsa91w,"https://en.wikipedia.org/wiki/Lifestyle_(sociology), https://en.wikipedia.org/wiki/Hobby",eesti keeles
UColptJi6rmEhgPX3KFaNimw,HMmm,Eesti loodus. Estonian nature.,@hmmm9210,4,557,11,False,2014-02-17T12:06:02Z,EE,et,,UUolptJi6rmEhgPX3KFaNimw,https://en.wikipedia.org/wiki/Lifestyle_(sociology),eesti loodus
UCtylyZRB5-uAbnKiLRN7g3w,narva,,@365narva,1,591,3,False,2022-03-20T11:44:09.959833Z,,,,UUtylyZRB5-uAbnKiLRN7g3w,"https://en.wikipedia.org/wiki/Action-adventure_game, https://en.wikipedia.org/wiki/Video_game_culture, https://en.wikipedia.org/wiki/Action_game",narva
UCLGewdn97KKDnD-5gOV6PMQ,DNB Pank,"DNB on Norra pank, nagu ütleb meie nimigi Den Norske Bank. DNB on üks suurimaid finantsgruppe Põhjamaades, mille liikmena soovime olla parim partner oma Eesti klientidele. DNB Pangas on ühendatud väikepanga ambitsioonid ja personaalne lähenemine, kuid suure finantsgrupi võimalused ja teadmised.  Eestis alustasime Läti DNB Banka filiaalina tegevust 2006. aastal. 2012. aasta septembrist tegutseb DNB Eestis kohaliku krediidiasutuse AS DNB Pangana. DNB pakub Eestis laia valikud finantstooteid nii ä",@dnbnord1,5,42194,7,False,2009-09-09T08:15:09Z,,,DNB pank laen liising,UULGewdn97KKDnD-5gOV6PMQ,,eesti äri
UCSXukN6iE3c10_uDHZavlNQ,Hiiumaa TV,"Hiiumaa elu, inimesed ja uudised liikuvas pildis.",@hiiumaatv,65,1518698,28,False,2022-06-21T14:20:49.675282Z,,,,UUSXukN6iE3c10_uDHZavlNQ,"https://en.wikipedia.org/wiki/Lifestyle_(sociology), https://en.wikipedia.org/wiki/Society, https://en.wikipedia.org/wiki/Tourism",hiiumaa
UCROO7awVqUqtV5cG8x0vhtA,Saaremaa Meedia Stuudio,,@saaremaameediastuudio280,19,5479,30,False,2019-01-15T09:15:01Z,,,,UUROO7awVqUqtV5cG8x0vhtA,https://en.wikipedia.org/wiki/Lifestyle_(sociology),saaremaa
UCcL3kavvylguCWfh9Ma1w0g,ANNUTANNU - arendavad videod lastele eesti keeles,"Lõbusad, harivad, arendavad videod lastele (eesti keeles). Õppimine läbi mängu. Eestikeelsed laulud.",@annutannu,1440,392921,23,False,2021-01-26T11:11:27.975035Z,EE,,,UUcL3kavvylguCWfh9Ma1w0g,"https://en.wikipedia.org/wiki/Lifestyle_(sociology), https://en.wikipedia.org/wiki/Hobby",eesti keeles
UCJZqPyfUdhsgEdX3-he3ZVQ,Mart Nöps,www.germandia.ee,@germinaator,58,216795,481,False,2007-04-02T12:09:04Z,,,,UUJZqPyfUdhsgEdX3-he3ZVQ,"https://en.wikipedia.org/wiki/Sport, https://en.wikipedia.org/wiki/Lifestyle_(sociology)",eesti korvpall
UCAM1gihWeS1QMeVrVpFMiCA,We Pole Dance Studio,"Pole dance studio in Tallinn, Estonia. Pärnu mnt 142 wepoledance.ee",@tallinnwepoledance,31,2148,9,False,2013-05-18T13:57:37Z,,,,UUAM1gihWeS1QMeVrVpFMiCA,"https://en.wikipedia.org/wiki/Lifestyle_(sociology), https://en.wikipedia.org/wiki/Hobby, https://en.wikipedia.org/wiki/Performing_arts",eesti kultuur
UCNbFuEVdoHJjDPZauD8vYcQ,Grace Bible Church Tallinn,English Speaking Bible-Based gospel centred church in Tallinn Estonia,@gbctallinn,29,546,17,False,2025-05-26T09:27:22.036796Z,,,,UUNbFuEVdoHJjDPZauD8vYcQ,"https://en.wikipedia.org/wiki/Religion, https://en.wikipedia.org/wiki/Society",tallinn
UCTBH6WzgsocAFLED9rDLkVw,kodusoojaks. ee,"www.kodusoojaks.ee Müüme, paigaldame ja hooldame nii õhu-, vee- kui ka maaenergial toimivaid kütteseadmeid. Jahutame alates klassikalisest freooni baasil toimivast konditsioneerist kuni vee baasil toimiva jahutussüsteemini. Ventilatsoonilahendusi pakume alates klassikalisest õhuvahetusest kuni passiivmaja sertifikaadiga ja niiskustagastusega seadmeteni. Lisaks pakume erinevaid tarbevee- ja akumulatsioonipaake ning niisutus- ja päikeseenergia lahendusi. Esindame brände Samsung, TML, EcoForest j",@kodusoojaks7847,12,12427,61,False,2019-10-13T19:20:29.921806Z,,,,UUTBH6WzgsocAFLED9rDLkVw,"https://en.wikipedia.org/wiki/Technology, https://en.wikipedia.org/wiki/Lifestyle_(sociology)",eesti tech
UCiOEEQViOq96JoeRwEktCeA,Svjata Vatra - Topic,,,244,120078,109,False,2013-12-23T07:10:52Z,,,,UUiOEEQViOq96JoeRwEktCeA,https://en.wikipedia.org/wiki/Music,eesti rahvamuusika
UCk8rb0VHXEBi6TEHtC5GArw,minecraft gaming,,@minecraftgaming-nb9ib,19,4133,4,False,2014-09-22T10:05:01Z,,,,UUk8rb0VHXEBi6TEHtC5GArw,"https://en.wikipedia.org/wiki/Role-playing_video_game, https://en.wikipedia.org/wiki/Video_game_culture, https://en.wikipedia.org/wiki/Action-adventure_game",eesti gaming
UCYVAolmELF8jVRm-UBMEKoQ,Tartu Rakenduslik Kolledž,"Pole vahet, kas tuled otse koolipingist või oled aastaid hoogu võtnud, et oma unistusi täita. VOCOst saad oskused ja julguse teha just seda, mida Sina tahad. Oska, mida iganes ja ole lihtsalt osavam! Leia (uus) armastus voco.ee",@kutseharidus,420,372593,185,False,2009-04-06T05:10:27Z,EE,,"kutseõpe ""täiskasvanute koolitus"" täiendkoolitus autokool firstjob ümberõpe karjäärninõustamine",UUYVAolmELF8jVRm-UBMEKoQ,https://en.wikipedia.org/wiki/Lifestyle_(sociology),tartu
UC9HGtxPEyaMCg-Yapj5c0vA,ChrisPoiss,Tere Minu nimi on Chris ja olen youtuber nüüd vaata ka minu discordi,@chrispoiss,37,2831,77,False,2023-04-04T08:36:46.173127Z,,,,UU9HGtxPEyaMCg-Yapj5c0vA,"https://en.wikipedia.org/wiki/Role-playing_video_game, https://en.wikipedia.org/wiki/Video_game_culture, https://en.wikipedia.org/wiki/Action-adventure_game",vaatame
UCPQV9kCE_00gPH6OD0plLrw,Heigo Kosemets,,@heigokosemets156,0,1628,11,False,2013-03-09T19:13:06Z,,,,UUPQV9kCE_00gPH6OD0plLrw,"https://en.wikipedia.org/wiki/Lifestyle_(sociology), https://en.wikipedia.org/wiki/Sport, https://en.wikipedia.org/wiki/Association_football",eesti jalgpall
UCtUUs73O0x_A3LIzHhc20qw,Johanna,"✨just a girl✨, kes otsustas ühel heal päeval endale YouTube’i kanal teha….",@johannuska,29,736,8,False,2024-10-13T18:32:53.032457Z,EE,,"vlogging ""trying different snacks"" ""everyday life""",UUtUUs73O0x_A3LIzHhc20qw,"https://en.wikipedia.org/wiki/Food, https://en.wikipedia.org/wiki/Lifestyle_(sociology)",proovime
UCfY025lKDHcTZI-cns9osqw,FC Tallinn,"Футбольная школа ФК «Таллинн» основана в 2017 году. Несмотря на то, что клубу всего 2 года, в сезоне детско-юношеских чемпионатов Эстонии по футболу 2018 года ФК «Таллинн» был представлен сразу 12 командами. В то время, как взрослая команда клуба примет участие в первенстве 2-й лиги Эстонии. По состоянию на февраль 2020 года, в футбольной школе ФК «Таллинн» занимается 350 юных футболистов, включая детские группы от 4 до 7 лет. База клуба находится в крупнейшем районе Таллинна — Ласнамяэ. Тр",@fctallinn4617,488,72586,82,False,2020-08-13T10:29:32.648405Z,EE,,#fctallinn,UUfY025lKDHcTZI-cns9osqw,"https://en.wikipedia.org/wiki/Association_football, https://en.wikipedia.org/wiki/Sport",tallinn
UCuqH3nVdQNbTF4V3NPp9_Dg,MTÜ Mondo,"MTÜ Mondo on arengukoostööle, maailmaharidusele ja humanitaarabile pühendunud sõltumatu Eesti organisatsioon. Mondo missioon on toetada haavatavas olukorras olevaid inimesi ja kogukondi enesega toimetulekuks ning tõsta Eesti avalikkuse teadlikkust maailma probleemidest ja nende võimalikest lahendustest. MTÜ Mondo peamised tegevussuunad on: 1. Arengukoostöö koos sihtriikide kohalike partneritega. Töötatakse naiste (eelkõige lesed) ja laste (eelkõige orvud) ning erivajadustega inimeste toimetul",@mtymondo,341,284854,165,False,2013-03-20T10:34:02Z,EE,,,UUuqH3nVdQNbTF4V3NPp9_Dg,https://en.wikipedia.org/wiki/Society,eesti haridus
UCbItthOofdPDAURyXxor5SA,HendrikTeeb,Jo! Minu Patreon- patreon.com/HendrikTeeb,@hendrikteeb,664,64962,28,False,2022-10-12T18:21:21.186907Z,,,,UUbItthOofdPDAURyXxor5SA,"https://en.wikipedia.org/wiki/Hobby, https://en.wikipedia.org/wiki/Lifestyle_(sociology), https://en.wikipedia.org/wiki/Tourism",eesti vlog
UCC9i20PvXcbDhiWnKwv3tww,Loodusvägi Eesti,"Toome sinuni tervise- ja keskkonnasõbraliku puhta toidu, mille puhul võib alati kindel olla heas maitses.  💜 Loodusvägi - Loomulikult Öko!",@loodusvagieesti,4,9079,9,False,2024-12-12T18:01:39.250951Z,EE,,,UUC9i20PvXcbDhiWnKwv3tww,"https://en.wikipedia.org/wiki/Lifestyle_(sociology), https://en.wikipedia.org/wiki/Food",eesti toit
UCV2rzIuHdS9cY3HmGfLjmDQ,LihtsaltSuper,"Minecrafti videod | Eesti keeles Soovid teha koostööd? Saada kiri meilile: LihtsaltSuper@gmail.com FAQ:  Kui vanad olete? 16 ; 17 Kui tihti teete uusi videosid? Proovime teha iga nädal ühe video, vahel rohkem. Miks alustasite Youtube? Vaatasime, et Eesti minecrafti maastik on jäänud üsna hõredaks. Kasulikud lingid:  Discord: https://invite.gg/lihtsaltsuper Instagram: https://www.instagram.com/lihtsaltsuper/ Facebook:  https://www.facebook.com/LihtsaltSuper-108043554272238/ TikTok: https://www.ti",@lihtsaltsuper,251,21613,42,False,2020-05-16T19:07:01.087114Z,EE,,,UUV2rzIuHdS9cY3HmGfLjmDQ,"https://en.wikipedia.org/wiki/Strategy_video_game, https://en.wikipedia.org/wiki/Action-adventure_game, https://en.wikipedia.org/wiki/Video_game_culture, https://en.wikipedia.org/wiki/Role-playing_video_game, https://en.wikipedia.org/wiki/Simulation_video_game",proovime
UCw67Io5AgIfk7LN7NswF-HQ,Tartu Noorsootöö Keskus,"EST  Tartu Noorsootöö keskus on Tartu Linnavalitsuse kultuuriosakonna allasutus, mis alustas tegevust 2. mail 2018. Keskuse eesmärgiks on innustava ja uuendusliku noorsootöö keskkonna loomine Tartu linna noortele, et neist kujuneksid tegusad, loovad ja õnnelikud inimesed. Tartu Noorsootöö Keskusel on kolm tegutsemiskohta: Anne Noortekeskus (Uus 56, Tartu), Lille Noortekeskus (Lille 9, Tartu) ja Ilmatsalu Noortekeskus (Järve tee 8, Ilmatsalu). RUS Тартуский центр молодежной работы является подве",@tartunoorsootookeskus3158,176,38281,194,False,2020-01-28T14:12:06.288717Z,,,,UUw67Io5AgIfk7LN7NswF-HQ,"https://en.wikipedia.org/wiki/Lifestyle_(sociology), https://en.wikipedia.org/wiki/Technology",tartu
UCpfUcBuDs8jSozhcpD_W3Zw,Narva Art Residency,"Narva Art Residency (NART) is a cultural platform founded in 2015. It facilitates residencies, art exhibitions, talks and educational workshops. It is located in Narva city on the Estonian-Russian border on the historical Kreenholm site. The international artist-in-residency programme is open for artists operating across a wide range of disciplines, including Visual Arts, Music, Performance, Architecture, Design, Film, Literature, Curatorial Practices and more. It generates creative exchange bet",@narvaartresidency6888,29,3987,7,False,2021-06-01T10:49:00.816246Z,EE,,,UUpfUcBuDs8jSozhcpD_W3Zw,"https://en.wikipedia.org/wiki/Lifestyle_(sociology), https://en.wikipedia.org/wiki/Hobby, https://en.wikipedia.org/wiki/Knowledge",narva
UCs6jh-Lymv9jg1zmREs9qjA,Eesti Poliitika Arhiiv,,@eestipoliitikaarhiiv7230,2,1465,2,False,2019-01-24T09:39:03Z,EE,,eesti poliitika valimised poliitikud,UUs6jh-Lymv9jg1zmREs9qjA,"https://en.wikipedia.org/wiki/Politics, https://en.wikipedia.org/wiki/Television_program, https://en.wikipedia.org/wiki/Society, https://en.wikipedia.org/wiki/Entertainment",eesti poliitika
UCkgDQusb_u62eQN6Fhrnbug,Jaak Madison,,@madisonjaak,2590,953750,355,False,2011-10-01T10:18:30Z,,,,UUkgDQusb_u62eQN6Fhrnbug,"https://en.wikipedia.org/wiki/Society, https://en.wikipedia.org/wiki/Politics",eesti poliitika
UCGbdr9hszIajkyZMPNtAS0Q,Taskuhääling Rahva nimel,"Erakonna Eesti Rahvuslased ja Konservatiivid taskuhääling ""Rahva nimel"" toob vaatajateni teemasid ja inimesi elust enesest.  Räägime päevakajalistest teemadest, poliitikast, Eesti rahva väljakutsetest ja eluolust ning toome kuulajateni meie erakonna seisukohti ja nägemusi, et ühisel jõul, koos meie kuulajatega liikuda parema homse suunas.",@rahvanimel,252,19900,15,False,2024-10-07T19:37:01.56373Z,,,,UUGbdr9hszIajkyZMPNtAS0Q,"https://en.wikipedia.org/wiki/Society, https://en.wikipedia.org/wiki/Politics",eesti taskuhääling
UCgXSuNhMpCypSluNZmlwo8A,KõnePulss,,@konepulss,257,16702,14,False,2025-03-16T19:29:26.538523Z,EE,,,UUgXSuNhMpCypSluNZmlwo8A,"https://en.wikipedia.org/wiki/Politics, https://en.wikipedia.org/wiki/Society",eesti poliitika
UCR4xfxfiJaK5cOjcuBQaeqQ,Peeter Kuuskla,EESTI AK,@peeterkuuskla2315,1,606,15,False,2015-02-07T22:23:09Z,,,,UUR4xfxfiJaK5cOjcuBQaeqQ,https://en.wikipedia.org/wiki/Video_game_culture,eesti teadus
UCd1ZFpRweVVReCO85V6Qe_A,Eesti Laulud,,@eestilaulud703,72,24765,1,False,2013-08-12T07:51:31Z,,,,UUd1ZFpRweVVReCO85V6Qe_A,,eesti laulud
UCtlj3YiwP4LylAoz50fCiFw,SandidHoosPodcast,,@sandidhoospodcast,56,2963,31,False,2023-03-28T13:02:03.377472Z,,,,UUtlj3YiwP4LylAoz50fCiFw,https://en.wikipedia.org/wiki/Lifestyle_(sociology),eesti taskuhääling
UCOG0I0p41cMVo7zLI-4AOpw,NULA Inkubaator,,@nulainkubaator,76,5302,22,False,2024-03-27T21:23:51.104396Z,EE,,,UUOG0I0p41cMVo7zLI-4AOpw,https://en.wikipedia.org/wiki/Society,eesti taskuhääling
UCNSqlx7BiOcXLUo4J1Xe-tA,Rain Naljamees,Ma proovin teha palju naljakaid videoid,@rainnaljamees9835,23,4871,5,False,2018-08-14T19:11:51Z,EE,,,UUNSqlx7BiOcXLUo4J1Xe-tA,"https://en.wikipedia.org/wiki/Film, https://en.wikipedia.org/wiki/Entertainment",eesti toit
UCklLBmcjTEAjNE_i6QcrjAg,Raiksz,"Heyhopsti! Mina olen Markus, 17 aastane poiss 11 aastase poisi ajuga.!’",@markusraigla,171,124922,9,False,2018-10-27T20:50:07Z,EE,,,UUklLBmcjTEAjNE_i6QcrjAg,"https://en.wikipedia.org/wiki/Role-playing_video_game, https://en.wikipedia.org/wiki/Video_game_culture, https://en.wikipedia.org/wiki/Action-adventure_game, https://en.wikipedia.org/wiki/Strategy_video_game, https://en.wikipedia.org/wiki/Action_game",eesti sketš
UCikL6LpZaD7Nrja4iExuHDA,Majast Koduks,"Majast Koduks 2.0, Hiiumaa edition. Lugu sellest, kuidas perekond Hinrikus ostis vana talu, selle üles ehitas, sellest kirjutas ja Instas jagas, seejärel maha müüs ning otsustas järgmise südamelähedase seikluse ette võtta hoopis Hiiumaal.  Blogi: https://majastkoduks.ee/ Instagram: https://www.instagram.com/majastkoduks.ee/",@majastkoduks,1910,439324,148,False,2021-04-05T12:54:41.078628Z,EE,,"Lifestyle motherhood ""crisis preparedness"" diy building farmhouse vlog manifestation",UUikL6LpZaD7Nrja4iExuHDA,https://en.wikipedia.org/wiki/Lifestyle_(sociology),hiiumaa
UC3pXCy-OnNjzul0Zugj_VZA,OlyBet Sports Bar Eesti,Sütel grillitud road ja parimad spordiülekanded kohe vabaduse väljaku kõrval!,@olybetsportsbareesti,14,945,12,False,2024-04-30T07:36:38.916213Z,,,,UU3pXCy-OnNjzul0Zugj_VZA,"https://en.wikipedia.org/wiki/Sport, https://en.wikipedia.org/wiki/Lifestyle_(sociology)",eesti sport
UClWyTGIu1orm-e5euZtBOKw,Eesti Noorsooteater,Eesti Noorsooteater www.eestinoorsooteater.ee,@nukukeskus,433,629272,319,False,2010-09-20T05:47:42Z,EE,,,UUlWyTGIu1orm-e5euZtBOKw,"https://en.wikipedia.org/wiki/Performing_arts, https://en.wikipedia.org/wiki/Entertainment, https://en.wikipedia.org/wiki/Lifestyle_(sociology)",eesti taskuhääling
UCxbpUeoOTJiapNV4Ko8pgMg,Ainar Toit,,@ainartoit,91,26625,36,False,2009-05-08T11:59:14Z,,,Kummaline kaspar Otsus Mikk Sebastian Seb Maiken Madisson Ainar Toit Forwards Tartu,UUxbpUeoOTJiapNV4Ko8pgMg,https://en.wikipedia.org/wiki/Music,eesti toit
UCt2uk6hQndDCNqY0Hb1TelA,Ecodrive Eesti OÜ,Autojuhtide alg ja täiendkoolitus. Ecodriving koolitus. Autokool Ecodrive Tallinnas,@ecodriveeestiou8397,88,78658,9,False,2015-06-23T08:03:25Z,EE,,autojuhtide koolitus ja õppesõit,UUt2uk6hQndDCNqY0Hb1TelA,"https://en.wikipedia.org/wiki/Vehicle, https://en.wikipedia.org/wiki/Lifestyle_(sociology)",eesti õppimine
UCx9IOA6Y_LKMk7h0jKXQLSw,Comedy Estonia,"Comedy Estonia introduced Stand Up culture in Estonia over 10 years ago and has now grown into a fully fledged events promotion and artist management agency working across Finland, Estonia, Latvia and Lithuania.",@comedyestonialive,36300,26389664,316,False,2010-09-03T09:58:49Z,EE,,"comedy estonia ""comedy estonia"" stand-up standup louis ""louis zezeran"" ""matti mustonen"" live",UUx9IOA6Y_LKMk7h0jKXQLSw,"https://en.wikipedia.org/wiki/Film, https://en.wikipedia.org/wiki/Entertainment, https://en.wikipedia.org/wiki/Humour, https://en.wikipedia.org/wiki/Music, https://en.wikipedia.org/wiki/Performing_arts",eesti komöödia
UCmXzArx44HncWQXtbUrNXig,SEB Eesti,Tere tulemast SEB Eesti ametlikule lehele. Siit leiad meie reklaamklipid ja muud videod.,@sebeesti,1240,8494894,762,False,2010-06-07T08:58:58Z,EE,,SEB reklaamid perepakett kodupank pank Eesti Ühispank paketid kaart kaardid swedbank nordea,UUmXzArx44HncWQXtbUrNXig,"https://en.wikipedia.org/wiki/Knowledge, https://en.wikipedia.org/wiki/Society",eesti toit
UCR41MaTtBGZ-v9GUdAomUpA,Team 101%,"Podcastid, videod ja sündmused - 101% kirge ja pühendumust igas projektis 🎙 ""Lenksud kokku"" - Kõik motokrossist ausalt ja ilustamata. Team 101% toob kokku Eesti motohuvilised.",@team101percent,1890,269686,65,False,2022-04-25T18:21:52.890612Z,EE,,,UUR41MaTtBGZ-v9GUdAomUpA,"https://en.wikipedia.org/wiki/Lifestyle_(sociology), https://en.wikipedia.org/wiki/Sport, https://en.wikipedia.org/wiki/Motorsport, https://en.wikipedia.org/wiki/Vehicle",eesti vlog
UCOpJ0SgZeEgpVpPQ622izmQ,Eesti Üliõpilaskondade Liit,,@eestiuliopilaskondadeliit7801,21,1913,14,False,2012-08-26T19:57:25Z,,,"Poliitika tudengid ""Eesti Üliõpilaskondade Liit"" EÜL kõrgharidus ülikool",UUOpJ0SgZeEgpVpPQ622izmQ,"https://en.wikipedia.org/wiki/Society, https://en.wikipedia.org/wiki/Knowledge",eesti õppimine
UCDSnf3dlXZTxaCdtwyUSXRQ,evert poom,"ikoon, staar, bravuuritar, glamuuritar",@evertpoom,27900,2124722,16,False,2015-09-03T07:12:02Z,EE,,"""evert poom"" eesti ringvaade ""marko reikop"" juutuuber poliitika uudised naljakas estonia estonian",UUDSnf3dlXZTxaCdtwyUSXRQ,"https://en.wikipedia.org/wiki/Entertainment, https://en.wikipedia.org/wiki/Lifestyle_(sociology), https://en.wikipedia.org/wiki/Film",eesti vlog
UCIc4u4SsssebO4e-kIJtlag,Nikita Avvakoumov,,@nikitaavvakoumov,5,579,80,False,2013-08-16T08:08:23Z,,,,UUIc4u4SsssebO4e-kIJtlag,"https://en.wikipedia.org/wiki/Lifestyle_(sociology), https://en.wikipedia.org/wiki/Knowledge, https://en.wikipedia.org/wiki/Technology",eesti programmeerimine
UCmOm5thPLpSEPxgCkqKoc-A,SYNLAB Eesti,"SYNLAB on Eesti suurim meditsiinilabor, mille ajalugu ulatub aastasse 1995. Meie eesmärk on pakkuda pere- ja eriarstidele ning haiglatele kvaliteetset ja laia valikut laboriteenuseid.Terviseteadlikel eraklientidel ning ettevõtetel on võimalik meie juures teha erinevaid tervisekontrolli pakette, analüüse ja laboriarsti konsultatsioone. Seda ikka selleks, et võimalikud kõrvalekalded varakult avastada ning terviseprobleeme ennetada.  Sest Sina juhid oma tervist!",@synlabeesti2465,248,965918,28,False,2020-01-02T12:06:26.180354Z,EE,,,UUmOm5thPLpSEPxgCkqKoc-A,"https://en.wikipedia.org/wiki/Health, https://en.wikipedia.org/wiki/Lifestyle_(sociology)",eesti
UC5-ZlCYcmXDCEet569rbCWw,Filmifestival Kino maale,,@filmifestivalkinomaale1873,5,3545,14,False,2014-08-22T11:51:19Z,,,,UU5-ZlCYcmXDCEet569rbCWw,"https://en.wikipedia.org/wiki/Entertainment, https://en.wikipedia.org/wiki/Film",eesti filmid
UCrSWmyZ-1ZI6b7XlGhCHjtQ,Endrik Puntso,Olen Eesti parim ühest silmast pime stand-up koomik ja mul on enda podcast. Täispikad podcasti episoodid: https://blurbay.com/profile/puntso,@endrik,1760,285284,105,False,2008-02-21T20:23:03Z,,,,UUrSWmyZ-1ZI6b7XlGhCHjtQ,"https://en.wikipedia.org/wiki/Lifestyle_(sociology), https://en.wikipedia.org/wiki/Entertainment",eesti podcast
UCf4_WpSC217Y5xWSvoz3amw,Goudin Podcast,,@goudinpodcast1234,76,6115,9,False,2021-10-24T07:02:22.723415Z,EE,,culture podcast,UUf4_WpSC217Y5xWSvoz3amw,"https://en.wikipedia.org/wiki/Lifestyle_(sociology), https://en.wikipedia.org/wiki/Society, https://en.wikipedia.org/wiki/Health",eesti taskuhääling
UCqtArMCsmKJYE1H4a2_zyvA,Eesti Lauatenniseliit,Estonian Table Tennis Association,@lauatenniseliit,290,89475,79,False,2013-02-11T13:52:09Z,,,Estonian Table Tennis Association,UUqtArMCsmKJYE1H4a2_zyvA,"https://en.wikipedia.org/wiki/Lifestyle_(sociology), https://en.wikipedia.org/wiki/Sport, https://en.wikipedia.org/wiki/Tennis",eesti sport
UC6QEcv9_KAbBdt_aInRvaJg,Kesklinna Noortekeskus,"Kesklinna noortekeskuse sihtgrupiks on noored vanuses 14-26 eluaastat. Keskuses toimuvad mitmed koolitused, seminarid, külalis- ja kultuuriõhtud, filmiklubi, töötoad ja muud sündmused. Kesklinna noortekeskus pakub noorteühingutele ja noorteorganisatsioonidele kontoriruumi ja võimalusi oma tegevuste läbiviimiseks. Keskuses on end sisse seadnud: MTÜ AIESEC Eesti MTÜ Tegusad Eesti Noored MTÜ JA Alumni Estonia MTÜ Shokkin Group MTÜ AEGEE Tallinn Ruume on võimalik kasutada ka erinevate noorsootöö t",@kesklinnanoortekeskus2198,53,5806,27,False,2014-05-14T13:42:29Z,,,,UU6QEcv9_KAbBdt_aInRvaJg,"https://en.wikipedia.org/wiki/Physical_fitness, https://en.wikipedia.org/wiki/Lifestyle_(sociology)",eesti kokkamine
UCY4U44gg4DxVffw_6P6yvvg,Raasiku valla ajalugu,"Millest﻿ on alguse saanud Raasiku vald? Kohisevatest mändidest, õitsevatest orhideedest, sulisevast Jägala jõest ja julmadest lahingutest Kiviloo linnuse ümber? Just neid ja ka tänaseid lugusid kogub Raasiku valla noortest koduloohuvilistest loodud Raasiku valla ajalooklubi.  Roheline mänd sümboliseerib tervet meie koduvalda. Sind, mind ja naaberküla Antsu ka. Rohelise männi lood ei tähenda ainult ühe valla tekkimise lugu, see on terve vallapere vaimsuse lugu. Igaüks meist on osake sellest. Nii",@raasikuvallalugu,19,16576,20,False,2011-11-29T23:15:58Z,,,raasiku vald ajalugu,UUY4U44gg4DxVffw_6P6yvvg,"https://en.wikipedia.org/wiki/Music, https://en.wikipedia.org/wiki/Lifestyle_(sociology), https://en.wikipedia.org/wiki/Society",eesti ajalugu
UCd8P1KDjbiU5V8WRrOKciyA,Eesti NLP Instituut,,@eestinlpinstituut4956,3,1495,6,False,2015-12-17T06:56:20Z,,,"NLP ""neuro-lingvistiline programmeerimine"" ""Eesti NLP Instituut""",UUd8P1KDjbiU5V8WRrOKciyA,"https://en.wikipedia.org/wiki/Knowledge, https://en.wikipedia.org/wiki/Lifestyle_(sociology)",eesti programmeerimine
UCFyxjrocvmcEaNqMim6AZ0g,Mati Pati,Tere rahvas mina olen jänes,@matipati3488,15,10327,4,False,2016-08-08T10:48:56Z,,,,UUFyxjrocvmcEaNqMim6AZ0g,"https://en.wikipedia.org/wiki/Lifestyle_(sociology), https://en.wikipedia.org/wiki/Film, https://en.wikipedia.org/wiki/Entertainment",vaatame
UCCySq2nP_mGUM8q7IvroNAA,Saaremaa LT (slt),,@saaremaalt7519,0,1754,9,False,2014-04-01T10:38:05Z,,,,UUCySq2nP_mGUM8q7IvroNAA,"https://en.wikipedia.org/wiki/Lifestyle_(sociology), https://en.wikipedia.org/wiki/Food",saaremaa
UC6HdVnE9SdF1yQMR1eyyQZQ,Hanna She,,@eestikeelasmr,70,2699,21,False,2024-05-29T07:06:15.908743Z,,,,UU6HdVnE9SdF1yQMR1eyyQZQ,https://en.wikipedia.org/wiki/Lifestyle_(sociology),eesti retseptid
UCldgeI6uhxunig7JPC3Gm5w,WinnerzEesti,"Winnerzi kaubamärgi omanik Hitz Gaming OÜ on Eesti äriregistris registreeritud ettevõte, kes on Eesti Maksu- ja Tolliameti litsentseeritud ametlik spordiennustuse ja õnnemängude korraldaja alates 2021. aastast.  Me väärtustame oma klientide aega tänapäeva kiires maailmas. 🚁 Sellepärast oleme teinud meelelahutuse neile lihtsaks ja mugavaks – ilma registreerumiseta. 🎯 Vaid 3 klikki ja sisened oma isiklikku lõbustusparki! 🎡 Winnerzi eesmärk on olla esimene valik inimestele, kes hindavad kvaliteet",@winnerzeesti,79,1517,3,False,2022-05-16T13:16:04.192728Z,,et,,UUldgeI6uhxunig7JPC3Gm5w,,eesti gaming
UCvjLTHrrXe42XF2GgovUeRA,MänguKeskus,Siin kanalil teen mina videoid mingitest mängudest mis tunduvad lahedad. Vot. Face reveal=220 sub (Mida ma arvatavasti kunagi ei saa lol),@mangukeskus1394,43,2267,20,False,2018-12-22T13:39:26Z,EE,,,UUvjLTHrrXe42XF2GgovUeRA,"https://en.wikipedia.org/wiki/Role-playing_video_game, https://en.wikipedia.org/wiki/Action-adventure_game, https://en.wikipedia.org/wiki/Video_game_culture, https://en.wikipedia.org/wiki/Action_game",kuidas teha
UCgEP0GpbB6Zj2nbcJGnC2aA,Vikatimeister,"Welcome to Vikatimeister – The Art of Scythe Mowing! We revive the ancient craft of scythe mowing through inspiring footage, practical tips, and behind-the-scenes views from our Estonian workshop – where every handle is handmade. Scything is more than work – it's meditative and deeply satisfying. 🔔 Subscribe and join the movement – let’s bring back the scythe! *** Tere tulemast Vikatimeistri kanalile – vikatiga niitmise kunst! Siin jagame inspireerivaid kaadreid, kasulikke nippe ja pilke Eesti t",@vikatimeister,278,77702,77,False,2024-07-01T10:37:36.46719Z,EE,,"""mario karro"" vikat niitmine ""vikatiga niitmine"" ""heina niitmine"" ""vikati tera"" ""vikati vars"" lüsi käsivikat luisk luiskamine ""vikati teritamine"" pinnimine ""niitmise võistlus"" vikatimeister vikatimees vikatid",UUgEP0GpbB6Zj2nbcJGnC2aA,"https://en.wikipedia.org/wiki/Hobby, https://en.wikipedia.org/wiki/Lifestyle_(sociology)",eesti kunst
UCxfMHM98RupUWEAVCqCHbjg,Renate - Topic,,,947,3401249,65,False,2018-08-17T10:32:41Z,,,,UUxfMHM98RupUWEAVCqCHbjg,"https://en.wikipedia.org/wiki/Music, https://en.wikipedia.org/wiki/Pop_music, https://en.wikipedia.org/wiki/Electronic_music",eesti laulud
UCOWg4A1nS8NRl2ZUCn_mEBQ,Sei7Se,,@sei7se91,61,2404,18,False,2015-01-21T16:36:36Z,,,"""Hi my name is 470a :) I"" ""am 14 years. Please subscribe and look my videos :)""",UUOWg4A1nS8NRl2ZUCn_mEBQ,"https://en.wikipedia.org/wiki/Role-playing_video_game, https://en.wikipedia.org/wiki/Video_game_culture",vaatame
UC4pG0MjA-962emDSIptLHAg,Tartu ülikooli kammerkoor,,@tartuulikoolikammerkoor4548,7,5697,6,False,2012-06-11T19:50:44Z,EE,,,UU4pG0MjA-962emDSIptLHAg,"https://en.wikipedia.org/wiki/Classical_music, https://en.wikipedia.org/wiki/Music",tartu
UCgeOx1HnI7QfPIbxxsVEyuQ,Lõvitüdrukud 🤭,"🎬 Tere tulemast Kättemaksukontori fännide keskpunkti! 🔍 Kui armastad krimi, draamat, huumorit ja Eesti legendaarsemaid detektiive nagu Marion, Frida ja Häidi, siis oled just õiges kohas. Siin kanalil toome sinuni: 🕵️‍♀️ Parimad hetked ja unustamatud tsitaadid 🎞️ Nostalgilised throwback’id vanadest osadest 📁 Teooriad, karakterianalüüsid ja põnevad fanmade videod 📺 Kättemaksukontori maailm täiesti uue nurga alt Uued videod, süvenevad lood ja sisu, mida isegi Asta ei suudaks ignoreerida – vajuta",@kxtekas,102,27546,18,False,2025-07-21T06:11:34.346487Z,,,,UUgeOx1HnI7QfPIbxxsVEyuQ,"https://en.wikipedia.org/wiki/Humour, https://en.wikipedia.org/wiki/Entertainment, https://en.wikipedia.org/wiki/Film",eesti meelelahutus
UCen0phuEbh2HnmJ-gQppdkg,Rapla Korvpallikool,"Rapla Korvpallikooli YouTube kanal toob teieni videomaterjali AVIS Rapla meeskonna mängude videokokkuvõtted, parimad hetked, intervjuud. Samuti kajastab kanal Rapla Korvpallikooli noorte ja naiste võistkondade tegemisi.",@raplakorvpallikool,141,175452,388,False,2013-11-15T14:07:44Z,,,,UUen0phuEbh2HnmJ-gQppdkg,"https://en.wikipedia.org/wiki/Association_football, https://en.wikipedia.org/wiki/Basketball, https://en.wikipedia.org/wiki/Sport, https://en.wikipedia.org/wiki/Lifestyle_(sociology)",eesti korvpall
UCTZTvPi8qNzai4q_Uy35yog,OLF Food,"OLF on meelelahutuslik todukanal mis ei võta end liiga tõsiselt. Odav, lihtne söök. #food #cooking  Toit ei pea kallis ega fancy olema. Õpime koos soodsalt toime tulema",@olffood,68,3477,12,False,2023-09-02T10:20:54.730954Z,,,,UUTZTvPi8qNzai4q_Uy35yog,"https://en.wikipedia.org/wiki/Food, https://en.wikipedia.org/wiki/Lifestyle_(sociology)",eesti toit
UCVshqRwIxI2zmCz9kOfJsNg,Enjoy Entertainment,,@enjoyentertainment10,2270,4586836,58,False,2013-07-10T13:10:03Z,,,,UUVshqRwIxI2zmCz9kOfJsNg,"https://en.wikipedia.org/wiki/Music, https://en.wikipedia.org/wiki/Pop_music",eesti teater
UCykvba4jUSdcxniA51zAXpw,Tartu Jaani Kirik,,@tartujaanikirik8006,53,7680,141,False,2020-11-17T07:37:46.037296Z,EE,,,UUykvba4jUSdcxniA51zAXpw,"https://en.wikipedia.org/wiki/Society, https://en.wikipedia.org/wiki/Religion",tartu
UCebiuIDg4hG52WaJ9C3pV9Q,Perega looduses,"Kanalilt leiab videosi meie toimetamistest looduses. Kalalkäigud, matkad, ellujäämine, telkimine, primitiivsed oskused. Kes soovib meie tegemisi toetada võib seda teha EE132200221015587135 Alvar Sõmer Meie Facebooki leht : https://www.facebook.com/PeregaLooduses  https://www.instagram.com/peregalooduses  Kontakt : peregalooduses@peregalooduses.com",@peregalooduses,8380,5193456,698,False,2016-10-13T15:16:19Z,EE,,,UUebiuIDg4hG52WaJ9C3pV9Q,"https://en.wikipedia.org/wiki/Pet, https://en.wikipedia.org/wiki/Lifestyle_(sociology), https://en.wikipedia.org/wiki/Hobby",vaatame
UCE_pmBwoHuO0mieZpMOmJEQ,Eesti Konservatiivne Rahvaerakond,EKRE on kõige eestimeelsem erakond!,@erakondekre,269,3242101,80,False,2023-01-30T14:21:26.758608Z,EE,,,UUE_pmBwoHuO0mieZpMOmJEQ,"https://en.wikipedia.org/wiki/Society, https://en.wikipedia.org/wiki/Politics",eesti poliitika
UCByHmQzKzjO4Jpyz75rgG0w,Lavendlitalu,"LAVENDLITALU LUGU Lavendlitalu sündis Eesti 100. sünnipäeval 2018. aastal, kui me koos sõpradega istutasime Kärdla kraatri kivisele servale 20 000 lavendlitaime. Paradiisisaar Hiiumaa päikseline kliima sobib lavendlitele ideaalselt ja loodame, et ka läbi Lavendlitalu toodete on tunda selle erakordse saare võrratuid emotsioone.",@lavendlitalu2018,5,1056,6,False,2021-02-04T13:27:35.763717Z,,,,UUByHmQzKzjO4Jpyz75rgG0w,"https://en.wikipedia.org/wiki/Knowledge, https://en.wikipedia.org/wiki/Music, https://en.wikipedia.org/wiki/Lifestyle_(sociology)",hiiumaa
UClZMSto_paqJcsKwndV4DNw,Marko Parksepp,,@mpfotograafvideograaf,11,1660,20,False,2020-06-30T13:23:43.235688Z,EE,,,UUlZMSto_paqJcsKwndV4DNw,"https://en.wikipedia.org/wiki/Rock_music, https://en.wikipedia.org/wiki/Music, https://en.wikipedia.org/wiki/Pop_music",eesti teater
UCo8W-M8Pg1h8w9ZQb3gJoKQ,Eesti Otsemüügi Assotsiatsioon,"Eesti Otsemüügi Assotsiatsioon (EDSA) on mittetulundusühing, kuhu kuuluvad juhtivad ettevõted, mis toodavad ja levitavad otse tarbijatele müüdavaid tooteid ja teenuseid. Meie eesmärgiks on: - soodustada otsemüügi kasvu ning tugevdada arusaama, et otsemüük on oluline toodete ja teenuste levitamise võimalus Eesti tarbijatele; - parandada otsemüügi mainet ning toetada otsemüüki kui seaduslikku individuaalse äritegevuse viisi ja lisasissetuleku võimalust; - edendada ausat konkurentsi ja tarbija õig",@edsa_official,12,58977,1,False,2020-11-20T07:31:16.195845Z,,,,UUo8W-M8Pg1h8w9ZQb3gJoKQ,,eesti äri
UCEW2VdamGWZFw6kPNRppmww,Nähtamatu võitlus,"Pöörane komöödia kung fu’st, armastusest ja õigeusust. Kinodes 8. detsembrist.",@theinvisiblefight,73,210413,8,False,2023-09-07T16:31:05.436886Z,,,,UUEW2VdamGWZFw6kPNRppmww,"https://en.wikipedia.org/wiki/Entertainment, https://en.wikipedia.org/wiki/Film",eesti komöödia
UCJslflfnZk7dZvUuPmbJqsA,Emily Kristel,,@emilykristel6278,1270,1373790,359,False,2017-07-21T18:52:28Z,,,,UUJslflfnZk7dZvUuPmbJqsA,"https://en.wikipedia.org/wiki/Lifestyle_(sociology), https://en.wikipedia.org/wiki/Music, https://en.wikipedia.org/wiki/Pop_music",eesti teater
UCIK-DSUFXOeiVJn4qTY_lQw,Koodi Tund Estonia,,@kooditundestonia2740,3,567,7,False,2018-12-17T17:42:38Z,,,,UUIK-DSUFXOeiVJn4qTY_lQw,"https://en.wikipedia.org/wiki/Video_game_culture, https://en.wikipedia.org/wiki/Role-playing_video_game",eesti teater
UCb65BHgWjUIKeAvFH1fQzHg,STEFAN,,@stefanjen,13000,9854101,23,False,2013-12-18T20:25:43Z,EE,,"""stefan without you stefan airapetjan we´ll be fine"" ""eesti laul"" ""oh my god"" doomino hope",UUb65BHgWjUIKeAvFH1fQzHg,"https://en.wikipedia.org/wiki/Electronic_music, https://en.wikipedia.org/wiki/Independent_music, https://en.wikipedia.org/wiki/Pop_music, https://en.wikipedia.org/wiki/Music",eesti laulud
UC7Hg137Pn55GXVVTDyxC_cw,Minu Human Design,"Human Design süsteem - Teadlikum enesejuhtimine, harmoonilisemad suhted & tähendusrikkam töö. Loomulikult ja just Sulle omaselt!  Rohkem infot leiad www.minuhumandesign.ee",@minuhumandesign,561,30926,90,False,2024-05-13T19:17:25.785987Z,EE,,,UU7Hg137Pn55GXVVTDyxC_cw,"https://en.wikipedia.org/wiki/Lifestyle_(sociology), https://en.wikipedia.org/wiki/Hobby",minu elu
UChFABws-S4K8de_KzGegpaA,Salajutud,,@salajutud,11300,2840369,108,False,2023-09-11T18:18:10.287613Z,,,,UUhFABws-S4K8de_KzGegpaA,,eesti taskuhääling
UCUJgk0GOx42767TRW7foLag,Eesti Töötukassa,"Eesti Töötukassa Youtube'i kanal toob sinuni töömaailma uudised, kasulikud nõuanded ja inspiratsioonilood! Siit leiad praktilist teavet karjääriplaneerimise, tööotsingute ja koolitusvõimaluste kohta, samuti videod, mis tutvustavad meie teenuseid ning toovad esile olulisi tööturu teemasid ja sündmusi.",@tootukassa,2130,1021213,707,False,2010-02-08T13:05:14Z,,,"töötukassa töövahendus tööturuteenused labour market services wage subsidy unemployment karjäärinõustamine karjääriteenused ""tööta ja õpi"" oskused karjääriinfo tööpakkumised hüvitised ""vähenenud töövõime"" career tööintervjuu kandideerimine CV motivatsioonikiri ""suveks tööle""",UUUJgk0GOx42767TRW7foLag,https://en.wikipedia.org/wiki/Society,eesti uudised
UCCcJX3fXJ48nPEc1AsHrEwQ,Raha Netis,"Selle kanali sisu on, kuidas teenida internetis raha? Aka Haltuura Internetis või Lisaraha tegemine. Kui see kõnetab sind siis kindlasti hakka minu jälgijaks.  Natukene minust: Olen ise ""Drop shipping"" ärimudeliga tegelenud viimased 2 aastat ja nüüd mõtlesin salvestada oma progressi. Ise ehitasin oma epoed alati kokku nii Wordpress, Woocommerce, Shopmaster ja Aliexpress. Veebipoed ja Turundus interneris on mind alati kõnetanud, esimesed poed Amazon.com abil ehitasin juba 2008 aastal. Kanali t",@twojointsontheroad,1140,37012,16,False,2011-09-24T10:22:14Z,EE,et,"""Diamond Production"" Wordpress koduleht ""kuidas teha kodulehte ise?"" ""Kodulehe tegemine"" veebiarendus Woocommerce Dropshipping dropshippingeestis shopmaster aliexpress haltuura lisaraha",UUCcJX3fXJ48nPEc1AsHrEwQ,"https://en.wikipedia.org/wiki/Technology, https://en.wikipedia.org/wiki/Lifestyle_(sociology)",kuidas teha
UCRpMchdtpW2WMA3-S75LgIg,Narva Täiskasvanute Kool,,@narvatk,3,813,12,False,2022-12-20T10:38:16.32003Z,EE,,,UURpMchdtpW2WMA3-S75LgIg,https://en.wikipedia.org/wiki/Lifestyle_(sociology),narva
UCFmWCXPiItTUyopxxOMPPgg,Eesti Sotsiaaltöö Assotsiatsioon,,@eestisotsiaaltooassotsiatsioon,71,13683,50,False,2021-12-07T12:23:48.993932Z,EE,,,UUFmWCXPiItTUyopxxOMPPgg,"https://en.wikipedia.org/wiki/Lifestyle_(sociology), https://en.wikipedia.org/wiki/Society, https://en.wikipedia.org/wiki/Health, https://en.wikipedia.org/wiki/Knowledge",eesti
UCHfs_AtiYGeI8U5ug7XjFcw,Freddy Saarm,,@mrfreddysa,66,4618,40,False,2012-02-28T07:12:32Z,,,,UUHfs_AtiYGeI8U5ug7XjFcw,"https://en.wikipedia.org/wiki/Lifestyle_(sociology), https://en.wikipedia.org/wiki/Health, https://en.wikipedia.org/wiki/Knowledge",eesti äri
UCTTpNEa7i5YT4t6ax7mgo-A,Forus Eesti,"Oleme Eesti kinnisvara haldus-, hooldus- ja turvateenuste ettevõte, mis pakub ainsana uuenduslikku ja terviklikku lahendust nii äri- kui erakinnisvara omanikele, kes väärtustavad oma aega ning soovivad muretult keskenduda oma põhiäritegevusele või veeta kvaliteetaega koos lähedastega. Foruse 1500 professionaalist koosnev meeskond on oma teadmiste ja parimate tehnoloogiatega Sulle usaldusväärne partner, aidates luua just Sinu ettevõttele või kodule sobivaid nutikaid lahendusi. FORUS – Hoiame ja h",@foruseesti5633,27,3880,2,False,2022-05-16T06:50:39.12528Z,,,,UUTTpNEa7i5YT4t6ax7mgo-A,,eesti äri
UCN3VgblTUgHt3YXAqGVzHHQ,Eesti Veokaralli,"Rallisõiduks kohendatud GAZ-ide ajalugu ja tänapäev Eesti ja välisriikide ralliradadel. Pildid, videod, sõitjaprofiilid, info jne. Ühesõnaga kõik, mis puudutab otseselt või kaudselt veokaralliga seonduvat... Kõike seda leiab meie kodulehelt www.veokaralli.eu ja loomulikult on meil ka stabiilselt uuenev fb-konto...",@veokaralli,16800,8916671,257,False,2014-02-14T20:49:48Z,EE,,"GAZ ""GAZ rally"" Veokaralli ""Truck rally"" Ralli ""GAZ WRC"" Rally",UUN3VgblTUgHt3YXAqGVzHHQ,"https://en.wikipedia.org/wiki/Sport, https://en.wikipedia.org/wiki/Vehicle, https://en.wikipedia.org/wiki/Motorsport, https://en.wikipedia.org/wiki/Lifestyle_(sociology)",eesti ajalugu
UCamAe5P-VhpOxncefPVjMTQ,kodukant,,@kodukant,9,7715,19,False,2011-08-10T13:55:29Z,,,,UUamAe5P-VhpOxncefPVjMTQ,"https://en.wikipedia.org/wiki/Lifestyle_(sociology), https://en.wikipedia.org/wiki/Knowledge",võrumaa
UCTsROlT-D5a_TCfkLluxHog,Davidsons Feeds,"Ruminant feed specialists supplying a range of nuts, pellets, rolls, blends and bespoke meals in order to suit all your requirements. We are committed to providing our customers with safe, sustainable and high quality animal feed to add value to their business.",@davidsonsfeeds,116,37258,44,False,2012-07-01T17:39:12Z,,,,UUTsROlT-D5a_TCfkLluxHog,"https://en.wikipedia.org/wiki/Lifestyle_(sociology), https://en.wikipedia.org/wiki/Knowledge",mängime
UCF6RznPNaCcG6rS_0ueyRzg,Husse Eesti,"🇸🇪Husse on Rootsi toidutootja, kellel on koertele, kassidele ja hobustele toidu tootmisel üle 30 aasta kogemusi🏆 Meie missioon - tagada, et kõik lemmikloomad saaksid elada tervislikult🐾",@husseeesti,5,16753,61,False,2024-04-15T11:46:57.941419Z,,,,UUF6RznPNaCcG6rS_0ueyRzg,"https://en.wikipedia.org/wiki/Pet, https://en.wikipedia.org/wiki/Lifestyle_(sociology)",eesti toit
UCcvPxDBhM0pB3jYlmFZsypg,Tartu Bussid Live.,"Explore Tartu through the eyes of a city bus driver. My unedited videos, filmed from the windshield of my bus, showcase different routes and times of day, capturing the real-time pace and sounds of the journey. Experience the charm of Tartu as if you're sitting right next to me, with live sounds recorded by the camera. These videos, made with love for Tartu, offer a relaxing escape and an authentic view of daily life in our small town. Join me on a soothing ride through the heart of Tartu. -----",@tartubussidlive,164,18671,36,False,2024-01-13T07:52:48.36406Z,EE,et,"""Tartu Bussid"" ""Tartu Estonia"" Tartu TartuBussidLive ""Tartu linnatransport""",UUcvPxDBhM0pB3jYlmFZsypg,https://en.wikipedia.org/wiki/Lifestyle_(sociology),tartu
UCLfAFm9Z-FKIkslpng_8xwQ,Pall on ümmargune,"Korvpallipodcast 🎙️🏀 Euroliiga, Eesti korvpall ja muud põletavad teemad!",@pallonummargune,111,11051,44,False,2024-08-31T06:55:38.082365Z,EE,,Korvpall Jalgpall Basketball Football Sport,UULfAFm9Z-FKIkslpng_8xwQ,"https://en.wikipedia.org/wiki/Sport, https://en.wikipedia.org/wiki/Basketball",eesti sport
UCkBh04a_mZAtv7k6XIDrhvw,longero london,http://pawns.app/?r=igor http://t.me/poliitikafoorum,@longerolondon2606,8,1273,112,False,2024-10-14T14:28:02.475291Z,EE,,Huumor web3,UUkBh04a_mZAtv7k6XIDrhvw,,eesti uudised
UCtzD-O7o-xbV36COFGV52-g,BK Eesti AS,"BK Eesti AS is a private capital company specialized in distribution of alarm systems and equipment. The business was established in 1994 and the region of intensive activity covers Lithuania, Latvia and Estonia.",@bkeestias,428,2010353,103,False,2013-12-10T12:24:39Z,EE,,Turvaseadmete hulgimüük turvakaamerad,UUtzD-O7o-xbV36COFGV52-g,"https://en.wikipedia.org/wiki/Technology, https://en.wikipedia.org/wiki/Lifestyle_(sociology)",eesti tech
UC7v4OM4YegLTDATmsLYfIAA,TJK Legion,,@tjklegion,59,72469,12,False,2009-05-19T14:31:38Z,,,,UU7v4OM4YegLTDATmsLYfIAA,"https://en.wikipedia.org/wiki/Association_football, https://en.wikipedia.org/wiki/Sport",eesti jalgpall
UCSu0X0XFCYjFbwbxjW09Pvg,Tartu Pauluse,Tartu Pauluse koguduse jumalateenistuste otseülekanded ja järelvaatamine,@tartupauluse,839,209888,641,False,2015-04-16T10:14:18Z,EE,,,UUSu0X0XFCYjFbwbxjW09Pvg,"https://en.wikipedia.org/wiki/Religion, https://en.wikipedia.org/wiki/Society",tartu
UCSkUXhxLFtP0AZ-nqt-RjUg,Uued Uudised,Rahvuskonservatiivne uudiste- ja arvamusportaal,@uueduudisedtv,1450,535575,197,False,2025-01-31T18:31:19.756958Z,,,,UUSkUXhxLFtP0AZ-nqt-RjUg,"https://en.wikipedia.org/wiki/Politics, https://en.wikipedia.org/wiki/Society",eesti poliitika
UCQtHBEcLNLGzetlFNjdzGfQ,Hiiumaa TantsuFestival,,@hiiumaatantsufestival2104,6,1209,3,False,2014-04-02T10:27:50Z,,,,UUQtHBEcLNLGzetlFNjdzGfQ,"https://en.wikipedia.org/wiki/Entertainment, https://en.wikipedia.org/wiki/Lifestyle_(sociology)",hiiumaa
UCjJYq1vo3o43MelI-e0YQlA,EMK Tallinna Vene Kogudus,,@emktallinnavenekogudus,613,77953,385,False,2014-05-22T21:30:37Z,,,,UUjJYq1vo3o43MelI-e0YQlA,"https://en.wikipedia.org/wiki/Society, https://en.wikipedia.org/wiki/Religion",tallinn
UCSaL4JM5VFzoM7y5oJ2sqAg,Miiu ja Hundikutsikad,"Elustiiliblogija, kolme lapse ema, väikeettevõtja, kokandusentusiasti ja pesapunuja elu videopildis. Tere tulemast minu kanalile! Instagram: http://www.instagram.com/miiunaator",@miiujahundikutsikad,21800,12064032,374,False,2008-12-16T18:22:42Z,EE,et,"""eesti blogija"" ""eesti vlog"" pere family kids lapsed",UUSaL4JM5VFzoM7y5oJ2sqAg,"https://en.wikipedia.org/wiki/Lifestyle_(sociology), https://en.wikipedia.org/wiki/Hobby",minu elu
UCWNhelLcUWHn-K0ClrIu7tg,Eesti Võrkpalli Liit,Eesti Võrkpalli Liit / Estonian Volleyball Federation / Eesti Võrkpall / volley.ee,@volleyee,476,83263,182,False,2011-02-02T10:07:20Z,EE,,"""Eesti Võrkpalli Liit"" ""Estonian Volleyball Federation""",UUWNhelLcUWHn-K0ClrIu7tg,"https://en.wikipedia.org/wiki/Association_football, https://en.wikipedia.org/wiki/Volleyball, https://en.wikipedia.org/wiki/Sport, https://en.wikipedia.org/wiki/Basketball, https://en.wikipedia.org/wiki/Lifestyle_(sociology)",eesti sport
UCOj-YHfMNccSw3W_3xGoNhg,Maarit Olbri,Hei olen Maarit Olbri ja livin la vida loca :) Instagram - @maaritolbri 🍁,@maaritolbri,4220,1495883,254,False,2011-12-22T20:51:01Z,,,,UUOj-YHfMNccSw3W_3xGoNhg,https://en.wikipedia.org/wiki/Lifestyle_(sociology),eesti vlog
UCtuepRatEu5cCgQ15Hs7wKg,Tartu Noortekoor,"Tartu Noortekoor on linna gümnasistidest ja tudengitest koosnev segakoor. Koori eesmärgiks on pakkuda lauljatele laulurõõmu, enda muusikalise arendamise võimalust ja mõnusat sõpruskonda ning publikule ilusaid ja huvitavaid kontserdielamusi. Tartu Youth Choir is a mixed choir consisting of the town's university and high school students. Its aim is to give young people a chance for musical development in a friendly atmosphere and to provide audiences with interesting and diverse performances.",@tartunoortekoor,207,118536,106,False,2010-11-03T22:08:56Z,EE,,,UUtuepRatEu5cCgQ15Hs7wKg,"https://en.wikipedia.org/wiki/Classical_music, https://en.wikipedia.org/wiki/Music, https://en.wikipedia.org/wiki/Christian_music",tartu
UCiWX2KyFx8uiWTADpXfzYTQ,Rein Liiv,,@tiigu,1,3700,10,False,2006-12-01T20:24:58Z,,,,UUiWX2KyFx8uiWTADpXfzYTQ,"https://en.wikipedia.org/wiki/Christian_music, https://en.wikipedia.org/wiki/Jazz, https://en.wikipedia.org/wiki/Music, https://en.wikipedia.org/wiki/Performing_arts, https://en.wikipedia.org/wiki/Lifestyle_(sociology)",eesti teater
UCBIac9NJlwCHXzdmdfhVW0A,Võru Kreutzwaldi Kool,Võrumaa suurima põhikooli youtube kanal,@vorukreutzwaldikool3241,63,17363,26,False,2019-12-16T09:52:46.830595Z,EE,,,UUBIac9NJlwCHXzdmdfhVW0A,"https://en.wikipedia.org/wiki/Entertainment, https://en.wikipedia.org/wiki/Lifestyle_(sociology), https://en.wikipedia.org/wiki/Music",võrumaa
UCpOqMb7OKs5u2XhAbetUMjg,TalTech Eesti Mereakadeemia,"TalTech Eesti Mereakadeemia on ainus merendusalast rakenduskõrgharidus- ja magistriõpet võimaldav õppeasutus Eestis. Merendussektor on väga lai – näiteks veetakse meritsi  96% maailmas transporditavast kaubast. Sektori edukaks toimimiseks nii merel kui ka maal on vaja kompetentsi, mida meie juures saab omandada.  Meie lõpetajad on ülemaailmselt hinnatud juhid ja spetsialistid, kes vastutavad erinevate merendusvaldkonna protsesside eest, alustades sadamate majandamisest ja elamusettevõtlusest k",@taltecheestimereakadeemia,173,78973,167,False,2014-06-01T15:56:46Z,EE,,mereharidus mereakadeemia eestimereakadeemia akadeemia taltech tallinnatehnikaülikool ülikool tallinn ttü tehnikaülikool kopli laevajuhtimine laevajuht eriala kapten tüürimees meremees vorm pagunid rakenduskõrgharidus rakenduskõrgkool meri sadam laev tudeng üliõpilane rutiinivaba rahvusvaheline rahvusvahelisus diplom maailm aerud laevamehaanika laevamehaanik masinaruum mootor sõukruvi põtkur masin diisel kruiisilaev kaubalaev tanker merendus laevandus veeteed veeteedehaldamine mereveondus sadamatöö logistika konteiner logistik,UUpOqMb7OKs5u2XhAbetUMjg,"https://en.wikipedia.org/wiki/Society, https://en.wikipedia.org/wiki/Knowledge",eesti toit
UCFyKbTmPVh2q8QHti0KA40w,Tark Valija,"Kui tahad sügisel toimuvatel KOV valimistel rohkem kaasa rääkida või lihtsalt paremini aru saada, mis poliitkas toimub, siis oled õiges kohas. Teeme selgeks, mis valimised üldse on, miks need on olulised ja kuidas teha teadlik otsus. ☝️",@tarkvalija,13,2006,6,False,2025-07-20T11:10:03.429904Z,,,,UUFyKbTmPVh2q8QHti0KA40w,https://en.wikipedia.org/wiki/Lifestyle_(sociology),kuidas teha
UC9yL8OdLI_vVoxS3LmjfbJQ,Sõpruse Puiestee - Topic,,,844,1824848,94,False,2013-12-20T18:52:41Z,,,,UU9yL8OdLI_vVoxS3LmjfbJQ,"https://en.wikipedia.org/wiki/Independent_music, https://en.wikipedia.org/wiki/Electronic_music, https://en.wikipedia.org/wiki/Music, https://en.wikipedia.org/wiki/Pop_music",eesti reis
UC7y-gS2ITWz7fziENNreznQ,Laulu- ja tantsupidu,"Eesti Laulu- ja Tantsupeo Sihtasutuse (ELT SA) tegevuse põhieesmärk on Eesti laulu- ja tantsupidude traditsiooni arendamine ning järeltulevatele põlvedele hoidmine. ELT SA visioon on hoida ning loovalt arendada traditsiooni, mis omab suurt tähendusvälja ja mis toetab vaimselt sidusa ühiskonna arengut. Laulu- ja tantsupidu on Eesti kultuuri unikaalne traditsioon ning rahva ühisomandina Eesti rahvusliku identiteedi lahutamatu osa, mis peab olema vaba poliitikast ja kommertslikkusest. Laulu- ja ta",@laulujatantsupidu,3540,2486582,272,False,2013-10-29T10:33:12Z,EE,,,UU7y-gS2ITWz7fziENNreznQ,"https://en.wikipedia.org/wiki/Classical_music, https://en.wikipedia.org/wiki/Music",eesti laulud
UCndCHujba-cNjxPd6n8Th9Q,Tavid,Tavid on suurim väärismetallide müüja Põhja-Euroopas. Aastast 1991. https://tavid.ee/,@tavexgroup,2180,464715,70,False,2017-12-05T09:34:29Z,EE,,"investeerimiskuld kuld investeerimine hõbe ""füüsiline kuld"" ""kulda investeerimine""",UUndCHujba-cNjxPd6n8Th9Q,"https://en.wikipedia.org/wiki/Society, https://en.wikipedia.org/wiki/Knowledge",eesti kultuur
UCOz6fx-2duPUqd9hTsXDehw,Vene Kultuurikeskus,"Vene Kultuurikeskus (Mere pst 5), Tallinn, Eesti Центр русской культуры (бульвар Мере 5), Таллинн, Эстония www.venekeskus.ee",@venekultuurikeskus_tallinn,50,5932,60,False,2020-04-05T22:50:53.28413Z,EE,,"""Центр русской культуры"" ""Vene Kultuurikeskus"" культура kultuur Таллинн Tallinn Эстония Eesti",UUOz6fx-2duPUqd9hTsXDehw,"https://en.wikipedia.org/wiki/Lifestyle_(sociology), https://en.wikipedia.org/wiki/Music, https://en.wikipedia.org/wiki/Performing_arts",eesti teater
UCjlsDgqmqHgmPhavO8RigNw,UMA MEKK - Vana-Võromaa kohalik toit ja jook,,@umamekk-vana-voromaakohali4955,11,16939,42,False,2021-05-19T18:32:28.69367Z,,,,UUjlsDgqmqHgmPhavO8RigNw,"https://en.wikipedia.org/wiki/Lifestyle_(sociology), https://en.wikipedia.org/wiki/Food",eesti toit
UCqcjGWTuwnX3gT2UZ4s0kaQ,Oliver Vaab,,@olivervaab78,9,506,2,False,2018-10-01T16:53:19Z,,,,UUqcjGWTuwnX3gT2UZ4s0kaQ,https://en.wikipedia.org/wiki/Lifestyle_(sociology),kuidas teha
UCZb9CNGYaPILgXve2w_hiMw,ETPF,"Eesti Turniiripokkeri videokanal, kuhu proovime koguda erinavaid Eesti Pokkeriga seotud videosid aegade algusest.",@etpf1287,26,5418,21,False,2020-04-24T12:38:14.245163Z,,,,UUZb9CNGYaPILgXve2w_hiMw,"https://en.wikipedia.org/wiki/Lifestyle_(sociology), https://en.wikipedia.org/wiki/Sport",proovime
UCNzg1EoG3Fsc5ndlYg_mNhw,Eesti Muusika,,@eestimuusika5141,0,4104,1,False,2014-04-15T16:02:15Z,,,,UUNzg1EoG3Fsc5ndlYg_mNhw,,eesti muusika
UC42h_CznRDFw7Hchq_3j2zA,Saaremaa KULD,"Saaremaa KULD kanalil soovime näidata Teile meie tegemisi, mis seonduvad mesinduse ja toiduga üldiselt.",@saaremaakuld2249,5,2069,13,False,2021-04-14T18:29:50.466521Z,EE,,,UU42h_CznRDFw7Hchq_3j2zA,https://en.wikipedia.org/wiki/Lifestyle_(sociology),saaremaa
UCSXhPXM3AXhmK9slL3g_nxw,Pärnu Yhisgymnaasium,Pärnu Ühisgümnaasiumi kanal.,@parnuyhisgymnaasium7928,28,9207,9,False,2017-01-31T10:43:23Z,,,,UUSXhPXM3AXhmK9slL3g_nxw,"https://en.wikipedia.org/wiki/Music, https://en.wikipedia.org/wiki/Pop_music",pärnu
UCrWGR1pdYT7-SZsjR16KeGQ,Tartu Tudengipäevad,www.studentdays.ee,@tartustudentdays,119,39557,58,False,2012-02-15T10:19:40Z,,,,UUrWGR1pdYT7-SZsjR16KeGQ,"https://en.wikipedia.org/wiki/Music, https://en.wikipedia.org/wiki/Lifestyle_(sociology)",tartu
UC0CuhUfI6-F5qsCq8AJKyBA,Eesti Merevägi,"Mereväe ametlik kanal, kus kajastatakse teenistust nii sõnas kui pildis.",@eestimerevagi,289,40592,17,False,2020-11-18T12:13:36.168266Z,EE,,Merevägi navy sõdurileht kaitsevägi tuukrid laevad miinijahtimine miinijahtija ajateenija ohvitser,UU0CuhUfI6-F5qsCq8AJKyBA,"https://en.wikipedia.org/wiki/Military, https://en.wikipedia.org/wiki/Society",eesti
UC0MXBwJ8jKiiZ6_Dp4ieZiA,FC Ajax Tallinn,Футбольный клуб / jalgpalli klubi,@fcajaxtallinn5001,157,24248,45,False,2015-08-31T11:01:43Z,,,,UU0MXBwJ8jKiiZ6_Dp4ieZiA,"https://en.wikipedia.org/wiki/Sport, https://en.wikipedia.org/wiki/Association_football",eesti jalgpall
UCgDLveuunnofAMbMgxpning,Proovikivi,"Tere tulemast! Proovikivi toob kokku noored, ettevõtted, vabaühendused ja riigiasutused, et ühiselt panustada Eesti ja maailma arengusse – löö Sinagi kaasa!  Mis on Proovikivi? Proovikivi on hariduslik koostööprogramm ja peatselt ka veebiplatvorm, mis aitab noortel kasvada  vastutustundlikuks maailmakodanikuks juba koolieast alates. Ettevõtted,  riigiasutused ja vabaühendused jõuavad läbi programmi ägedate ideede ja tulevaste töötajateni. Juriidiline aadress Nimi: Mittetulundusühing GTL Lab R",@proovikivi1008,27,8048,46,False,2020-09-08T07:56:30.304146Z,EE,,,UUgDLveuunnofAMbMgxpning,"https://en.wikipedia.org/wiki/Society, https://en.wikipedia.org/wiki/Knowledge",eesti haridus
UCZLysx0KYp2h4Yv9qQeYy7A,Mai’s Kitchen,"Creating and sharing simple, tasty and nourishing recipes, foraging, fermentation ideas, making herbal tinctures, salves, potions. Teaching cooking and fermentation classes. Catering services, retreats, private classes and parties, consultations.",@tiiiip,289,13366,57,False,2007-04-18T15:51:07Z,,,,UUZLysx0KYp2h4Yv9qQeYy7A,"https://en.wikipedia.org/wiki/Lifestyle_(sociology), https://en.wikipedia.org/wiki/Food",kuidas teha
UChbox1ga21TWZyomRsoXFDA,Eesti Teatriuurijate ja -kriitikute Ühendus,Eesti Teatriuurijate ja -kriitikute Ühenduse videokanal,@eestiteatriuurijateja-krii4077,17,1036,12,False,2019-12-02T20:46:40.805698Z,EE,,"theatre theater ""performing arts"" ""theatre studies"" education",UUhbox1ga21TWZyomRsoXFDA,"https://en.wikipedia.org/wiki/Entertainment, https://en.wikipedia.org/wiki/Lifestyle_(sociology), https://en.wikipedia.org/wiki/Performing_arts, https://en.wikipedia.org/wiki/Knowledge",eesti kunst
UCItK-8pcfsubryHAF8nq6sA,Bärbel Moros,"Sinu TikToki bestu nüüd ka YouTube's! 🤩 Ma NII valmis, et teile pikka sisu luua. 🫡",@b2rbelmoros,2750,121523,28,False,2021-07-03T07:46:20.294695Z,EE,,"reisimine vlog ""eesti youtuber"" eesti ""eesti youtube"" elu challenge väljakutse suhted toit vlogid",UUItK-8pcfsubryHAF8nq6sA,"https://en.wikipedia.org/wiki/Lifestyle_(sociology), https://en.wikipedia.org/wiki/Tourism",eesti vlog
UCS89BTgYmPYwD_fTVp2WWjg,Ettearvamatu minevik,Teemaks on ajalugu ja poliitika ning laiemalt ühiskonnas toimuv.,@ettearvamatuminevik4265,417,195849,132,False,2022-09-24T08:47:38.930936Z,,,,UUS89BTgYmPYwD_fTVp2WWjg,"https://en.wikipedia.org/wiki/Television_program, https://en.wikipedia.org/wiki/Society, https://en.wikipedia.org/wiki/Politics",eesti ajalugu
UCH-Ew2ko6xnSVKZJ5WhKcSA,Ehtne Saaremaa,"Võida luksuslik nädavahetus neljale Saaremaal väärtusega 1500€ ! TEE NII Osta ajavahemikul 13.11.2018 – 10.12.2018 ükskõik millisest Selveri kauplusest või e-poest Partnerkaardiga vähemalt kaks Saaremaa ehtsat toodet, mis osalevad kampaanias. Mida rohkem oste, seda suurem võiduvõimalus. Rohkem ei pea sa midagi tegema! Võitja loositakse välja hiljemalt 17.12.2018 ning võitjaga võetab Selver ühendust Partnerkaardi kontaktandmetel. MIS ON AUHINNAKS  Kui õnn Sulle naeratab, siis veedad neljak",@ehtnesaaremaa9781,2,846,10,False,2018-11-13T10:36:39Z,,,,UUH-Ew2ko6xnSVKZJ5WhKcSA,"https://en.wikipedia.org/wiki/Tourism, https://en.wikipedia.org/wiki/Lifestyle_(sociology), https://en.wikipedia.org/wiki/Hobby",saaremaa
UCcgH60r-dBSpHy0YuQVQI8Q,Avasta Agniga,"Kanal on suunatud lastele (alusharidus ja noorem kooliiga), lastevanematele ja õpetajatele, et anda inspiratsiooni lapse ja täiskasvanu vaheliseks dialoogiks. Videod on kokku pandud eesmärgiga toetada lasteaias, koolis või lapse enda huvist tõusnud teemakäsitlust. Igas videos on mitu kattuvat teemat, mis võivad sobida erinevate huvialade sissejuhatuseks või edasiarenduseks. Videod ei ole kindlasti mitte ühe teema lõplik käsitlus, vaid üks aspekt laiemast õppeprotsessist, mida täiskasvanu saab te",@avastaagniga,7,892,22,False,2023-04-21T07:48:51.490044Z,,,,UUcgH60r-dBSpHy0YuQVQI8Q,"https://en.wikipedia.org/wiki/Tourism, https://en.wikipedia.org/wiki/Lifestyle_(sociology), https://en.wikipedia.org/wiki/Hobby",eesti loodus
UCJkrD8e-94-saoSoMP3SroQ,Dope Estonia,"Mina tegelen siin kanalil Eesti laulude Bass Boostimisega. Kui sulle meeldivad Eesti laulud ja kvaliteetne Bass Boost siis ma soovitan vajutada Subscribe. Olin Eestis üks esimesi kes hakkas sellega tegelema, mu vana kanal oli Bass House Eesti aga see võeti kahjuks maha Copyright Strikede pärast. Hetkel on YouTubes palju kanaleid mis tegelevad Bass Boostimisega aga mina teen oma videoid nii, et (esimeseks) oleks kuulda sõnu. Paljud Bass Boosted videod on sellised kus laulja hääl on väga vaikne, m",@dopeestonia4300,41,3388,4,False,2018-07-10T09:24:24Z,EE,,,UUJkrD8e-94-saoSoMP3SroQ,"https://en.wikipedia.org/wiki/Electronic_music, https://en.wikipedia.org/wiki/Hip_hop_music, https://en.wikipedia.org/wiki/Music, https://en.wikipedia.org/wiki/Pop_music",eesti laulud
UC5l2HeF7CDgwOZz4ZmQ5O6A,TalTech Majandusteaduskonna Üliõpilaskogu,"Tere hea tudeng ja majandushuviline!  Meie oleme Tallinna Tehnikaülikooli Majandusteaduskonna Üliõpilaskogu, igapäevases kasutuses kutsume end MTÜKiks.  Meie kanalilt võid leida meie omaenda korraldatud hariduslike ürituste salvestusi, otseülekandeid kui ka meie podcasti!  Väärtustame tudengite enesearengust ja aktiivsust. Telli meie kanalit, et olla kursis meie tegemistega! Leia meid ka teistelt platvormidelt: https://www.instagram.com/taltech_mtuk/ https://www.facebook.com/ttumtuk",@taltechmajandusteaduskonna9658,543,62217,74,False,2020-11-25T12:28:05.314256Z,,,,UU5l2HeF7CDgwOZz4ZmQ5O6A,https://en.wikipedia.org/wiki/Society,eesti podcast
UC2-Q8m3pHhsUipO--hcPv4A,Võro Instituut,Võru Instituut on 1995. aastal Kultuuriministeeriumi juurde loodud teadus- ja arendusasutus. Instituudi tegemised puudutavad peamiselt ajaloolist Võrumaad ja aitavad elus hoida võrukestele omast keelt ja kultuuri.,@voroinstituut8878,128,37718,96,False,2020-04-23T10:35:46.606096Z,EE,,,UU2-Q8m3pHhsUipO--hcPv4A,"https://en.wikipedia.org/wiki/Hobby, https://en.wikipedia.org/wiki/Music, https://en.wikipedia.org/wiki/Knowledge, https://en.wikipedia.org/wiki/Lifestyle_(sociology)",eesti teadus
UC6NpgbeXkP_UO-rS5HP0tbQ,Ysse Aknad ja Uksed,,@ysseaknadjauksed3738,20,4071,4,False,2018-01-07T10:58:12Z,,,,UU6NpgbeXkP_UO-rS5HP0tbQ,"https://en.wikipedia.org/wiki/Lifestyle_(sociology), https://en.wikipedia.org/wiki/Hobby",eesti reis
UCirb1htBPQrTGuGnJ0r-BaQ,palich 2.0,,@palich2.058,50,18448,61,False,2022-03-20T13:01:23.905244Z,EE,,,UUirb1htBPQrTGuGnJ0r-BaQ,"https://en.wikipedia.org/wiki/Sport, https://en.wikipedia.org/wiki/Association_football",eesti jalgpall
UCPiAWzCLT169e_2hMRTmUjA,Korp! Ugala,,@korpugala6919,8,598,1,False,2017-10-07T10:24:47Z,,,,UUPiAWzCLT169e_2hMRTmUjA,,eesti jalgpall
UCBtH2s9bvR7AEemuTTbe0tw,Forum Cinemas kinoklubi,,@forumcinemaskinoklubi6514,114,279227,74,False,2017-05-26T09:21:43Z,EE,,"""Movie Theatre"" ""Cinema Chain""",UUBtH2s9bvR7AEemuTTbe0tw,"https://en.wikipedia.org/wiki/Film, https://en.wikipedia.org/wiki/Entertainment",eesti meelelahutus
UCMoMM9TL9zEh9wbScYnzpvA,Mimmi maailm,videod minu seiklustest ja mänguasjadest,@mimmimaailm1013,23,3519,18,False,2019-08-18T18:48:13Z,,,,UUMoMM9TL9zEh9wbScYnzpvA,"https://en.wikipedia.org/wiki/Lifestyle_(sociology), https://en.wikipedia.org/wiki/Food",proovime
UCe7unHmCeEh7zT8KqKeMjLA,Ukraina24 (Eestikeelse tõlkega videod Ukrainast),Eestikeelse tõlkega videod otse Ukraina rinnetelt.,@ukraina24ee,23,4399,50,False,2025-03-28T16:37:21.739735Z,EE,,Ukraine War Russia,UUe7unHmCeEh7zT8KqKeMjLA,"https://en.wikipedia.org/wiki/Politics, https://en.wikipedia.org/wiki/Society",eesti keeles
UCk7ergn_5N_BWZ_FINiXwFQ,olkzzzzz,"Olen tavaline Eesti poiss, kellele meeldib tehnika ja videomängud. Siit kanalilt leiate palju Minecrafti, kuid ka palju muid mänge. Minu huvideks on arvutimängud, programmeerimine, jalgpall, elektroonika jms. Loodan, et teil on siin kanalil huvitav.",@olkzzzzz,53,564,1,False,2013-04-18T15:07:48Z,,,,UUk7ergn_5N_BWZ_FINiXwFQ,,eesti programmeerimine
UCn-Ea4EEieUtN5KCw7ruXNQ,ROG Tennis Eesti,"ROG Tennis on Eesti Tennise Liidu projekt, mille põhieesmärk on Eesti U10 mängijate arendamine läbi nende treenerite koolitamise. Koolitustegevuse keskmeks on kompetentsid, mida mängijad peaksid omandama teatud arenguetappides. Siia kanalile laetakse üles mõningad näited/ideed (lugematust hulgast) harjutustest, mis aitavad mängijatel neid kompetentse saavutada.  Lisainfo projekti kohta: https://tennis.ee/u10-projekt/",@rogtenniseesti2773,31,3488,128,False,2022-08-27T14:25:16.997701Z,EE,,,UUn-Ea4EEieUtN5KCw7ruXNQ,"https://en.wikipedia.org/wiki/Tennis, https://en.wikipedia.org/wiki/Sport, https://en.wikipedia.org/wiki/Lifestyle_(sociology)",eesti sport
UCphcM4meQWzt63b0vd06yUg,Sasha Alexander,"2025 Uus show LEHTMEES  https://fienta.com/et/aleksander-eeri-stand-up-lehtmees Komöödiasaade 'Eeri olukord!':  https://www.youtube.com/watch?v=vNlyB1ug7Kg&list=PLoyLkiLUkeR4N41qhnX5IU-TVRN4ypkea Inspireerides teadlikumat maailma: https://www.youtube.com/watch?v=A1HD1ECtNnk&list=PL-1_sGXnA6z5IAC3puMNWNUnOOS-pe2MS Paabeli torn Kivisildnikuga: https://www.youtube.com/watch?v=toC0BazVUj4 Jordan Petersonist Kärt Kunnusega: https://www.youtube.com/watch?v=KqwlSKO1V2I Siltidest, keelest, sõnadest",@sasha.alxander,873,185182,58,False,2019-11-21T11:49:13.170825Z,,,,UUphcM4meQWzt63b0vd06yUg,"https://en.wikipedia.org/wiki/Film, https://en.wikipedia.org/wiki/Entertainment, https://en.wikipedia.org/wiki/Humour, https://en.wikipedia.org/wiki/Performing_arts",eesti komöödia
UCUG4vSs16kJiQp0RhXVpeaw,1 April Production,,@1aprilproduction,6,1276,13,False,2024-09-08T19:43:21.70038Z,,,,UUUG4vSs16kJiQp0RhXVpeaw,"https://en.wikipedia.org/wiki/Hobby, https://en.wikipedia.org/wiki/Lifestyle_(sociology)",eesti teater
UCTmqy8QO5dgdBJ1Qu1JLmWQ,Janno Jaadla,Experience the hunting culture of wild Estonia. http://wildest.ee/ You have a one of a kind opportunity -- we offer some wild hunting and fishing trips all over Estonia. You can choose what & when you want to hunt or fish and we'll arrange everything from A-Z.,@jannojaadla1847,20,19486,15,False,2013-08-06T09:54:46Z,,,"""hunting in estonia"" ""fishing in estonia""",UUTmqy8QO5dgdBJ1Qu1JLmWQ,"https://en.wikipedia.org/wiki/Pet, https://en.wikipedia.org/wiki/Lifestyle_(sociology), https://en.wikipedia.org/wiki/Hobby",eesti reis
UCurumxwX5orJRdXvooisBNA,Dmitri Jarvala,"Minu missioon on rõõmustada inimesi mitte ainult muusikaga, vaid ka oma lauludega. Sel raskel ajal püüan muuta oma laulud võtmeks, mis avab SINU külmunud südame ja süütab selles hea soojuse. Create a ready-made musical piece with lyrics, music that can be dedicated to your loved one, wedding music, music that stimulates you, and many other possibilities. Sell music + lyric texts ( full pack )  PM me autocom90@outlook.com",@dmitrijarvala,4160,72217,30,False,2023-12-27T15:25:20.536873Z,EE,en,"Estonia Tallinn Tartu ""Elagu eesti"" Eesti ""tommy cash"" music topmusic fyp channel tiktok top best recomendations rap drumandbass",UUurumxwX5orJRdXvooisBNA,"https://en.wikipedia.org/wiki/Pop_music, https://en.wikipedia.org/wiki/Music, https://en.wikipedia.org/wiki/Electronic_music",eesti laulud
UCuMAH3e24bAsOicpzBKZM-Q,Loominguline Ühiskond Eesti,"«Loominguline ühiskond» on kogu inimkonna projekt, mis pakub võimaluse viia meie tsivilisatsioon võimalikult kiiresti ja rahumeelselt uuele evolutsioonilisele arenguetapile. Selle projekti peamine eesmärk on: EHITADA ÜLEMAAILMSELT  LOOMINGULINE ÜHISKOND, kus inimelu on kõrgeima väärtusega. PROJEKTI ÜLESANDED: -Luua tingimused loomingulise ühiskonna rahumeelseks ülesehitamiseks kogu planeedil. -Saada teada inimeste arvamust kogu maailmas, kas nad tahavad elada loomingulise ühiskonna formaadis ja",@loomingulineuhiskondeesti,143,28140,690,False,2021-03-16T17:21:45.320425Z,EE,,"estonia LoomingulineÜhiskond GlobaalneKriis Kliima Loomingulineühiskond ökoloogia ""Me tahame elada"" ""Me oleme inimesed""",UUuMAH3e24bAsOicpzBKZM-Q,https://en.wikipedia.org/wiki/Society,eesti ajalugu
UCaNnrnVIMb7z49vJxwo7FMw,BazarEstonia,,@bazarestonia4191,47,5324,58,False,2018-04-11T07:07:45Z,,,День обсуждений BAZAR,UUaNnrnVIMb7z49vJxwo7FMw,https://en.wikipedia.org/wiki/Society,eesti kultuur
UCNaQ5L5nEdbb3k8FSSfu0xA,Ralf Paldermaa,"SUBSCRIBE = GOOD VIBES Hei! Olen Ralf - Eesti sisulooja, videograaf, muusik ja digiturunduse tudeng, kellel on üle 7 aasta kogemust videotööde ja sotsiaalmeedia sisuloomega. Siit kanalilt leiad hubaseid vloge, gamingut, naljakaid challenge videoid ning potentsiaalselt ka peotäie inspiratsiooni! Loodan, et minu videod ja striimid saavad sulle meelelahutuseks olla 😎 👇 Jälgi mind Gaming kanal - @ismaralf Instagram - @ralfpaldermaa Gaming Instagram - @ismaralf 💬 Liitu Playerite Discordiga: https:",@ralfpaldermaa,13800,4274903,415,False,2012-12-01T13:49:41Z,EE,,,UUNaQ5L5nEdbb3k8FSSfu0xA,"https://en.wikipedia.org/wiki/Lifestyle_(sociology), https://en.wikipedia.org/wiki/Video_game_culture",eesti vlog
UC2QFN3hxSjRy6-KjiMurEzw,Planeet Vicky,"Hei, mina olen Vicky aka Victoria Villig! Siin vlogi kanalil näete te minu põnevat elu. Näitan teile kaadritaguseid tulevastets videotest, üritusi, kus osalen, enda koolipäeva, võtan teid reisidele kaasa ja palju muud. SUBSCRIBE kohe ja sheeri ka sõpradele! Kõik minu sotsiaalmeedia leiate siit alt, kaasa arvatud minu peamise youtube kanali :)",@planeetvicky,27700,8759440,163,False,2016-11-19T17:37:21Z,EE,,"""planeet vicky"" ""victoria villig vlog"" vlogid kokkamine ""lihtsad ja kiired retseptid"" ""tervislikud retseptid"" reisivlogid reisimine",UU2QFN3hxSjRy6-KjiMurEzw,https://en.wikipedia.org/wiki/Lifestyle_(sociology),eesti vlog
UCgwlUlWo_PFMI7kDzJAY17g,Univere Laine,"Univere Laine, elades kauni nimekaimu külas, on südantsoojendav koduansambel, mis on õilistanud meie kõrvu juba aastate kaupa. Nende muusikaline võlu sai 2018. aastal tunnustatud Euroopa külabändide konkursil, võttes õilsa laureaaditiitli, vaid napilt jäädes alla meeleolukale ansamblile Village People. Kõik, kes ihkavad teada, kus elab see kaunis Laine või kuidas kostab aastal 2018 maailma populaarseim Eesti külabänd, olge lahkesti tervitatud Urissaare Kantrile! Valik on teie, kas tänavu või jä",@univerelaine,35,9901,9,False,2023-05-19T08:46:10.976234Z,,,,UUgwlUlWo_PFMI7kDzJAY17g,"https://en.wikipedia.org/wiki/Rock_music, https://en.wikipedia.org/wiki/Music",eesti rahvamuusika
UClSJSSc2LO_U8xzosviAEpw,Pärnu Haigla,,@parnuhospital,80,47732,16,False,2013-10-30T12:09:06Z,,,,UUlSJSSc2LO_U8xzosviAEpw,"https://en.wikipedia.org/wiki/Knowledge, https://en.wikipedia.org/wiki/Health, https://en.wikipedia.org/wiki/Lifestyle_(sociology)",pärnu
UCaNFI7jDj_WCZNvok6F11UQ,Eesti Rahvatantsu Videod,"TEGEMIST EI OLE TANTSUPEO AMETLIKU KANALIGA, VAID KANAL ON MÕELDUD ÕPPEVIDEOTE LIHTSAMAKS VAATAMISEKS! SEOS TANTSU- JA LAULUPEO KORRALDUSMEESKONNAGA PUUDUB TÄIELIKULT!",@eestirahvatantsuvideod4354,326,352818,28,False,2018-11-05T09:59:50Z,,,,UUaNFI7jDj_WCZNvok6F11UQ,"https://en.wikipedia.org/wiki/Music, https://en.wikipedia.org/wiki/Performing_arts, https://en.wikipedia.org/wiki/Lifestyle_(sociology), https://en.wikipedia.org/wiki/Entertainment",eesti rahvamuusika
UCrGFyN2z3D_ZP-4LkrFszng,Ole Teadlik,,@oleteadlik3402,269,61285,12,False,2013-11-18T09:37:45Z,,,,UUrGFyN2z3D_ZP-4LkrFszng,"https://en.wikipedia.org/wiki/Society, https://en.wikipedia.org/wiki/Politics",eesti toit
UCmw86LCFE1e_G4npRo5DDcg,Teknos Eesti,"Värvid ja pinnakatted Soome perefirmalt. Looduse värvides on alati peidus midagi sügavamat kui lihtsalt silmailu, olgu selleks siis öökulli sulelise kasuka pisidetailid või päikeseloojangu varjude mäng metsas. Sellest innustatuna on ka Teknose sise-­ ja välis­värvid enamat kui tavalised pinnakatted. Need on välja töötatud oma ala tippspetsialistide poolt, kelle hulka kuuluvad aastakümnete pikkuse kogemusega teadlased ja värvieksperdid.  Teknos on kõikjal meie ümber – lisaks kodumajapidamistele",@teknoseesti,39,42883,31,False,2016-02-04T12:31:31Z,EE,,"Värvid Teknos ""Teknos Eesti"" ""Teknos OÜ""",UUmw86LCFE1e_G4npRo5DDcg,https://en.wikipedia.org/wiki/Lifestyle_(sociology),eesti loodus
UClJdWn5h6qc1YvO6YcRZFKw,Liisujaapan,Elu Jaapanis läbi minu silmade🏯,@liisujaapan,251,15464,52,False,2024-01-05T07:35:26.465419Z,,,,UUlJdWn5h6qc1YvO6YcRZFKw,"https://en.wikipedia.org/wiki/Tourism, https://en.wikipedia.org/wiki/Lifestyle_(sociology), https://en.wikipedia.org/wiki/Food",eesti reis
UCL6_pMb3C4Knxes5uSNfGDw,Healthy Protein Eesti,Lihtsad ja tervislikud retseptid. Tervislik toit ei pea tähendama maitse pealt järele andmist. Leia oma lemmik lõunasöögi retsept või õhtusöögi idee meie lehelt: healthyprotein.ee,@healthyproteineesti,38,12549,20,False,2024-01-29T10:11:53.020536Z,EE,,"retseptid ""valgurikkad toidud"" ""tervislikud retseptid"" ""õhtusöögi ideed"" ""caesari salat"" lasanje ""pasta carbonara"" ""nami nami"" toidutare",UUL6_pMb3C4Knxes5uSNfGDw,"https://en.wikipedia.org/wiki/Food, https://en.wikipedia.org/wiki/Lifestyle_(sociology)",eesti toit
UCWkEBAKa_ClwX7ZYdMx3SOw,Elu Kaitse,"Võimalus osaleda minu kanali kaasabil Oraakli kanaldustes ja live videotes, püüan postitada ajateljel ja teemade kaupa, et ühis Livevideotes oma küsimustele vastuseid saada!",@elukaitse865,134,20882,73,False,2013-10-02T10:56:45Z,,,,UUWkEBAKa_ClwX7ZYdMx3SOw,https://en.wikipedia.org/wiki/Lifestyle_(sociology),minu elu
UCrN3sBx0G2s7RVZIFgVE2Sw,RayBanRallyStyle,,@raybanrallystyle,15,5745,5,False,2012-02-19T08:55:02Z,,,,UUrN3sBx0G2s7RVZIFgVE2Sw,"https://en.wikipedia.org/wiki/Lifestyle_(sociology), https://en.wikipedia.org/wiki/Vehicle, https://en.wikipedia.org/wiki/Motorsport, https://en.wikipedia.org/wiki/Sport",võrumaa
UCfVfmRyXIxYBlOn0r3M6kCg,Hobu TV,"Tšauki!🌹 Siin kanalil teen ma videoid mudelhobustega. Loodan, et mu videod meeldivad teile! Like ja subscribe!😁💖 📷Instagram: @hobu.tv 📷",@hobutv6818,318,60902,17,False,2016-09-20T12:26:33Z,,,,UUfVfmRyXIxYBlOn0r3M6kCg,"https://en.wikipedia.org/wiki/Hobby, https://en.wikipedia.org/wiki/Lifestyle_(sociology)",kuidas teha
UCzJxKiY_JQPqgsO8wgUoMrQ,Play Tallinn,,@playtln,5,20918,30,False,2024-05-02T10:58:25.226586Z,,,,UUzJxKiY_JQPqgsO8wgUoMrQ,"https://en.wikipedia.org/wiki/Entertainment, https://en.wikipedia.org/wiki/Film",tallinn
UCazmuJ2keIjLlsQacIZz6iw,Pare Eesti,"Eesti Personalijuhtimise Ühing PARE on 1992. aastal loodud selleks, et personalitöö tegijad saaksid oma tööd paremini teha. PARE on koht, kus saab kolleegidega kraadida oma mõtteid, koguda teiste kogemust ja jagada enda oma, küsida abi, õppida ja areneda tugevaks professionaaliks. Loe lisaks PARE kodulehelt: www.pare.ee",@pareeesti319,126,14743,140,False,2013-02-28T08:50:26Z,EE,,,UUazmuJ2keIjLlsQacIZz6iw,https://en.wikipedia.org/wiki/Society,eesti keeles
UCUl6-Aas_mAtAQctt7bxxSw,Muhu tikand,,@muhutikand,355,120369,24,False,2009-08-06T07:46:17Z,,,Muhu käsitöö tikkimine joonistamine meisterdamine maalimine,UUUl6-Aas_mAtAQctt7bxxSw,"https://en.wikipedia.org/wiki/Hobby, https://en.wikipedia.org/wiki/Lifestyle_(sociology)",kuidas teha
UC96bJf37aTaQCk60GVD71qA,nahkpea,,@nahkpea,2,4387,12,False,2007-06-14T10:27:44Z,,,,UU96bJf37aTaQCk60GVD71qA,"https://en.wikipedia.org/wiki/Sport, https://en.wikipedia.org/wiki/Lifestyle_(sociology), https://en.wikipedia.org/wiki/Motorsport, https://en.wikipedia.org/wiki/Vehicle",võrumaa
UCHMpbdZlf1kwvEd2R9W-zbQ,Eesti Tõusigade Aretusühistu - ETSAÜ,,@eestitousigadearetusuhistu-ets,11,4185,18,False,2022-11-30T06:47:51.038798Z,,,,UUHMpbdZlf1kwvEd2R9W-zbQ,https://en.wikipedia.org/wiki/Lifestyle_(sociology),eesti õppimine
UC7AoPy9mVfoKEM4qnezu4Yg,Lisette Saat,,@lisettesaat,197,60118,17,False,2019-10-21T07:45:48.964641Z,,,,UU7AoPy9mVfoKEM4qnezu4Yg,"https://en.wikipedia.org/wiki/Sport, https://en.wikipedia.org/wiki/Lifestyle_(sociology), https://en.wikipedia.org/wiki/Pet, https://en.wikipedia.org/wiki/Hobby",kuidas teha
UCdO5OiToZZYoyT6AM-duVZg,SINA OTSUSTAD,"Pange Subscribe/Follow/Like, et olla alati kursis meie tegemistega ⬇ Kodulehekülg: https://www.sinaotsustad.ee/ Instagram - https://www.instagram.com/sinaotsustad/ Facebook - https://www.facebook.com/sinaotsustad/ Discord: https://discord.gg/DxQEwd4GCb See on alles algus! • Tartu-Tallinn jalgsirännak (184km, 53h, 2020 Juuni); Vaatajate abil kogusime 1780€ Sihtasutusele Lapsepuue ✔️ • HeatevusLIVE ""Saunaõhtu"" (6h, 18x jääaugu külastamist, 2021 Detsember) 1803€ Eesti Lasterikaste Perede Liidule",@sinaotsustad,16500,2633152,143,False,2018-07-03T14:05:21Z,EE,,"""Sina Otsustad"" Tartu-Tallinn Tartu ahja Burger ""Eesti burger"" ""Öö kodutuna"" ""Öö jõusaalis"" Eesti Eksperiment Katsumus ""Sander Kamenik"" ""Ranno Tamm"" ""Avastame Eestimaad"" ""Eestimaad avastades"" Elva Võru Tõrva Antsla Jõgeva Valga Karksi-Nuia Viljandi ""Avastame USA-d"" Reisivideod ""eestlased ameerikas"" hiiumaa saaremaa Muhumaa ""sina otsusta"" kodutuna ""eesti reisid"" reisivideod ""avastame jaapanit"" ""avastame itaaliat"" ""las vegas"" ""eesti youtuberid"" ""eesti linnad"" ""24h katsumus"" ""24h metsas""",UUdO5OiToZZYoyT6AM-duVZg,"https://en.wikipedia.org/wiki/Tourism, https://en.wikipedia.org/wiki/Lifestyle_(sociology)",eesti loodus
UCC2IdZkJdzAFyEn3aQUYaZQ,vlogid ja callengeid,Mulle meeldivad slimed,@vlogidjacallengeid5894,14,1290,8,False,2017-08-10T15:56:25Z,,,,UUC2IdZkJdzAFyEn3aQUYaZQ,"https://en.wikipedia.org/wiki/Hobby, https://en.wikipedia.org/wiki/Lifestyle_(sociology)",proovime
UCtFq3g4cLNQb84b0SthVOVQ,Eesti Naljagapooleks,"Meie leht on naljaleht, kus peab saama nalja! Siia paneme me üles oma videod! ''Mõni hull segab'' Vaata ka meid fb-st ''Eesti Naljagapooleks'' ja www.eenaljagapooleks.eu",@eestinaljagapooleks9050,21,5061,21,False,2015-06-13T22:05:34Z,EE,,naljakad videod luuletused facebookis,UUtFq3g4cLNQb84b0SthVOVQ,"https://en.wikipedia.org/wiki/Lifestyle_(sociology), https://en.wikipedia.org/wiki/Entertainment",eesti uudised
UCd7n-qZBUJ7xvCwyspd4aLQ,myBot Eesti,mybot Eesti kanal on loodud tutvustamaks mybot.ee veebipoes müüdavaid tooteid. Üritame pakkuda kvaliteetset ning loodetavasti ka kasulikku sisu.,@myboteesti9765,13,41062,21,False,2020-04-04T06:41:57.516778Z,EE,,,UUd7n-qZBUJ7xvCwyspd4aLQ,"https://en.wikipedia.org/wiki/Lifestyle_(sociology), https://en.wikipedia.org/wiki/Technology",eesti tech
UC6ylO0mKrdgfkVdTUbHJQZg,Sihtasutus Archimedes,Alates 1. jaanuarist 2021 liikusid sihtasutuse Archimedes tegevused Haridus- ja Noorteameti koosseisus tegutsevasse Erasmus+ ja Euroopa Solidaarsuskorpuse agentuuri. Sihtasutus Archimedes loodi sõltumatu asutusena 1997. aastal rahvusvaheliste haridus- ja teaduskoostööprogrammide menetlemiseks Eestis. Tänaseks on Archimedesest saanud Eesti ja Euroopa Liidu haridust ning teadust vahendav struktuur ning kõrghariduse akrediteerimise korraldaja. Archimedes on Euroopa haridus- ja teadusringkondades,@sihtasutusarchimedes,167,105201,259,False,2013-05-30T09:47:27Z,EE,,"erasmus archimedes noorteagentuur ""euroopa solidaarsuskorpus"" õpiränne haridus projektid",UU6ylO0mKrdgfkVdTUbHJQZg,"https://en.wikipedia.org/wiki/Knowledge, https://en.wikipedia.org/wiki/Society",eesti teadus
UCEh0VxRQD10tyFYCa0hFQLw,Täiskasvanuharidus Eestis EPALE,Euroopa täiskasvanuhariduse veebikeskkond EPALE https://epale.ec.europa.eu/et/ on Euroopa Komisjoni ja liikmesriikide poolt kaasrahastatav üleeuroopaline täiskasvanuõppe pakkujate ja korraldajate virtuaalne praktikakogukond. EPALE keskkonda kasutatakse 35 riigis 24 keeles. Eestis toimetab EPALE veebikeskkonda ja haldab kogukonnale suunatud tegevusi Sihtasutus Kutsekoda. EPALE pakub professionaalse arengu võimalusi kõigile täiskasvanuhariduse valdkonna professionaalidele.  Kanali loomist ja video,taiskasvanuhariduseestisepale,294,71350,442,False,2015-12-08T07:26:28Z,EE,,Täiskasvanuharidus koolitus andragoogika adult education training,UUEh0VxRQD10tyFYCa0hFQLw,"https://en.wikipedia.org/wiki/Knowledge, https://en.wikipedia.org/wiki/Society",eesti õppimine
UCX2m1-HJRYde1jkacldJFEg,Finno-Ugric folk music,"I've recently become very interested in traditional folk music of various Finno-Ugric nations but there's not too much videos about it readily available. So, I've decided to make a channel where I will try to collect authentic traditional folk music of Finno-Ugric nations in the form of playlists. It's a work in progress.",@finnougricfolkmusic,1780,522264,23,False,2014-11-01T12:11:25Z,,,"""Finno-Ugric languages"" ""Finno Ugrian peoples"" ""folk music"" ""folk songs"" Uralic ""traditional music"" Fenno-Ugric Suomalais-ugrilaiset Финно-угорские kansalaulu",UUX2m1-HJRYde1jkacldJFEg,"https://en.wikipedia.org/wiki/Music, https://en.wikipedia.org/wiki/Lifestyle_(sociology)",eesti kultuur
UCefVHGSm5598lmniJNfWCjg,ICOM Eesti,,@icomeesti3294,9,1076,14,False,2020-12-16T20:15:32.940405Z,,,,UUefVHGSm5598lmniJNfWCjg,"https://en.wikipedia.org/wiki/Society, https://en.wikipedia.org/wiki/Knowledge, https://en.wikipedia.org/wiki/Lifestyle_(sociology)",eesti õppimine
UCfRPLPhT6hnUFrLa8PgU-Og,Pärnu Keskus,,@parnu_keskus,4,44749,2,False,2023-12-06T07:56:00.764562Z,,,,UUfRPLPhT6hnUFrLa8PgU-Og,,pärnu
UCUfpcPPwl84uP9jhNTmeN7Q,HUUGAJA,ma ei ole youtuber rsk,@huugaja,3440,169529,48,False,2007-06-25T20:54:05Z,EE,,eesti poliitika sport mängud,UUUfpcPPwl84uP9jhNTmeN7Q,"https://en.wikipedia.org/wiki/Sport, https://en.wikipedia.org/wiki/Lifestyle_(sociology)",eesti kokkamine
UChELYZX66TCqt7pmys1AACA,Varro Vooglaid,See on Varro Vooglaiu isiklik YouTube'i kanal.,@vabadusevalvel,7040,1920578,297,False,2008-02-10T17:03:56Z,EE,,"""Varro Vooglaid""",UUhELYZX66TCqt7pmys1AACA,"https://en.wikipedia.org/wiki/Society, https://en.wikipedia.org/wiki/Politics",eesti poliitika
UCnulDcDXLEaPpXGJ19kCkZg,palich 3.0,"футбол, видеообзор игры, гол, тренировка , дриблинг, Jalgpall, Eesti jalgpall, videovaade,",@palich3.0,14,4395,16,False,2023-08-13T10:35:36.643707Z,,,,UUnulDcDXLEaPpXGJ19kCkZg,"https://en.wikipedia.org/wiki/Sport, https://en.wikipedia.org/wiki/Association_football",eesti jalgpall
UC0ATD17OXKLanN5JHsgrPGA,Ingriin Tamuri,,@ingriiningreen,2870,147559,34,False,2016-09-17T12:38:52Z,EE,,,UU0ATD17OXKLanN5JHsgrPGA,https://en.wikipedia.org/wiki/Lifestyle_(sociology),eesti vlog
UCxv4Pz5os3aQNf8ltV_KalA,Linda Juhanson,"Oleme kaks Eesti neiut, kes ühel päeval oma asjad pakkisid ning Austraaliasse kolisid. Mis siin täpsemalt toimub ning toimuma hakkab- saame koos teada! Jälgi ja anna meile tagasisidet/ mõtteid ning soovitusi: Instagram: @lindajuhanson @lisapille_ Snapchat: @lindajuhanson @llisaa.a",@lindajuhanson1677,75,11116,21,False,2015-03-17T15:49:32Z,,,,UUxv4Pz5os3aQNf8ltV_KalA,"https://en.wikipedia.org/wiki/Tourism, https://en.wikipedia.org/wiki/Lifestyle_(sociology)",eesti vlog
UCUUeShUk-xJiBMM6kOuj4tg,Haridus- ja Noorteamet,Tere tulemast Haridus- ja Noorteameti Youtube'i kanalisse!,@haridusjanoorteamet,1840,296964,756,False,2020-09-21T13:14:59.481726Z,EE,,"""Kristjan Jaagu stipendium"" ""välismaal õppimine"" kõrgharidus välistudengid õpiränne stipendiumid ""õpi välismaal"" Rajaleidja õppenõustamine",UUUUeShUk-xJiBMM6kOuj4tg,"https://en.wikipedia.org/wiki/Society, https://en.wikipedia.org/wiki/Knowledge",eesti haridus
UCINtZ5WadGiSmGSgUBeNplA,Volente Kinnisvarafotograafia,"Real estate photography and videography. For over 5 years, we have been helping real estate agents and individuals sell their properties faster with professional photos and videos. We photograph real estate, highlighting its most unique side.",@volentekinnisvarafotograafia,1,11954,13,False,2021-05-30T14:24:05.046689Z,,,,UUINtZ5WadGiSmGSgUBeNplA,"https://en.wikipedia.org/wiki/Lifestyle_(sociology), https://en.wikipedia.org/wiki/Hobby",eesti kultuur
UCjDSEK3pP9mJLtOS0Wez_9g,Pokumaa,,@pokumaa,15,22288,10,False,2008-06-11T19:25:03Z,,,,UUjDSEK3pP9mJLtOS0Wez_9g,"https://en.wikipedia.org/wiki/Lifestyle_(sociology), https://en.wikipedia.org/wiki/Hobby",võrumaa
UCbjbVcUGYNChlf_uqsJPo6w,Reigo Reitkam,,@footballstar301,10,6578,5,False,2011-06-28T13:02:17Z,,,,UUbjbVcUGYNChlf_uqsJPo6w,"https://en.wikipedia.org/wiki/Sport, https://en.wikipedia.org/wiki/Association_football",eesti jalgpall
UCEIuYwnLesUrjgx5TDCKbxQ,Tartu Tamme Gümnaasium,,@tartutammegumnaasium6787,358,103797,135,False,2015-08-31T19:46:33Z,,,,UUEIuYwnLesUrjgx5TDCKbxQ,https://en.wikipedia.org/wiki/Lifestyle_(sociology),tartu
UCRVzoUXg-0ZEm_UkMphHMTQ,Retrovisiit - majutused Hiiumaal,,@retrovisiit-majutusedhiium4146,5,2623,6,False,2017-01-05T18:51:47Z,,,,UURVzoUXg-0ZEm_UkMphHMTQ,https://en.wikipedia.org/wiki/Lifestyle_(sociology),hiiumaa
UC2Ot1Rj649Csn7nhAOT2TWQ,Sander B,,@sanderb9312,23,9070,44,False,2014-04-03T10:41:29Z,,,,UU2Ot1Rj649Csn7nhAOT2TWQ,"https://en.wikipedia.org/wiki/Lifestyle_(sociology), https://en.wikipedia.org/wiki/Hobby",eesti uudised
UC86m8TS32YI8c_97t5sgjvg,SA Põhja-Eesti Regionaalhaigla,,@regionaalhaigla,295,77571,108,False,2010-08-18T11:13:34Z,EE,,,UU86m8TS32YI8c_97t5sgjvg,"https://en.wikipedia.org/wiki/Lifestyle_(sociology), https://en.wikipedia.org/wiki/Health, https://en.wikipedia.org/wiki/Society, https://en.wikipedia.org/wiki/Knowledge",eesti kunst
UC_X6yoDcowz08UIfk26zm_w,TiiG HD,Growtopia? Growtopia!,@tiighd,784,180406,140,False,2017-02-10T07:40:59Z,,,Growtopia eesti keeles dl wl kuidas proks saada,UU_X6yoDcowz08UIfk26zm_w,"https://en.wikipedia.org/wiki/Video_game_culture, https://en.wikipedia.org/wiki/Role-playing_video_game",eesti teater
UCR1Fjn0QxSXB7x0W9JXMJuw,Kristiina J,,@jkristiinaaa,4,894,9,False,2012-12-27T12:16:57Z,,,,UUR1Fjn0QxSXB7x0W9JXMJuw,"https://en.wikipedia.org/wiki/Lifestyle_(sociology), https://en.wikipedia.org/wiki/Hobby",eesti ajalugu
UC2EfraAB16wD_QmQPIKsnUQ,Beati Mandolini - Topic,,,30,5876,45,False,2022-12-08T03:27:11.619589Z,,,,UU2EfraAB16wD_QmQPIKsnUQ,"https://en.wikipedia.org/wiki/Classical_music, https://en.wikipedia.org/wiki/Music",eesti rahvamuusika
UCET6DW0YfIyL-qFmZKQoLyA,Zealot Sporting,"Zealot Sporting on Eesti jalgpalliklubi, mis loodi 2024. aastal Eesti Ärijuhtimise Kõrgkooli (EBS) projekti raames. Klubi eesmärk on luua innovatiivne ja nooruslik jalgpalliorganisatsioon. Zealot Sporting asutati EBS-i tudengite algatusel 2024. aastal, pakkudes värske vaate jalgpallile ja klubide loomisele. Klubi nimi ""Zealot"" (eesti keeles ""tulihingeline"") peegeldab pühendumust ja kirge, mida meeskond jagab. Klubi logo, mis kujutab endast purje- ja tormist merd, on inspireeritud Smilersi laulu",@zealotsporting,4,531,12,False,2024-06-07T12:15:38.382759Z,,,,UUET6DW0YfIyL-qFmZKQoLyA,"https://en.wikipedia.org/wiki/Sport, https://en.wikipedia.org/wiki/Association_football, https://en.wikipedia.org/wiki/Video_game_culture",eesti sport
UCTqx5c-OvMCDrZ72antfs7g,Eesti 200,"Eesti 200 on erakond, mille manifest ilmus esmakordselt Postimehes 2. mail 2018. Eesti 200 ülesanne on Eesti riigi pikaajalistele probleemidele tähelepanu juhtimine ja omapoolsete lahenduste ja reformiideede välja pakkumine.",@eesti2004,294,1852013,269,False,2018-08-27T09:44:15Z,EE,,,UUTqx5c-OvMCDrZ72antfs7g,"https://en.wikipedia.org/wiki/Politics, https://en.wikipedia.org/wiki/Society",eesti
UCj7bTnODoQ1wBq3wNnMsayA,SPEAKLY PODCAST (Eesti keeles),"Kuidas keeli õppides edukam olla? Miks keele õppimine nii kaua aega võtab ja kas see peabki nii olema? Mida polüglotid teistmoodi teevad, et nad keeli kiiresti õpivad? Aga võib-olla mul lihtsalt ei ole keelesoont? Need on mõned küsimused, mida sa võõrkeelt õppides endalt ehk juba korduvalt küsinud oled. Ja tõesti, keeleõpe tundub olevat üks tõeliselt keeruline asi, mis võtab tagatipuks veel väga palju aega, vahel isegi aastaid, enne kui saad normaalselt rääkima hakata. Kuid kas see peabki nii ol",@speaklypodcasteestikeeles1350,112,5099,6,False,2017-12-18T21:50:20Z,EE,,,UUj7bTnODoQ1wBq3wNnMsayA,"https://en.wikipedia.org/wiki/Lifestyle_(sociology), https://en.wikipedia.org/wiki/Society, https://en.wikipedia.org/wiki/Knowledge",eesti keeles
UCv8ITy1htSepl56WOQsxvrw,Teho Paulus,,@tehopaulus1,33,11868,20,False,2023-09-25T09:59:33.527089Z,EE,,,UUv8ITy1htSepl56WOQsxvrw,"https://en.wikipedia.org/wiki/Lifestyle_(sociology), https://en.wikipedia.org/wiki/Knowledge",eesti loodus
UCvVixOoOUgPhuzOoV1BZ1gw,Eesti Lugemisühing,,@eestilugemisuhing266,4,1234,28,False,2021-12-19T00:18:24.101822Z,EE,,,UUvVixOoOUgPhuzOoV1BZ1gw,https://en.wikipedia.org/wiki/Knowledge,eesti keeles
UCPpi1lGfzlVITgwOmVOYMkw,FCI Levadia Tallinn,"FCI Levadia Tallinn official channel. FCI Levadia is 10x Estonian Premium Liiga champion, 10x Estonian Cup champion.   FCI Levadia Tallinna ametlik kanal. FCI Levadia on 10x Eesti Premium Liiga meister, 10x Eesti karikavõistluste võitja.",@fcilevadiatallinn,818,151246,337,False,2019-08-13T19:02:41Z,EE,,,UUPpi1lGfzlVITgwOmVOYMkw,"https://en.wikipedia.org/wiki/Sport, https://en.wikipedia.org/wiki/Association_football",tallinn
UCOpKl8veTfjnXk8NVveL25A,Eesti Discgolfi Liit,"Eesti Discgolfi Liit (EDGL) on alates 2014. aasta oktoobrist avalikes huvides tegutsev spordialaliit, mis ühendab Eesti discgolfiklubisid ja discgolfiga seotud organisatsioone ning koordineerib discgolfialast tegevust Eesti Vabariigis. EDGL-i põhieesmärgid on discgolfi kui spordiala tutvustamine, edendamine ning liikmete huvide koondamine ja nende nimel tegutsemine.",@eestidiscgolfiliit,2190,211984,83,False,2015-02-02T10:41:19Z,EE,,"""eesti discgolf"" ""Estonian Disc Golf"" EDGL discgolf",UUOpKl8veTfjnXk8NVveL25A,"https://en.wikipedia.org/wiki/Hobby, https://en.wikipedia.org/wiki/Lifestyle_(sociology)",eesti
UCn6Xw8gNtRj6v4E2M4RMQJA,SaarioinenEesti,,@saarioineneesti,6,2272,6,False,2013-04-11T18:20:00Z,,,,UUn6Xw8gNtRj6v4E2M4RMQJA,"https://en.wikipedia.org/wiki/Food, https://en.wikipedia.org/wiki/Lifestyle_(sociology)",eesti toit
UCuQBcjj37VjV_xMq-3Gk9qw,Koopad Ja Koletised,"Koopad ja Koletised kanal seletab eesti keeles, kuidas käib populaarse rollimängu Dungeons and Dragons mängimine. Lisaks sellele jagan siin enda mängu kogemusi ja tippe.",@koopadjakoletised842,90,2357,22,False,2021-03-01T16:44:52.552462Z,EE,,,UUuQBcjj37VjV_xMq-3Gk9qw,"https://en.wikipedia.org/wiki/Hobby, https://en.wikipedia.org/wiki/Lifestyle_(sociology)",eesti kultuur
UCjGFGHQbkYMa6mhnLE-Wxmw,VaprusTV,Pärnu JK Vaprus ametlik kanal Eesti suurim harjutuste videokogu Abivahend treeneritele ja treenijatele #austamekõikieikardakedagi #pärnupärast,@vaprustv1157,235,34246,422,False,2020-01-14T19:58:46.451827Z,EE,,"""Pärnu JK Vaprus"" Pärnu Jalgpall Eesti Treening Videotreeningud Harjutused Virtuaaltreener Väljakutsed",UUjGFGHQbkYMa6mhnLE-Wxmw,"https://en.wikipedia.org/wiki/Sport, https://en.wikipedia.org/wiki/Association_football",eesti taskuhääling
UCZwiLunX3Uj6-eNlKoad-vA,KARJASE KOHV,"Karjasekohv on podcast, mis püüab tuua Piibli igavikulised tõed tänapäeva praktilises elus rakendatavaks. Kõik, mida Jumal teeb, teeb Ta seda vastavalt teatud mudelitele, mis on rajatud Jumala Kuningriigi printsiipidele, ja rakendades neid põhimõtteid oma igapäeva ellu, võime näha kordaminekut ja edenemist! Podcaste näeb ka Facebooki Soul Food lehel: https://www.facebook.com/profile.php?id=100063505541158 Inspireerivaid ja õpetuslikke videosid näeb ka Facebookis EKNK Pärnu Koguduse lehel: https",@jannopeensalu,824,234541,947,False,2012-02-01T16:55:39Z,EE,et,"JPTV ""Janno Peensalu"" kogudus ""EKNK Pärnu Kogudus"" Peensalu kristlik jutlus Piibel EKMT ""Meeste teenistus"" jutlused Kristus Jumal Jeesus ""Jeesus Kristus"" kirik õpetus motivatsioon eneseabi loeng podcast pastor jutlustaja ristimine kannatused paast palve ""Jumala Sõna"" doktriin dogma pühitsus lepitus lunastus podcast ""karjase kohv"" presentatsioon esoteerika okultism okultistlik sensitiivid sensitiiv",UUZwiLunX3Uj6-eNlKoad-vA,"https://en.wikipedia.org/wiki/Religion, https://en.wikipedia.org/wiki/Society",eesti taskuhääling
UCdBH77tPUNiNYX9zJx8cWBA,Taevas TV7,Taevas TV7 on eestikeelne kristlik meediakanal.  15 aastat Eestis - üle 15 000 elumuutva saate. Tutvu lähemalt: www.tv7.ee,@taevastv7,2070,720772,959,False,2018-04-10T07:56:52Z,EE,,"jeesus kristlus piibel ""püha vaim"" kristus jumal imed tõde ""elu mõte"" päästja looja tervendaja tervendus tervenemine kirik kogudus kristlane kristlus ""jeesuse järgimine"" jesus",UUdBH77tPUNiNYX9zJx8cWBA,"https://en.wikipedia.org/wiki/Society, https://en.wikipedia.org/wiki/Religion",eesti investeerimine
UCG7hqEzBZ1Goo-VwaYs0uvQ,Uisuklubi SMILES,"ILUUISUTAMINE Kohtla-Järve Ida-Virumaa • ФИГУРНОЕ КАТАНИЕ Кохтла-Ярве, Ида-Вирумаа, Эстония Kohtla-Järve jäähall, Spordi 4, Kohtla-Järve, 30328 Ida-Virumaa, Eesti 🇪🇪UISUKLUBI SMILES🇪🇪 • Õpetame iluuisutamist⛸️ • Rühmad täiskasvanutele ja lastele💁‍♀️ • Kvalifitseeritud treenerid🎓 💫Ootame Sind 💫 +372 55902573",@uisuklubismiles,20,4849,11,False,2024-09-25T19:04:53.222654Z,,,,UUG7hqEzBZ1Goo-VwaYs0uvQ,"https://en.wikipedia.org/wiki/Lifestyle_(sociology), https://en.wikipedia.org/wiki/Sport",eesti sport
UCBl8LMO42N9PBcyOLLE2hkA,Narva Kassituba,,@narvakassituba422,9,1630,1,False,2017-03-28T11:16:43Z,,,,UUBl8LMO42N9PBcyOLLE2hkA,,narva
UCuciTwHxG36oVjWF4TnWT7A,Bit & Ponka,"Meie oleme Bit ja Ponka. Meiega on kõigil lastel lõbus. Mängime koos harivaid mänge, vaatame vanu multifilme ja räägime lõbusaid lugusid! See on vahva! :)",@bitponka8999,863,846550,3,False,2015-09-28T10:04:45Z,EE,,,UUuciTwHxG36oVjWF4TnWT7A,"https://en.wikipedia.org/wiki/Entertainment, https://en.wikipedia.org/wiki/Film",vaatame
UCdXeZetS1hvpDbSb50fwkHQ,Mathis Bogens,,@mathisb89,11,8926,15,False,2007-01-03T22:51:59Z,,,,UUdXeZetS1hvpDbSb50fwkHQ,"https://en.wikipedia.org/wiki/Society, https://en.wikipedia.org/wiki/Lifestyle_(sociology), https://en.wikipedia.org/wiki/Film, https://en.wikipedia.org/wiki/Entertainment",eesti teadus
UCV19egNpEAz4l6pKKOfPsbg,Rēzija Kalniņa - Topic,,,15,612,2,False,2014-05-29T09:56:03Z,,,,UUV19egNpEAz4l6pKKOfPsbg,https://en.wikipedia.org/wiki/Music,eesti teater
UCeg8HuptgHKNsHVfrPm6l3Q,eSStonia,,@esstonia,5,52995,13,False,2007-04-28T19:28:32Z,,,,UUeg8HuptgHKNsHVfrPm6l3Q,"https://en.wikipedia.org/wiki/Politics, https://en.wikipedia.org/wiki/Society, https://en.wikipedia.org/wiki/Television_program, https://en.wikipedia.org/wiki/Entertainment",eesti poliitika
UCYMnDce2OcZXeNWDc7BojIA,ICG Tallinn 2025,,@icgtallinn2025,22,1612,1,False,2025-08-06T11:47:38.34104Z,,,,UUYMnDce2OcZXeNWDc7BojIA,,tallinn
UCVln9wpH1c7fj0fhaGnfayQ,Borderless Pizza,A Dane 🇩🇰 making somewhat questionable Pizzas 🍕 I am making every 198 country in the world as a Pizza. The creations can be based on National Dish or typical dishes that related to that country.,@borderlesspizza,667,140340,47,False,2023-08-11T13:59:35.710518Z,,,,UUVln9wpH1c7fj0fhaGnfayQ,"https://en.wikipedia.org/wiki/Food, https://en.wikipedia.org/wiki/Lifestyle_(sociology)",eesti retseptid
UCrjggZNKlJ4BHVFxVBd1UaQ,Tartu Tervishoiu Kõrgkool,Tartu Applied Health Sciences University,@tartuh-ee,455,251611,201,False,2012-10-10T11:35:47Z,EE,,,UUrjggZNKlJ4BHVFxVBd1UaQ,"https://en.wikipedia.org/wiki/Knowledge, https://en.wikipedia.org/wiki/Society, https://en.wikipedia.org/wiki/Health, https://en.wikipedia.org/wiki/Lifestyle_(sociology)",tartu
UC_VQ5plOmMk_HPByIqD00Pg,Novaver OÜ,"OÜ Novaver on ekraani ja arhitektuurilahenduste pakkuja Eestis,  ettevõte keskendub nii innovaatilistele kui ka traditsioonilistele lahendustele! Tekkis huvi? Vaata ka meie kodulehte www.novaver.com",@novaverou1218,4,2792,38,False,2016-08-03T15:22:58Z,,,"Ekraanid ekraanilahendused ""LED ekraanid"" ""LCD ekraanid"" projektsioon projektsioonkiled projektorid ekraanikiled ""tark kile"" ""intelligentne kile"" ""läbipaistev LCD ekraan"" ""interaktiivsed lauad"" ekraanitulbad ekraanitootemid LCD LED",UU_VQ5plOmMk_HPByIqD00Pg,"https://en.wikipedia.org/wiki/Technology, https://en.wikipedia.org/wiki/Lifestyle_(sociology)",eesti tech
UCV8IjptOLvkFeMsK94Z13EQ,Eesti Paigad,"Eesti Paigad on loodud, et koos avastada Eesti erilisi ja looduskauneid majutuskohti.  Jagame enda vahetuid kogemusi ja emotsioone erilistest ning silmapaistvatest majutuskohtadest ning soovitame, mida Eestis puhates ette võtta. Vaata lähemalt www.eestipaigad.ee või jälgi meie soovitusi Instagramis @eestipaigad",@eestipaigad,165,100975,84,False,2021-01-03T10:09:22.162056Z,EE,et,"eesti estonia ""eesti paigad"" eestipaigad.ee majutus accommodation ""visit estonia"" estonian puhkemajad rannamajad puhkus ""puhka eestis"" visitestonia puhkemaja glamping kuluuritee travel explore europe baltics ""liis ja ben"" majutuskohad ""parimad puhkemajad eestis"" rannavilla ""holiday homes"" ""in estonia"" ""vacation home"" cabin ""forest cabin"" rental",UUV8IjptOLvkFeMsK94Z13EQ,"https://en.wikipedia.org/wiki/Tourism, https://en.wikipedia.org/wiki/Lifestyle_(sociology), https://en.wikipedia.org/wiki/Hobby",eesti
UCftgH9UhBlMwJKTv5xw2OJw,Ingliterapeut Terje,"TERJE MÖLDRI on selgeltnägija, ingliterapeut, ettevõtja ja Eesti oma ingliraamatu ""Inglid meie elus"" autor. Ta on ka ""Eesti Selgeltnägijate Tuleproov 2018"" osaline ja ta on tuntud nii Eesti teles, meedias kui ka ajakirjanduses. Ta on veebipoe INGLIPOOD.COM asutaja. Selgeltnägija Terje on käinud ""Eesti Selgeltnägijate Tuleproovi"" tuuril üle Eesti, on esinenud ja viib läbi ingliteraapia kursuseid. Selgeltnägija Terje ennustab Tarot kaartidega, teeb ingliteraapiat ning tema meditatsioone, kursuse",@ingliterapeutterje,248,36179,161,False,2020-05-12T11:51:37.028533Z,EE,,,UUftgH9UhBlMwJKTv5xw2OJw,https://en.wikipedia.org/wiki/Lifestyle_(sociology),eesti loodus
UCv7Q-bbaoCwLFZQ682bqAhg,Top Film Baltic,,@topfilmbaltic1128,17,14418,38,False,2014-07-15T15:56:29Z,,,,UUv7Q-bbaoCwLFZQ682bqAhg,"https://en.wikipedia.org/wiki/Entertainment, https://en.wikipedia.org/wiki/Film",eesti filmid
UCmljIEiHxx2rUq7SXFsrydg,Minu Eesti Noored,,@minueestinoored,50,22824,46,False,2011-01-27T21:45:06Z,,,raasiku vald aruküla pikavere minu eesti,UUmljIEiHxx2rUq7SXFsrydg,"https://en.wikipedia.org/wiki/Music, https://en.wikipedia.org/wiki/Lifestyle_(sociology)",eesti haridus
UCMad6YCDDO8Hrs35sQSBCoQ,Eesti Filmi Päevad,,@eestifp,30,60291,74,False,2010-03-08T15:08:11Z,,,"""Eesti Filmi Päevad"" EFP kinomaja kinoliit filmipäevad eesti 2010",UUMad6YCDDO8Hrs35sQSBCoQ,"https://en.wikipedia.org/wiki/Entertainment, https://en.wikipedia.org/wiki/Film",eesti filmid
UC4U5pHWwqyZ02l8UUr2GA9Q,VABARIIK,"VABARIIK on konservatiivsetest ja rahvuslikest aadetest kantud UUS meediakanal, mis toodab eestikeelseid ühiskonna- ja kultuurisaateid, -podcaste, loengusarju ja muud ajakirjandust. Vabariik Meedia on sõltumatu kõigist Eesti erakondadest ja meediaettevõtetest, ent avaliku konservatiivse ja isamaalise eelistuse tõttu suhtub poolehoiu või vähemalt neutraalsusega kõigisse erakondadesse ja väljaannetesse, mis esindavad kas konservatiivset, tsentristlikku, parempoolset või rahvuslikku maailmavaadet",@vabariik,3720,1002423,76,False,2022-11-08T21:37:11.371502Z,,,,UU4U5pHWwqyZ02l8UUr2GA9Q,"https://en.wikipedia.org/wiki/Politics, https://en.wikipedia.org/wiki/Society",eesti uudised
UCntt_XDWGawVu3LG_nqMH-A,Eesti film,,@kodunefilmirull7433,53,22394,75,False,2020-06-08T01:27:48.935114Z,,,,UUntt_XDWGawVu3LG_nqMH-A,"https://en.wikipedia.org/wiki/Film, https://en.wikipedia.org/wiki/Entertainment",eesti meelelahutus
UCMKRHuH0JygDgjk-LxnfE3w,TallinnOpen MAT8,,@tallinnopenmat8376,71,26190,11,False,2017-03-29T08:48:19Z,,,,UUMKRHuH0JygDgjk-LxnfE3w,"https://en.wikipedia.org/wiki/Lifestyle_(sociology), https://en.wikipedia.org/wiki/Sport",eesti sport
UCVRWzAKUfmdg2uLD8ngsHTA,EV_Lines,,@ev_lines5946,172,12731,40,False,2021-04-21T11:04:07.914019Z,EE,,,UUVRWzAKUfmdg2uLD8ngsHTA,"https://en.wikipedia.org/wiki/Knowledge, https://en.wikipedia.org/wiki/Lifestyle_(sociology), https://en.wikipedia.org/wiki/Hobby",eesti kultuur
UChnqz8mvNCU48D-ifbK_O1Q,Mehka Eesti,"Mehka sai alguse 1992. aastal, kui neli Lõuna-Eesti metsandusinimest asutasid Võrus esimese kaupluse. Firma sai nime Mehka küla järgi Mõniste vallas Võrumaal. Esialgu müüdi HUSQVARNA, JONSERED ja PARTNER tehnikat väikeses 50m² poes nimega “Hipe”. 1994. aastal lisandus suurem metsatehnika hooldus “Mehka töökojas”. Järgnes kiire kasv: 1995 Valga, 1997 uus hoone Võrus, 2000 Otepää. 2007. aastal avati Võru kesklinnas suurem esindus, kus lisandus ka mototehnika ja ATVde müük. 2015 laienes Mehka Talli",@mehkaeesti,20,55389,13,False,2025-04-17T12:55:41.13001Z,,,,UUhnqz8mvNCU48D-ifbK_O1Q,"https://en.wikipedia.org/wiki/Motorsport, https://en.wikipedia.org/wiki/Lifestyle_(sociology), https://en.wikipedia.org/wiki/Vehicle",eesti
UCgQROsCg3berYuqdv5XczkA,theatreatelier,"Võru Linnateater (Võru Town Theatre) is working as a structural part of the Võru Culture House. In 2003-2008 theatre was known as Võru  Theatreatelier, founded by stage director Taago Tubin (artistic leader of the theatre 2001 - 15.7.2008) The basic troup consists of amateurs, but every production engages also different theatreprofessionals.",@theatreatelier,1,6374,13,False,2007-12-04T15:59:12Z,,,Võru theatre atelier linnateater,UUgQROsCg3berYuqdv5XczkA,"https://en.wikipedia.org/wiki/Performing_arts, https://en.wikipedia.org/wiki/Entertainment, https://en.wikipedia.org/wiki/Lifestyle_(sociology)",võrumaa
UCSzdXU8U0wwDaB6lVItjNOw,Hanf Kung - Topic,,,235,405322,30,False,2022-05-22T23:23:11.390704Z,,,,UUSzdXU8U0wwDaB6lVItjNOw,"https://en.wikipedia.org/wiki/Hip_hop_music, https://en.wikipedia.org/wiki/Music",eesti muusika
UCzJOHg4UoHsb9dwEZO2Pn9Q,Hansa-Flex Eesti,,@hansa-flexeesti,0,503,18,False,2024-07-31T13:51:46.931558Z,,,,UUzJOHg4UoHsb9dwEZO2Pn9Q,"https://en.wikipedia.org/wiki/Technology, https://en.wikipedia.org/wiki/Lifestyle_(sociology), https://en.wikipedia.org/wiki/Hobby",eesti tehnoloogia
UC-NVXW50aUC0VLvi5V9ViEA,ohmyremi,"Eesti kõige vigasem aga huvitavam gaming sisulooja  Email kuhu kirjad saata, kui on soovi - officialohmyremi@gmail.com SPECS CPU : AMD Ryzen 9 5950x CPU Cooling : NZXT Kraken x73 Motherboard : ASUS PRO ART B550 Memory : Corsair Vengeance 32GB DDR4 GPU : MSI Gaming X Trio 2080Ti KEYBOARD : SteelSeries Apex PRO MOUSE : R Λ Z Ξ R DEATHADDER ELITE HEADSET : SteelSeries Arctis 7 2019 MIC : Elgato Wave 3 Monitor : Dell S2716DG : 1440p, 144hz, G-Sync SSD : 500GB Samsung 960 EVO NVMe HDD Mingi lambi 4",@ohmyremi,12600,4258340,476,False,2014-03-26T00:21:31Z,EE,,Gamer Estonia streamer gameplay,UU-NVXW50aUC0VLvi5V9ViEA,"https://en.wikipedia.org/wiki/Simulation_video_game, https://en.wikipedia.org/wiki/Action-adventure_game, https://en.wikipedia.org/wiki/Video_game_culture, https://en.wikipedia.org/wiki/Action_game, https://en.wikipedia.org/wiki/Strategy_video_game, https://en.wikipedia.org/wiki/Role-playing_video_game",eesti gaming
UCmFsjx7pHCqCdHdQJ5epkGA,Avis Eesti,Avis. We Try Harder.,@aviseesti,12,178710,36,False,2020-08-21T09:37:42.336797Z,EE,,"Avis ""Avis car rental"" ""Car rental"" ""Car hire"" ""We Try Harder"" ""Full service leasing""",UUmFsjx7pHCqCdHdQJ5epkGA,"https://en.wikipedia.org/wiki/Vehicle, https://en.wikipedia.org/wiki/Lifestyle_(sociology)",eesti
UCuMy0KjWk4P7wTYHKMjG3BQ,Politsei- ja Piirivalveamet,Politsei- ja Piirivalveameti ametlik videokanal Official YouTube channel of the Police and Border Guard Board.,@eestipolitsei,5540,1795599,312,False,2008-12-10T09:23:54Z,EE,,"Eesti politsei korrakaitse ""politsei- ja piirivalveamet"" PPA piirivalve lennusalk kriminaalpolitsei KKP keskkriminaalpolitsei ID-kaart pass",UUuMy0KjWk4P7wTYHKMjG3BQ,https://en.wikipedia.org/wiki/Society,eesti poliitika
UCaIEp5nzFSKGQkQy9C3H1GA,Vapista Eesti,"E-sigaretipood Vapista ametlik YouTube kanal.  Meie teeme igapäevaselt selle nimel tööd, et olla veipimise alal tippspetsialistid ja pakkuda just Sulle parimat võimalikku teenindust!",@vapistaeesti7077,116,37804,40,False,2014-04-06T20:16:01Z,EE,,Vapista vape vaping e-sigaret e-vedelik e-isgaretipood,UUaIEp5nzFSKGQkQy9C3H1GA,"https://en.wikipedia.org/wiki/Technology, https://en.wikipedia.org/wiki/Lifestyle_(sociology), https://en.wikipedia.org/wiki/Society, https://en.wikipedia.org/wiki/Politics",eesti vlog
UCjWbZV419M2AMfchrUi1BBA,TutorBox,,@tutorbox5355,3,1115,16,False,2021-08-22T10:14:33.634397Z,,,,UUjWbZV419M2AMfchrUi1BBA,https://en.wikipedia.org/wiki/Knowledge,eesti keeles
UCfOrcZXF3TRBPCnzShMvvcQ,Lastelood,Eestikeelsed laulud lastele.,@lastelood,378,175298,7,False,2025-01-14T12:31:35.657122Z,,,,UUfOrcZXF3TRBPCnzShMvvcQ,"https://en.wikipedia.org/wiki/Pop_music, https://en.wikipedia.org/wiki/Music",eesti laulud
UCtkFPufr4LOHpSmy399zQIw,Swedbank Eestis,,@swedbankeestis,4420,1452252,431,False,2015-07-15T12:07:06Z,EE,,"""swedbank eesti"" kukkur",UUtkFPufr4LOHpSmy399zQIw,"https://en.wikipedia.org/wiki/Society, https://en.wikipedia.org/wiki/Knowledge",kuidas teha
UCprcsSuKsqB0CCTJ-MArwLA,Tallinna Keskkonna- ja Kommunaalamet,,@tallinnalinnakeskkond3426,85,37304,165,False,2020-10-14T12:21:13.582406Z,,,,UUprcsSuKsqB0CCTJ-MArwLA,"https://en.wikipedia.org/wiki/Lifestyle_(sociology), https://en.wikipedia.org/wiki/Society",tallinn
UCncDGOz0IwcTltVKi_9vrRw,Marleen,Sinu keskmine eesti juutuuber,@marleenkovalik,435,42657,51,False,2011-10-15T10:27:41Z,,,,UUncDGOz0IwcTltVKi_9vrRw,https://en.wikipedia.org/wiki/Lifestyle_(sociology),eesti vlog
UC41GjcZhBM6Gdqs9WZcr-pA,EESTI AJALOOMUUSEUM,,@eestiajaloomuuseum9563,227,47621,96,False,2015-02-16T08:52:39Z,EE,,keskaeg muuseumiöö ajaloomuuseum,UU41GjcZhBM6Gdqs9WZcr-pA,"https://en.wikipedia.org/wiki/Knowledge, https://en.wikipedia.org/wiki/Society",eesti teater
UCpKqML-M_7J5hrJP1r8N7_g,Eesti Edulugu,"Mis on selle võltspositiivse Eesti eduloo ja parema Eesti kuvandi taga, mille on loonud Reformierakonna valitsus? Kelle jaoks kehtib see: ""Parem Eesti kõigile"" loosung ja mis on selle Parema Eesti poliitika sisu?",@eestiedulugu4151,26,14542,6,False,2014-11-26T08:47:42Z,EE,,reformierakond rform reformikad valitsus meedia poliitika ühiskond,UUpKqML-M_7J5hrJP1r8N7_g,"https://en.wikipedia.org/wiki/Society, https://en.wikipedia.org/wiki/Politics",eesti poliitika
UCg4B5s7HzxpyLxvbm0MtSFw,Rae Koss,,@raekoss5852,67,23753,90,False,2022-08-25T14:55:29.028946Z,,,,UUg4B5s7HzxpyLxvbm0MtSFw,"https://en.wikipedia.org/wiki/Sport, https://en.wikipedia.org/wiki/Basketball, https://en.wikipedia.org/wiki/Lifestyle_(sociology)",eesti korvpall
UCzEZUU02vXJv6ll1cC33ccQ,Liina Palu,"No tsau! :) Tere tulemast vaatama minu vloge. Minu nimi on Liina ja praegu olen töötu ja kodune, sest taastun pikast depressiooniperioodist. Nimelt on mul diagnoositud skisoafektiivne häire ja kuigi mulle on määratud 100% töövõimetus, siis ma üritan ikka osalise koormusega kontoritööd leida, kuigi majanduslik olukord on nagu on ja need töökohad ei kasva puu otsas. Mind toetab tööotsingutes bakaharidus eesti filoloogias ja see, et olen elus juba erinevatel kontoritöökohtadel töötanud. Ahjaa, mui",@liinavlogid,1090,75821,59,False,2012-01-07T16:08:24Z,EE,,,UUzEZUU02vXJv6ll1cC33ccQ,"https://en.wikipedia.org/wiki/Lifestyle_(sociology), https://en.wikipedia.org/wiki/Health",eesti vlog
UCaBuleh84rh0Ni0BOPbZyzQ,Audi Eesti,Audi Eesti ametlik Youtube kanal,@audi_eesti,86,571830,70,False,2015-11-19T14:26:40Z,EE,,"Audi ""Audi Eesti"" vorsprung",UUaBuleh84rh0Ni0BOPbZyzQ,"https://en.wikipedia.org/wiki/Lifestyle_(sociology), https://en.wikipedia.org/wiki/Vehicle",eesti teater
UC3wWTl7--lCTmrAwDtsjuIQ,Pipelife Eesti,"PIPELFE on juhtiv rahvusvaheline jätkusuutlike torulahenduste pakkuja, mis ühendab inimesi ja kogukondi vee, energia ja andmesidega. Pakume lahendusi inimeste elukvaliteedi tõstmiseks. Meie töö tulemiks on puhas joogivesi, toimiv kanalisatsioonisüsteem, ohutu kaabli- ja gaasitrass, õige niiskusega põllumaa. Selleks valmistame juba 1993. aastast Eestis oma partneritele plastist torusüsteemide komponente, lähtudes kliendi vajadustest.",@pipelifeeesti,17,4812,14,False,2025-01-09T08:44:48.072968Z,EE,,"pipelife ""pipelife eesti"" toru ""jätkusuutlikud lahendused"" torutootmine kaablikaitse ""kanalisatsiooni torud"" ""sademevee ärajuhtimine"" ""pipelife torud"" torutööstus ehitusmaterjalid drenaažitorud sademeveetorud kaevud ""reovee käitlus"" hoonekanalisatsioon joogiveetorud küttelahendused plasttorud ""ehitusprojektide lahendused"" ""torude paigaldus"" ""vihmavee kogumine"" torutooted toruideed torusüsteemid ""polüetüleenist torud"" eritellimuskaevud ""pvc toru"" ""pe toru"" ""pp toru"" ""toru faktid""",UU3wWTl7--lCTmrAwDtsjuIQ,https://en.wikipedia.org/wiki/Lifestyle_(sociology),eesti youtuber
UCCACbMErU4vlLhR04LjojNg,Eesti kaardistaja,,@eestikaardistaja8454,10,1087,11,False,2015-03-12T21:06:43Z,,,,UUCACbMErU4vlLhR04LjojNg,"https://en.wikipedia.org/wiki/Entertainment, https://en.wikipedia.org/wiki/Film",eesti meelelahutus
UCQt6S-PQdfWMO0pBC-6IupQ,Sõnaväega perevägivalla vastu,"Sõnal on määramatu jõud ning sõna väega on võimalik võidelda ühiskonnas toimuva vastu. Alustame kampaaniat perevägivalda tauniva petitsiooniga. Perevägivald on laiem ühiskondlik probleem, mis vajab riiklikul tasandil terviklikumat lähenemist.  Vägivallategude ennetamiseks ja ohvrite kaitsmiseks on vaja tegeleda vägivalla toimepanijatega, luua nende käitumisele suunatud soopõhised programmid. Selleks teeme petitsioonis üheskoos Riigikogule ettepaneku luua terviklik perevägivalla-vastane riiklik",@sonavaegaperevagivallavast7825,110,569031,12,False,2021-10-27T07:44:58.622686Z,EE,,,UUQt6S-PQdfWMO0pBC-6IupQ,"https://en.wikipedia.org/wiki/Society, https://en.wikipedia.org/wiki/Entertainment, https://en.wikipedia.org/wiki/Film",eesti meelelahutus
UCw3nLyaTrmVrr-UfB12iNHA,Slime Eva ja Gerda,"Tere,oleme kaks noort ja edasipüüdlikku tüdrukut,kes otsustasid teha selle kanali,et saaks mängida keemiliste ainetega,õpetada teid lima tegema,kes soovivad sellega hirmsasti mängida ja et te ei peaks seda poest ostma siis vaadake meie kanalit.",@slimeevajagerda9840,11,1778,4,False,2018-03-02T13:32:05Z,,,,UUw3nLyaTrmVrr-UfB12iNHA,"https://en.wikipedia.org/wiki/Lifestyle_(sociology), https://en.wikipedia.org/wiki/Hobby",kuidas teha
UC0SDn_nyc7rxuOOh1-waFCw,Eesti Lennuakadeemia,"✈️ Tere tulemast Eesti Lennuakadeemia ametlikule Youtube'i kanalile. Oleme ainus kõrgkool Eestis, kus on võimalik omandada lennundusalane kõrgharidus. Õppima saab asuda järgnevatele suundadele: 👉 lennunduse info- ja telekommunikatsioonitehnoloogia (lennundustehnika õppekava) 👉 õhusõiduki ehitus ja hooldus (lennundustehnika õppekava) 👉 lennuliiklusteenused,  👉 õhusõiduki juhtimine 👉 lennunduskorraldus 👉 kommertslennunduse juhtimine (ingliskeelne õpe) 👉 ärilise lennutranspordi piloot (ingliskeel",@eestilennuakadeemia,487,1286421,56,False,2012-07-25T11:37:35Z,EE,,,UU0SDn_nyc7rxuOOh1-waFCw,"https://en.wikipedia.org/wiki/Lifestyle_(sociology), https://en.wikipedia.org/wiki/Society, https://en.wikipedia.org/wiki/Technology, https://en.wikipedia.org/wiki/Vehicle",eesti
UCvwONwc7Y3Xoa6oRBpK8rCA,Eesti Maaülikooli Spordiklubi,,@eestimaaulikoolispordiklub3911,161,28650,220,False,2016-07-26T13:42:12Z,EE,,Eesti Maaülikooli Spordiklubi emü sport.emu.ee,UUvwONwc7Y3Xoa6oRBpK8rCA,"https://en.wikipedia.org/wiki/Lifestyle_(sociology), https://en.wikipedia.org/wiki/Basketball, https://en.wikipedia.org/wiki/Sport, https://en.wikipedia.org/wiki/Association_football",eesti
UC4p7kiY8kKWzySBLpwOUR0w,3 Klikki,Kasvata oma äri Google ja Facebook ADS Abil! Tõstame Eesti digiturunduse kvaliteedi taset.,@3klikki,2,2528,4,False,2025-02-24T10:12:09.789584Z,,,,UU4p7kiY8kKWzySBLpwOUR0w,,eesti äri
UC1MCt8t6-0XPez5XoXi79Dw,Eesti Teaduste Akadeemia,"Tere, olen Eesti teaduste akadeemia! Kas soovid esimesena teada saada lahedaid teaduslikke fakte ja üllatada tuttavaid oma eruditsiooniga? Hakka meie Youtube'i kanali jälgijaks!",@eestiteadusteakadeemia1968,1040,187580,783,False,2017-03-01T10:30:42Z,EE,,,UU1MCt8t6-0XPez5XoXi79Dw,"https://en.wikipedia.org/wiki/Knowledge, https://en.wikipedia.org/wiki/Society",eesti youtuber
UCserLL9TfON2ZfcQn8kC8Rg,Eesti Teadusagentuur,"ETAg-i YouTube videokanal vahendab  videoklippe,  videosalvestusi ETAg-i eestvõttel ja osalusel toimunud seminaridest, konverentsidest ja muudest sündmustest.",@eestiteadusagentuur,434,548091,777,False,2014-09-15T09:07:25Z,,,,UUserLL9TfON2ZfcQn8kC8Rg,"https://en.wikipedia.org/wiki/Knowledge, https://en.wikipedia.org/wiki/Society",eesti youtuber
UC4vsix7clxN9NbGjXOzCDKA,ESTchallenges,,@estchallenges,29,4673,13,False,2013-02-08T22:36:28Z,,,,UU4vsix7clxN9NbGjXOzCDKA,https://en.wikipedia.org/wiki/Lifestyle_(sociology),kuidas teha
UCnjA-HK8FuCevcAG3wn-Jhg,Jalgpalliarhiiv,,@jalgpalliarhiiv3799,11,10180,39,False,2014-09-06T13:56:57Z,,,,UUnjA-HK8FuCevcAG3wn-Jhg,"https://en.wikipedia.org/wiki/Sport, https://en.wikipedia.org/wiki/Association_football",eesti jalgpall
UC-iCVwaHwd41JC6u2tusM-Q,Allee galerii,Allee galerii kunstikanal.,@alleegalerii7481,507,700935,313,False,2020-11-11T13:21:31.724259Z,EE,,,UU-iCVwaHwd41JC6u2tusM-Q,"https://en.wikipedia.org/wiki/Hobby, https://en.wikipedia.org/wiki/Lifestyle_(sociology)",eesti kunst
UCcB-4wKX_hn9g6FnhGwluSA,LÄLÄ — õppevideod lihtsas eesti keeles,,@lalaavek,4180,1151461,20,False,2023-08-30T19:30:55.955288Z,EE,,"""EESTI KEEL"" LASTELE",UUcB-4wKX_hn9g6FnhGwluSA,"https://en.wikipedia.org/wiki/Lifestyle_(sociology), https://en.wikipedia.org/wiki/Entertainment, https://en.wikipedia.org/wiki/Knowledge, https://en.wikipedia.org/wiki/Film",eesti
UCo0R0YVguhHoqhQT_YazZFg,Eesti Keele Instituut,,@eestikeeleinstituut,1600,489329,297,False,2017-05-18T13:14:12Z,,,,UUo0R0YVguhHoqhQT_YazZFg,"https://en.wikipedia.org/wiki/Knowledge, https://en.wikipedia.org/wiki/Society",eesti
UCKwK2NIC1IoW51kGuzzamDQ,Lasnord 🏘 Home decor,"Welcome to my channel about interior decor, art, and creative inspiration for your home! Here you'll find unique styling ideas, original handmade pieces, cozy accents, and inspiring DIY projects. I’m an artist and designer sharing how to turn your home into a soulful, beautiful space. Subscribe if you love art objects, comfort, creativity, and aesthetic living! 🔔 New videos every week. Follow me on Instagram: https://instagram.com/danutalasnord Original prints, cushions, abstract art and more",@lasnordstore-w6x,17,35862,73,False,2025-06-20T09:19:34.943126Z,,,,UUKwK2NIC1IoW51kGuzzamDQ,"https://en.wikipedia.org/wiki/Lifestyle_(sociology), https://en.wikipedia.org/wiki/Hobby",eesti kultuur
UCDP2lL90_vDxfJQ5ZPIQTNg,Rayo,"⚡ Siit kanalilt leiab- 📷 Tänapäeva 20 aastase suhtes mehe jäädvustused igapäeva elust ja tegemistest ⚙️ Testime ja avastame erinevaid tehnika seadmeid ja muud huvitavat, mis kätte satub 🎮 Proovime erinevaid põnevaid ja uusi mänge Robloxis  ⚡ Ideaalne kanal kuhu tulla kui ootad paar minutit bussi 🚍, üritad magama jääda 🛌 või vajad midagi söögi kõrvale 🥪 vaadata! ⚡ Kui kõik selline (või mõni osa sellest) pakub huvi, ära kindlasti unusta TELLIDA 🔔 jätta LIKE 👍 & KOMMENTEERIDA 💬 oma lemmik osa",@thisisrayo28,44,6053,54,False,2021-01-27T19:57:46.549929Z,,,,UUDP2lL90_vDxfJQ5ZPIQTNg,"https://en.wikipedia.org/wiki/Role-playing_video_game, https://en.wikipedia.org/wiki/Casual_game, https://en.wikipedia.org/wiki/Video_game_culture, https://en.wikipedia.org/wiki/Lifestyle_(sociology), https://en.wikipedia.org/wiki/Simulation_video_game, https://en.wikipedia.org/wiki/Action-adventure_game",proovime
UC79s56RUnB7xKbkr9bbq0Lg,Õpime koos hariduse häälekandja,"""Õpime koos"" on haridusteemaline taskuhääling, kus hariduselu praktikud ja visionäärid jagavad kuulajatele oma teadmisi, kogemusi ja ideid, eesmärgiga pakkuda lihtsat ja mugavat võimalust õppimiseks ja inspiratsiooni saamiseks.​ Taskuhäälingut juhivad õpetajad Karin Tõevere ja Signe Salumäe. Saated leiad voogedastusplatvormidelt ning YouTube'ist. Kirjalikud kokkuvõtted meie blogist: opimekoos.ee Kui sinagi saad koos meiega uusi mõtteid ja inspiratsiooni, siis anna taskuhäälingule hoogu juurde.",@opimekoos,353,36118,153,False,2016-11-27T11:12:31Z,,,,UU79s56RUnB7xKbkr9bbq0Lg,https://en.wikipedia.org/wiki/Knowledge,eesti taskuhääling
UCGYNx7O8Ed8muQ9RtLZcVvg,The Kurk Gaming,"Subscribe, et saada kurkeriks!",@thekurkgaming1139,114,7195,70,False,2015-10-31T14:13:30Z,EE,,,UUGYNx7O8Ed8muQ9RtLZcVvg,"https://en.wikipedia.org/wiki/Action_game, https://en.wikipedia.org/wiki/Action-adventure_game, https://en.wikipedia.org/wiki/Video_game_culture, https://en.wikipedia.org/wiki/Role-playing_video_game, https://en.wikipedia.org/wiki/Strategy_video_game",eesti gaming
UCs5u64m_dBw8M92H88gLxVw,FC Tartu,"Jalgpalliklubi FC Tartu, treeningud Tartus ja Tõrvandis. www.fctartu.ee",@fctartu,32,58856,156,False,2009-05-16T09:06:44Z,,,,UUs5u64m_dBw8M92H88gLxVw,"https://en.wikipedia.org/wiki/Association_football, https://en.wikipedia.org/wiki/Sport",tartu
UC6MbZoRxeNcvf8M8iM4zYcQ,EESTI VINED,"Kergest muigest naerupahvakuteni välja 😏👌😂 Kui Teil on mõni lahe video, idee või lihtsalt hea tuju, siis saatke meile e-mail (eestivined@gmail.com) või Facebooki sõnum (https://www.facebook.com/EESTIVINED) Nautige! :)",@eestivined,6160,919607,53,False,2015-04-16T13:10:35Z,EE,en,"""eesti vined"" eesti vined vine estvines ""estonian vine"" ""vine eesti"" ""vine estonia"" videod ""naljakad videod"" funny estonia estonian ""populaarne video"" ""fruda aruk"" ""viineri viin"" ""eesti tik-tok"" ""eestikeelsed tiktokid"" ""eesti tiktokker"" tiktok tik-tok",UU6MbZoRxeNcvf8M8iM4zYcQ,"https://en.wikipedia.org/wiki/Film, https://en.wikipedia.org/wiki/Entertainment, https://en.wikipedia.org/wiki/Humour",eesti
UC0ndG37PqLskpQ47xUTTEsg,Unibet Arena,"Unibet Arena (named Saku Suurhall until 31 December 2022) is a multi-purpose indoor arena in the capital of Estonia, Tallinn. Opened in November 2001, it is the largest multi-purpose hall in the country with around 7,200 seats but can hold up to 10,000 people. It generally hosts basketball games, as well as trade fairs, corporate events and various concerts.",@unibetarena,12,36817,22,False,2014-12-22T21:20:04Z,,,,UU0ndG37PqLskpQ47xUTTEsg,"https://en.wikipedia.org/wiki/Music, https://en.wikipedia.org/wiki/Entertainment",eesti teadus
UCj2ZqHI9SdGGAf69OdGrnpg,URETEK Baltic Eesti,"URETEK Baltic on juhtiv geopolümeeridega pinnaseparanduse ettevõte. URETEK Baltic kasutab patenteeritud tehnoloogiaid, et pakkuda mittehäirivaid geotehniliste inseneritööde lahendusi paljudes erinevates vajumise kõrvaldamise ja konstruktsioonilise toe valdkondades.",@uretekbalticeesti,6,75629,41,False,2021-05-26T05:40:36.627054Z,EE,,"""Vundamendi vajumine"" ""põranda vajumine"" ""pinnase vajumine"" ""maja vajub"" ""pinnase tihendamine"" ""põranda tõstmine"" ""vundamendi tõstmine"" ""pragu seinas"" ""mõra seinas"" ""pragu põrandas"" ""mõra põrandas"" ""talumaja renoveerimine"" ""house subsiding""",UUj2ZqHI9SdGGAf69OdGrnpg,"https://en.wikipedia.org/wiki/Health, https://en.wikipedia.org/wiki/Lifestyle_(sociology)",eesti tehnoloogia
UCLbm7JSnXGcLa3DJrFD3XRw,AI Eesti,"AI Eesti podcastis kohtuvad tehnoloogiaentusiastid, tehisintellekti spetsialistid ja tulevikku kujundavad ettevõtjad. Uurime, kuidas AI mõjutab Eesti majandust, ühiskonda ja igapäevaelu. Arutame innovaatilisi lahendusi, jagame praktilisi kogemusi ning avastame võimalusi, kuidas Eesti saaks nutikamalt kasutada tehisintellekti potentsiaali.",@aieesti,19,1950,29,False,2025-04-22T05:50:35.073661Z,,,,UULbm7JSnXGcLa3DJrFD3XRw,"https://en.wikipedia.org/wiki/Technology, https://en.wikipedia.org/wiki/Society, https://en.wikipedia.org/wiki/Business, https://en.wikipedia.org/wiki/Knowledge, https://en.wikipedia.org/wiki/Lifestyle_(sociology)",eesti tehnoloogia
UCOxhfHpeiF38TQ1D9RTB3og,Pärnu JK Poseidon,,@parnujkposeidon1488,78,16708,23,False,2016-03-21T12:28:03Z,,,,UUOxhfHpeiF38TQ1D9RTB3og,"https://en.wikipedia.org/wiki/Association_football, https://en.wikipedia.org/wiki/Sport",pärnu
UCGTX8oCwTVLkdPYf6dIlbjg,2hullu,YO,@2hullu,46,26366,32,False,2007-07-09T08:53:40Z,,,,UUGTX8oCwTVLkdPYf6dIlbjg,"https://en.wikipedia.org/wiki/Sport, https://en.wikipedia.org/wiki/Lifestyle_(sociology), https://en.wikipedia.org/wiki/Vehicle",eesti loodus
UC_GmqcETfYtlziE3b9w0q5w,Jarod,Olen aktiivne mootorrattasõidu entusiast ning jagan oma tegemisi sotsiaalmeedias.,@jarod-kevin,294,23190,134,False,2017-05-29T15:35:56Z,,,,UU_GmqcETfYtlziE3b9w0q5w,"https://en.wikipedia.org/wiki/Lifestyle_(sociology), https://en.wikipedia.org/wiki/Vehicle",proovime
UCZgTlybJo5KELDAysYsvE6w,Narva,,@narva8400,6,684,2,False,2016-03-17T19:12:50Z,,,,UUZgTlybJo5KELDAysYsvE6w,"https://en.wikipedia.org/wiki/Action_game, https://en.wikipedia.org/wiki/Strategy_video_game, https://en.wikipedia.org/wiki/Video_game_culture, https://en.wikipedia.org/wiki/Role-playing_video_game",narva
UCLG9ALka9jhLmhxGwdo_9Zg,Narva Pähklimäe Gümnaasium,,@pahklimae11,908,230500,206,False,2014-10-04T13:28:30Z,,,,UULG9ALka9jhLmhxGwdo_9Zg,https://en.wikipedia.org/wiki/Lifestyle_(sociology),narva
UCQNtOrtXvmRLOmHgT8PKvPQ,Mudel-Eesti SA,Mudel-Eesti SA korraldab ühiskonda simuleerivaid üritusi.,@mudeleesti,91,20496,94,False,2009-12-12T23:52:59Z,,,,UUQNtOrtXvmRLOmHgT8PKvPQ,"https://en.wikipedia.org/wiki/Society, https://en.wikipedia.org/wiki/Politics",eesti poliitika
UC0-qVjDmfGAWqyd3Gj4wliw,Beyblade Burst Eesti,Beyblade burst gaming Varsti tuleb 11.subi eri,@beybladebursteesti9227,13,763,10,False,2018-01-03T11:19:02Z,,,,UU0-qVjDmfGAWqyd3Gj4wliw,"https://en.wikipedia.org/wiki/Entertainment, https://en.wikipedia.org/wiki/Film, https://en.wikipedia.org/wiki/Lifestyle_(sociology)",eesti gaming
UCn7WdL93ebG4uiEjnsiZ-8g,Pärnu Ühisgümnaasium,,@py1861,7,3995,18,False,2019-03-23T10:40:31Z,EE,,,UUn7WdL93ebG4uiEjnsiZ-8g,"https://en.wikipedia.org/wiki/Lifestyle_(sociology), https://en.wikipedia.org/wiki/Music, https://en.wikipedia.org/wiki/Knowledge",pärnu
UCbjHAoywbLGUoOSXLLj_lLA,NARVA,PLEASE LIKE 👍 AND SUBSCRIBE,@narva-09,15,669,18,False,2024-06-09T08:44:34.395485Z,,,,UUbjHAoywbLGUoOSXLLj_lLA,"https://en.wikipedia.org/wiki/Pop_music, https://en.wikipedia.org/wiki/Music, https://en.wikipedia.org/wiki/Music_of_Asia",narva
UCQ_xwkaZ9D81hjh7AyJCsRA,Eesti Muusika,,@eestimuusika4806,378,532406,18,False,2015-07-05T07:43:08Z,,,,UUQ_xwkaZ9D81hjh7AyJCsRA,"https://en.wikipedia.org/wiki/Pop_music, https://en.wikipedia.org/wiki/Music, https://en.wikipedia.org/wiki/Rock_music, https://en.wikipedia.org/wiki/Electronic_music, https://en.wikipedia.org/wiki/Independent_music",eesti muusika
UCM20v7yml9bcgtgoX-D8fcg,HIIUMAA (Ambient Music),"This is a channel of atmospheric author music, in which I explore textures, sounds and melodies to create suggestive, mysterious and somewhat dark environments. It is a very cinematic type of music, because with it you can imagine worlds and places and transport yourself to them. 🖤 All of these pieces of dark ambient music are originals. 👉I encourage you to subscribe to the channel to support me in this project and be aware of the new music that I am posting. 😃 You can also follow me on Insta",@hiiumaamusic,132,12429,18,False,2024-04-09T18:55:23.137318Z,,en,,UUM20v7yml9bcgtgoX-D8fcg,"https://en.wikipedia.org/wiki/Music, https://en.wikipedia.org/wiki/Electronic_music",hiiumaa
UCaYsXX-sawM0k2vIJehkj1Q,Aldar Eesti,"Aldar Eesti OÜ on Eesti kapitalil põhinev jae­- ja hulgimüügiga tegelev ettevõte, mille kaubamärgid on kõigile tuttavad SuperAlko, CityAlko, Sadama Turg, Aldar Market ja Kochi Aidad. Meie kauplused asuvad Eesti suuremates linnades, sealhulgas mitmes Tallinna kaubanduskeskuses, Tartus Sõbrakeskuses ja Rakveres Kroonikeskuses ning alates selle aasta oktoobrist ka Lätis Ainažis ja Valkas. Mõlemas Läti kaupluses on müügipinda üle 1000 m² ja valik mitmekesine ning hinnad soodsad. Hetkel kuulub Alda",@aldareesti6130,9,502847,17,False,2017-12-01T11:30:23Z,EE,,,UUaYsXX-sawM0k2vIJehkj1Q,https://en.wikipedia.org/wiki/Lifestyle_(sociology),eesti reis
UCsV2Mp76mibPlJtfbBSdjDw,Eesti Mämgur,Teen teie jaoks videoid alati ning loodan et need teile ka meeldivad.,@eestimamgur,362,95572,48,False,2022-05-23T18:10:44.104426Z,EE,,,UUsV2Mp76mibPlJtfbBSdjDw,"https://en.wikipedia.org/wiki/Action-adventure_game, https://en.wikipedia.org/wiki/Video_game_culture, https://en.wikipedia.org/wiki/Role-playing_video_game, https://en.wikipedia.org/wiki/Casual_game",eesti
UCjnszmDYmb5fIlMy_HZQmhQ,Esttuber,,@esttuber,77,39238,21,False,2025-05-16T16:22:32.615416Z,,,,UUjnszmDYmb5fIlMy_HZQmhQ,"https://en.wikipedia.org/wiki/Film, https://en.wikipedia.org/wiki/Entertainment",eesti ajalugu
UCA88unX2zRoEkmTHHDISw_A,Jesús Narva MX (OFICIAL),Somos tamaulipas Heroica Matamoros estados unidos y Mexico,@jesusnavz8770,1040,460220,558,False,2021-11-04T17:23:23.447815Z,,,,UUA88unX2zRoEkmTHHDISw_A,https://en.wikipedia.org/wiki/Lifestyle_(sociology),narva
UCrMi2J8nsTDCd9S9tQAF4-A,The Tuberkuloited - Topic,,,521,1067796,100,False,2013-12-21T00:15:31Z,,,,UUrMi2J8nsTDCd9S9tQAF4-A,"https://en.wikipedia.org/wiki/Rock_music, https://en.wikipedia.org/wiki/Music, https://en.wikipedia.org/wiki/Pop_music",eesti laulud
UCMEogWTQYzF7YYpiB1UIgTg,Eesti Kommunist,"Seltsimehed, tere tulemast kanalisse, mis on pühendatud ainult kommunismile. Täpsemalt Eesti Nõukogude Sotsialistliku Vabariigi ajalugu. Sellel kanalil pole veel sisu avaldatud, kuid hoolitsen teie kommunistliku hariduse eest tulevikus.",@eestikommunist6879,23,10239,7,False,2020-05-26T09:38:50.901516Z,,,,UUMEogWTQYzF7YYpiB1UIgTg,https://en.wikipedia.org/wiki/Music,eesti ajalugu
UCHE4l9n2r65qRcs_CwJAbtQ,Terve Pärnu EKRE,Siimo Lopsik Eesti konservatiivne rahvaerakond liige EKRE Pärnu linnavolikogu fraktsioon Ärkamisaeg,@siimoekre,58,6816,13,False,2025-01-21T14:17:38.674648Z,,,,UUHE4l9n2r65qRcs_CwJAbtQ,"https://en.wikipedia.org/wiki/Politics, https://en.wikipedia.org/wiki/Society",pärnu
UCSxQRvDE-BMH3G9zV8UhuGw,Hiidlaste Koostöökogu,,@hiidlastekoostookogu2529,18,4594,25,False,2020-10-21T10:53:23.910449Z,EE,,,UUSxQRvDE-BMH3G9zV8UhuGw,"https://en.wikipedia.org/wiki/Food, https://en.wikipedia.org/wiki/Lifestyle_(sociology), https://en.wikipedia.org/wiki/Tourism",hiiumaa
UClf7lUtB2eaVN5suZrxYMHQ,Elu Roosas Mullis,"Mis juhtub siis, kui oled harjunud elama roosa mulli sees, kuid ühel hetkel läheb see katki. Podcast Elu Roosas Mullis toob kuulajateni naljakad lood mulli seest ja valusad õppetunnid mullist väljas.  Lisaks kajastab Podcast päevakajalisi probleeme ning puudutab ka valguskartvaid teemasid meie kõigi eludes. Oodatud külalised ja huvitavad ettevõtmised. Eesmärk on jääda endaks ja anda kaasa mullike kõige südamelähedamatest teemadest.🫧",@eluroosasmullis,73,3361,5,False,2024-07-21T13:27:19.280167Z,EE,,"podcast Eesti taskuhääling Rika Rohumets ""Rika Rohumets""",UUlf7lUtB2eaVN5suZrxYMHQ,"https://en.wikipedia.org/wiki/Health, https://en.wikipedia.org/wiki/Lifestyle_(sociology)",minu elu
UC7yc9bEVjXGZvvcGVQtxtQg,Tallinn Sports Academy,•Official page of Tallinn Sports Academy,@tallinnsportsacademy,321,35451,55,False,2020-02-26T13:51:44.983899Z,EE,,,UU7yc9bEVjXGZvvcGVQtxtQg,"https://en.wikipedia.org/wiki/Basketball, https://en.wikipedia.org/wiki/Sport, https://en.wikipedia.org/wiki/Lifestyle_(sociology)",tallinn
UC72s9GYiohGwp50GtOY3qgw,muusika eesti,,@muusikaeesti2881,119,111765,5,False,2014-02-05T16:33:46Z,,,,UU72s9GYiohGwp50GtOY3qgw,"https://en.wikipedia.org/wiki/Classical_music, https://en.wikipedia.org/wiki/Music",eesti muusika
UCeG2BB36N7yRJttBDOFV1OA,eesti-muusika,Eestis filmitud muusika,@muusika_,7,743,6,False,2020-01-17T14:30:05.947291Z,,,,UUeG2BB36N7yRJttBDOFV1OA,"https://en.wikipedia.org/wiki/Lifestyle_(sociology), https://en.wikipedia.org/wiki/Music",eesti muusika
UCFPNsFTsDouARk-hz5qevVw,Expert Eesti OÜ kontor,,@experteestioukontor1353,16,374705,35,False,2014-11-01T08:08:55Z,EE,,,UUFPNsFTsDouARk-hz5qevVw,"https://en.wikipedia.org/wiki/Lifestyle_(sociology), https://en.wikipedia.org/wiki/Technology",eesti tech
UCKMutZhzazmX6eOwU03Vt0Q,VG ajalugu ja ühiskond,Värska Gümnaasiumi ajaloo- ja ühiskonnaõpetuse kanal,@vgajalugujauhiskond1573,19,12152,23,False,2020-02-27T14:41:07.052728Z,,,,UUKMutZhzazmX6eOwU03Vt0Q,https://en.wikipedia.org/wiki/Knowledge,eesti ajalugu
UCkXS793O__d2VP5Px_Eu7zQ,TIIT,Eesti parimad filmid,@tiitfilmid,44,2322,16,False,2023-10-29T18:57:36.829661Z,,,,UUkXS793O__d2VP5Px_Eu7zQ,https://en.wikipedia.org/wiki/Lifestyle_(sociology),eesti poliitika
UChNP8X_vdofZMIJWgDPW0cA,Monestro P2P,"MONESTRO is the Baltic peer-to-peer (P2P) lending marketplace, enabling investors to fund loans or buy loan contracts provided by loan originators. We are excited about the relaunch of our P2P lending platform and the investor protection; we are only working with solid loan originators having more rigorous risk assessments, all backed up with Voluntary Reserve and BuyBack Guarantees. At MONESTRO, investors receive higher-quality, more secure, and lower-risk loan investment opportunities. Rathe",@monestrop2p709,37,80164,38,False,2021-12-10T14:08:05.151921Z,,,,UUhNP8X_vdofZMIJWgDPW0cA,"https://en.wikipedia.org/wiki/Business, https://en.wikipedia.org/wiki/Knowledge",eesti investeerimine
UCvTQmJMw2zb8KuSZTV_jSCw,TVPlay Eesti,,@tvplayeesti8239,57,27443,19,False,2018-10-10T08:30:24Z,,,,UUvTQmJMw2zb8KuSZTV_jSCw,"https://en.wikipedia.org/wiki/Music, https://en.wikipedia.org/wiki/Television_program, https://en.wikipedia.org/wiki/Entertainment",eesti meelelahutus
UCFpBIMHctUMi-mLCiDs1x8w,Eesti Raamatukoguhoidjate Ühing - ERÜ,,@eestiraamatukoguhoidjateuh7507,85,7729,105,False,2020-05-19T07:51:18.849585Z,,,,UUFpBIMHctUMi-mLCiDs1x8w,"https://en.wikipedia.org/wiki/Lifestyle_(sociology), https://en.wikipedia.org/wiki/Knowledge",eesti ajalugu
UC7cnF21H-rnHjSnZGYaYGvw,E-Kaubamaja | Soodne Kaubamaja Internetis,"Tere tulemast E-Kaubamaja YouTube kanalile!  Siit leiad maailma suurimate internetikaubamajade soodsaimad pakkumised – ideaalne koht neile, kes otsivad parimaid pakkumisi ja usaldusväärseid tooteid parima hinnaga. E-Kaubamaja toob sinuni odava e-poe kogemuse, kus kvaliteet ja soodne hind saavad kokku! E-Kaubamaja Tootemaailm pole lihtsalt tavaline e-pood. Meie kaudu jõuab kaup otse välismaistelt tarnijatelt sinuni ja seda ilma postikuludeta! Seega saad tellida oma lemmiktooted mugavalt koju, ka",@e-kaubamaja,126,161520,703,False,2021-02-13T21:27:22.300523Z,EE,,epood e-pood internetipood e-kaubamaja ekaubamaja veebikaubamaja veebipood internetikaubamaja,UU7cnF21H-rnHjSnZGYaYGvw,https://en.wikipedia.org/wiki/Lifestyle_(sociology),eesti loodus
UCVR8NsZoENSvzi9fRFNHfVA,taavi,,@t2hema,223,468856,19,False,2007-08-25T02:14:14Z,,,,UUVR8NsZoENSvzi9fRFNHfVA,"https://en.wikipedia.org/wiki/Music, https://en.wikipedia.org/wiki/Lifestyle_(sociology), https://en.wikipedia.org/wiki/Electronic_music",võrumaa
UCbZfPRd7OOfPvLaFOlkgDwg,Ehitame Kodu,Oleme paar kes Hakkasid ise oma tulevast kodu ehitama ja kutsume teid kaasa.,@ehitamekodu2165,33,5178,15,False,2021-03-12T16:48:32.428163Z,EE,,,UUbZfPRd7OOfPvLaFOlkgDwg,"https://en.wikipedia.org/wiki/Lifestyle_(sociology), https://en.wikipedia.org/wiki/Knowledge",vaatame
UCQ4oVB5dWZlwq6XuE9LB0Sg,Vee ja maismaa ökosüsteemide rakendusbioloogia EMÜ,"Eesti Maaülikooli ""Vee ja maismaa ökosüsteemide rakendusbioloogia"" õppekava õppevideod. Õppevideote loomine on rahastatud ASTRA projekti ""Väärtusahelapõhine biomajandus"" raames",@veejamaismaaokosusteemider1787,32,2447,18,False,2018-12-30T12:16:11Z,,,,UUQ4oVB5dWZlwq6XuE9LB0Sg,"https://en.wikipedia.org/wiki/Knowledge, https://en.wikipedia.org/wiki/Lifestyle_(sociology)",eesti loodus
UCEMWBOh4eeq5VzY6nud672Q,Laste ja noorte kultuuriaasta 2017,"2017. aasta on Eesti laste ja noorte kultuuriaasta, mille jooksul innustatakse lapsi ja noori kultuurist osa saama ning ka ise elamusi looma. Teema-aasta tunnuslause on “Mina ka!” ning ning märksõnad iseolemine ja koostegutsemine kõnetavad ka täiskasvanut, kutsudes üles mõtestama ning väärtustama last ja noort nii looja kui ka publikuna. www.minaka.ee",@lastejanoortekultuuriaasta988,29,23874,24,False,2016-12-26T06:19:39Z,,,minaka2017 lapsed noored kultuur,UUEMWBOh4eeq5VzY6nud672Q,"https://en.wikipedia.org/wiki/Music, https://en.wikipedia.org/wiki/Entertainment, https://en.wikipedia.org/wiki/Film",eesti meelelahutus
UC_XEKXUZn92srBfPNRQxRoA,everythingaboutestonia,"Welcome to Everything About Estonia! This channel features a wide range of videos about Estonia, including its culture, language, and how global topics impact life here. If you're a foreigner planning to move to Estonia or simply interested in life in this beautiful country, this channel is for you. Don't forget to check out my other social media accounts and my separate language channel for more content.",@everythingaboutestonia,1060,19846,21,False,2017-09-12T09:17:24Z,EE,en,"estonia tallinn ""estonian language"" ""estonian life"" ""life in estonia"" everythingaboutestonia ""everything about estonia""",UU_XEKXUZn92srBfPNRQxRoA,https://en.wikipedia.org/wiki/Lifestyle_(sociology),eesti keeles
UCtgJ6SFNZ8ZNGP0rtVAwJag,Elu vampiirina järjejutt,,@eluvampiirinajarjejutt2992,4,1489,4,False,2015-07-29T22:07:51Z,,,,UUtgJ6SFNZ8ZNGP0rtVAwJag,"https://en.wikipedia.org/wiki/Entertainment, https://en.wikipedia.org/wiki/Film",minu elu
UCsWd84cdZoOuesAWp4aqkgA,LibreOffice EE,,@libreofficeee7376,51,46127,221,False,2013-01-30T12:07:09Z,,,,UUsWd84cdZoOuesAWp4aqkgA,"https://en.wikipedia.org/wiki/Lifestyle_(sociology), https://en.wikipedia.org/wiki/Knowledge, https://en.wikipedia.org/wiki/Technology",eesti programmeerimine
UCyWxKLdyFVvcpiZD0a3ie8g,Superbook Estonian,,@superbookestonian,701,269904,13,False,2020-11-18T15:33:25.516325Z,,,,UUyWxKLdyFVvcpiZD0a3ie8g,"https://en.wikipedia.org/wiki/Television_program, https://en.wikipedia.org/wiki/Film, https://en.wikipedia.org/wiki/Entertainment, https://en.wikipedia.org/wiki/Religion",eesti meelelahutus
UCmG2ldvTWj_idEoAPnpToPg,Learn Estonian,,@estonianwords4u,86,2646,711,False,2014-02-11T19:21:56Z,,,,UUmG2ldvTWj_idEoAPnpToPg,"https://en.wikipedia.org/wiki/Lifestyle_(sociology), https://en.wikipedia.org/wiki/Knowledge",eesti keeles
UC_5USfq1HN-GcVmbEEj3HAg,Lego Filmid,,@legofilmid5876,32,12224,10,False,2014-02-13T18:04:05Z,,,,UU_5USfq1HN-GcVmbEEj3HAg,"https://en.wikipedia.org/wiki/Hobby, https://en.wikipedia.org/wiki/Lifestyle_(sociology)",eesti filmid
UCI85sf-FQZT8F8mx5o7i-YA,VIČI Eesti,,@vicieesti7773,45,393474,30,False,2018-06-29T08:36:52Z,EE,,,UUI85sf-FQZT8F8mx5o7i-YA,"https://en.wikipedia.org/wiki/Food, https://en.wikipedia.org/wiki/Lifestyle_(sociology)",eesti toit
UCUd8dJR31xocKQ11iO1jBMw,EST Street Videography,,@eststreetvideography,9,870,9,False,2023-09-10T14:49:20.91671Z,EE,,Tallinn Oldtown Estonia,UUUd8dJR31xocKQ11iO1jBMw,"https://en.wikipedia.org/wiki/Hobby, https://en.wikipedia.org/wiki/Lifestyle_(sociology), https://en.wikipedia.org/wiki/Tourism",eesti reis
UCZBISCIqHd8h4Gvf3rJOjHQ,coachconorcunningham,,@coachconorcunningham,45,644168,10,False,2011-11-16T12:36:55Z,,,Coach Conor Cunningham Personal Trainer,UUZBISCIqHd8h4Gvf3rJOjHQ,"https://en.wikipedia.org/wiki/Association_football, https://en.wikipedia.org/wiki/Sport, https://en.wikipedia.org/wiki/Television_program",eesti jalgpall
UCducQSSoqNuTSExylPOIKJQ,Betsafe Eesti,Ühine võitjate klubiga üle kogu maailma!,@betsafeeesti,14300,8208834,727,False,2011-12-15T09:33:49Z,EE,,"casino kasiino ""online casino"" spordiennustus pokker korvpall sport ""live TV"" ""kalev kruus"" jalkagurud ralli ""ott tänak"" ""andres sõber"" ""heino enden"" jalgpall",UUducQSSoqNuTSExylPOIKJQ,"https://en.wikipedia.org/wiki/Basketball, https://en.wikipedia.org/wiki/Sport, https://en.wikipedia.org/wiki/Society",eesti taskuhääling
UCxvGnfMgBaSu8mRtJZp2EXA,Eesti Sulgpalliliit,,@eestisulgpalliliit,347,114386,283,False,2013-01-31T21:13:53Z,EE,,,UUxvGnfMgBaSu8mRtJZp2EXA,"https://en.wikipedia.org/wiki/Lifestyle_(sociology), https://en.wikipedia.org/wiki/Sport, https://en.wikipedia.org/wiki/Tennis",eesti sport
UCatYeqAQk_rsLor4Df212fA,Eestielisa,Elisa Eesti reklaamid TV spots,@eestielisa,2490,4511419,352,False,2011-03-24T10:50:07Z,,,Elisa Eesti reklaamid TV spots,UUatYeqAQk_rsLor4Df212fA,"https://en.wikipedia.org/wiki/Television_program, https://en.wikipedia.org/wiki/Entertainment, https://en.wikipedia.org/wiki/Film",eesti meelelahutus
UCR1pwyx3qOPGcegdoYGUYYA,Eesti Põllumajandus-Kaubanduskoda,,@eestipollumajandus-kauband7440,48,6335,98,False,2021-05-28T13:39:59.908387Z,,,,UUR1pwyx3qOPGcegdoYGUYYA,"https://en.wikipedia.org/wiki/Knowledge, https://en.wikipedia.org/wiki/Society",eesti toit
UCxY39SAre9i8BuOcCwB1TAQ,Kiiora - Topic,,,79,51970,46,False,2016-03-10T12:10:36Z,,,,UUxY39SAre9i8BuOcCwB1TAQ,https://en.wikipedia.org/wiki/Music,eesti rahvamuusika
UCcaKFoBAljHNzUgB_bBEHAQ,Tartu Pastoraat,,@pastoraat,321,44419,100,False,2020-06-11T07:21:22.259267Z,EE,,,UUcaKFoBAljHNzUgB_bBEHAQ,"https://en.wikipedia.org/wiki/Religion, https://en.wikipedia.org/wiki/Society",tartu
UCK1wEZsBqf9yyD4NCAGX0vQ,O'Hardi,Eesti maa kanal mõeldud platvormiks vabale suhtlusele ning avatud ideede voolule.,@suppitass,32,1101,10,False,2007-08-06T11:24:01Z,,,,UUK1wEZsBqf9yyD4NCAGX0vQ,"https://en.wikipedia.org/wiki/Lifestyle_(sociology), https://en.wikipedia.org/wiki/Vehicle",eesti taskuhääling
UCYFa65lx0_DoG91SaPtJ48A,Noortekohtuminemetsikloodus Ohudjavoimalused,"Noortekohtumise projekti ""Metsik loodus: ohud ja võimalused"" videokanal :)",@noortekohtuminemetsikloodu312,3,509,7,False,2018-08-05T14:48:36Z,,,,UUYFa65lx0_DoG91SaPtJ48A,https://en.wikipedia.org/wiki/Knowledge,eesti loodus
UCarxTwlNSEwxKuZQJnz11Ig,GoPro Eesti,GoPro on aktiivsete harrastustega inimestele loodud videokaamera mida on lihtne enda või spordivarustuse külge kinnitada. 100% vee- ja põrutuskindel. 100% maailma parim.,@goproeesti8981,38,5951,13,False,2016-01-16T10:23:40Z,,,,UUarxTwlNSEwxKuZQJnz11Ig,"https://en.wikipedia.org/wiki/Vehicle, https://en.wikipedia.org/wiki/Lifestyle_(sociology), https://en.wikipedia.org/wiki/Motorsport",eesti tech
UCU3lxGBfjggHNhqkBqacatQ,Võrumaa Spordiliit,Võrumaa Spordiliidu videogalerii,@vorumaaspordiliit1425,64,43422,108,False,2014-01-31T10:02:17Z,,,,UUU3lxGBfjggHNhqkBqacatQ,"https://en.wikipedia.org/wiki/Lifestyle_(sociology), https://en.wikipedia.org/wiki/Sport",võrumaa
UCFOps_IwDR4RgiQ_Pg5RiIQ,Pinskom Eesti,,@pinskomeesti6613,9,6117,14,False,2021-03-17T10:58:50.11521Z,,,,UUFOps_IwDR4RgiQ_Pg5RiIQ,"https://en.wikipedia.org/wiki/Hobby, https://en.wikipedia.org/wiki/Lifestyle_(sociology)",eesti kultuur
UCcs5mQeJRdRYC3h9SfCCROQ,RigasFonduBirza,"NASDAQ OMX Rīgas Fondu birža ir vienīgā licencētā fondu birža Latvijā. Rīgas Fondu biržas galvenais uzdevums ir nodrošināt iespēju tirdzniecībai ar publiskā apgrozībā esošiem vērtspapīriem, kā arī gādāt par to, lai tirgus būtu atklāts un caurspīdīgs, lai visiem ieguldītājiem tirgus informācija būtu vienādi pieejama.",@rigasfondubirza,2,4627,16,False,2008-10-27T08:13:03Z,,,stocks invest investor stock market conference,UUcs5mQeJRdRYC3h9SfCCROQ,"https://en.wikipedia.org/wiki/Business, https://en.wikipedia.org/wiki/Society, https://en.wikipedia.org/wiki/Knowledge",eesti investeerimine
UCiccRiwPE8TPAjQKzt49HMg,Saaremaa Lihatööstus,"Oleme kvaliteetne ja usaldusväärne eestimaine lihatootja, valmistame maitsvaid ja saaremaise omapäraga tooteid.",@saaremaalihatoostus6010,27,19001,9,False,2020-06-30T11:34:28.013245Z,,,,UUiccRiwPE8TPAjQKzt49HMg,"https://en.wikipedia.org/wiki/Lifestyle_(sociology), https://en.wikipedia.org/wiki/Food",saaremaa
UC6CvwMI1tsEg0xlXrP7VVJw,Tantsuansambel Kuljus,"Tallinna Tehnikaülikooli tantsuansambel Kuljus asutati 1949. aastal. Esimene kunstiline juht oli Salme Valgemäe. Täna on Kuljus üks Eesti suurem rahvatantsuansambel, kus tantsib üle 100 tantsija viies erineva tasemega rühmas.  Kuljus, the folk dance ensemble of Tallinn University of Technology, was founded in 1949 by Salme Valgemäe. Today Kuljus is the biggest folk dance collective in Estonia with over 100 active dancers, who are divided into 5 different levels. Kuljus is considered by the reno",@tantsuansambelkuljus1131,44,9826,10,False,2015-03-22T20:15:12Z,EE,,,UU6CvwMI1tsEg0xlXrP7VVJw,"https://en.wikipedia.org/wiki/Entertainment, https://en.wikipedia.org/wiki/Music, https://en.wikipedia.org/wiki/Performing_arts, https://en.wikipedia.org/wiki/Lifestyle_(sociology), https://en.wikipedia.org/wiki/Hobby",eesti rahvamuusika
UCrs2Cfd5HgK946OW0ti2adQ,Linnakantselei Narva,,@linnakantseleinarva9279,49,819,4,False,2020-12-16T07:37:53.230192Z,EE,,,UUrs2Cfd5HgK946OW0ti2adQ,https://en.wikipedia.org/wiki/Knowledge,narva
UC6O-MQqjZJBbPeYna8LLnqQ,Hipodroom Tallinn,,@hipodroomtallinn7411,487,153564,812,False,2013-05-17T07:01:25Z,,,,UU6O-MQqjZJBbPeYna8LLnqQ,"https://en.wikipedia.org/wiki/Sport, https://en.wikipedia.org/wiki/Pet, https://en.wikipedia.org/wiki/Lifestyle_(sociology)",tallinn
UCSBxd22IJczkh5WSb6kcpjg,revo mängud eesti keeles,,@revomangudeestikeeles6344,4,588,19,False,2019-12-10T18:13:35.901688Z,,,,UUSBxd22IJczkh5WSb6kcpjg,"https://en.wikipedia.org/wiki/Role-playing_video_game, https://en.wikipedia.org/wiki/Video_game_culture, https://en.wikipedia.org/wiki/Action_game, https://en.wikipedia.org/wiki/Action-adventure_game",eesti keeles
UCoMLWxjdAck0xVzz39pbgrg,pauhh,,@pauhh,227,145598,80,False,2007-01-07T15:16:36Z,,,,UUoMLWxjdAck0xVzz39pbgrg,"https://en.wikipedia.org/wiki/Lifestyle_(sociology), https://en.wikipedia.org/wiki/Technology",eesti tech
UCgevhQUmyyrzWpEgbp_pn4w,Ketter Kangur,,@ketterkangur,9,1123,3,False,2012-06-10T13:20:38Z,,,,UUgevhQUmyyrzWpEgbp_pn4w,https://en.wikipedia.org/wiki/Lifestyle_(sociology),eesti reis
UCc4YOs5ZTGSxJXSwxXq5D-g,Lastemaailm,"Lastemaailm- see on kanal lastele ja vanematele, kes tahavad maailma uurida naljaseks. Me teeme teile parimad laulud kaasaegse ravil, kahemõõtmelises ja kolmemõtmelises graafikas.  Telli meie kanal, et uuendamise järgima.",@lastemaailm7823,10200,6646870,21,False,2017-07-27T12:51:29Z,,,,UUc4YOs5ZTGSxJXSwxXq5D-g,https://en.wikipedia.org/wiki/Music,eesti laulud
UC9SDUMOfVerIhUPgx6SSm9w,Eesti Karate Föderatsioon,Eesti Karate Föderatsiooni ametlik YouTube kanal.,@eestikaratefoderatsioon7114,26,5502,8,False,2018-01-19T12:47:23Z,EE,,Eesti Karate Föderatsioon,UU9SDUMOfVerIhUPgx6SSm9w,"https://en.wikipedia.org/wiki/Lifestyle_(sociology), https://en.wikipedia.org/wiki/Sport",eesti sport
UCYKSX9_cVSMuKQ71SP0Z5Vg,chillmees,,@chillmees2510,199,54600,11,False,2013-09-03T16:07:23Z,,,,UUYKSX9_cVSMuKQ71SP0Z5Vg,"https://en.wikipedia.org/wiki/Television_program, https://en.wikipedia.org/wiki/Entertainment, https://en.wikipedia.org/wiki/Film",eesti komöödia
UCnPSmByeV07wxtB3ssydHRg,Airalo Eesti,"Airalo on maailma esimene eSIM-ide pood ränduritele, mis pakub enam kui 200 eSIM-i kõige soodsamate, kohalike hindadega üle maailma – eSIM-iga ühilduva nutitelefoni, tahvelarvuti või lauaarvuti kaudu. Airalo pakub ühenduvust ja vabadust – enam ei pea mitut SIM-kaarti kaasas kandma ega telefoninumbrit muutma, viibige kus tahes. Saage rohkem teada meie põhikanalil",@airalo_ee,5,512,3,False,2024-05-20T08:44:57.802998Z,,,,UUnPSmByeV07wxtB3ssydHRg,"https://en.wikipedia.org/wiki/Lifestyle_(sociology), https://en.wikipedia.org/wiki/Technology",eesti tech
UCUfvfONrcLpz0PQRNvDOPLQ,SA Hiiumaa Muuseumid,"Sihtasutus Hiiumaa Muuseumid on saare keskne mäluasutus, vaimse ja ainelise pärandi säilitaja, uurija ja tutvustaja, hiiumaise iseolemise hoidja ja tugevdaja.",@hiiumaamuuseumid,5,1116,1,False,2023-09-26T07:47:04.026305Z,,,,UUUfvfONrcLpz0PQRNvDOPLQ,,hiiumaa
UCKDL_QhzKMja12ypKu0G65Q,Netikeko,Keila Kooli Blogi Netikeko Youtube'i kanal.,@netikeko,144,31381,31,False,2017-09-21T18:42:41Z,EE,,,UUKDL_QhzKMja12ypKu0G65Q,https://en.wikipedia.org/wiki/Lifestyle_(sociology),eesti uudised
UCTRkIClWm12oSs3Ogb0oGYw,Leva Milov,,@levamilov8586,15,3976,12,False,2013-04-16T14:15:26Z,,,,UUTRkIClWm12oSs3Ogb0oGYw,"https://en.wikipedia.org/wiki/Lifestyle_(sociology), https://en.wikipedia.org/wiki/Hobby, https://en.wikipedia.org/wiki/Tourism",eesti loodus
UCuQFzN_5pTBYFdIjUfb0tFg,Balti Sõjajõud Eesti 🇪🇪,"Tere tulemast kanalile Baltic Forces Estonia! Selles videos vaatame Eesti kaitsejõudude hetkeolukorda, varustust, valmisolekut ja koostööd NATO-ga 2025. Analüüsime sõjatehnikat, taktikat ja Eesti rolli Balti regiooni julgeolekus. 👉 Liitu kanaliga veel rohkemate Eesti sõjaliste analüüside ja uudiste saamiseks! 👉 Jäta kommentaar, millist tehnikat või teemat soovid järgmisena näha! #EestiKaitsevägi #BalticForcesEstonia #NATO #Eesti #Sõjatehnika #Kaitse",@zaheermahi-y4p,1,902,12,False,2025-07-16T11:19:23.23445Z,EE,,"""Eesti kaitsejõud"" NATO ""Balti kaitse"" ""Eesti sõjavägi"" ""Eesti armee"" ""Eesti kaitsevägi"" ""Balti riigid"" ""Eesti sõjatehnika"" kaitseanalüüs ""Eesti julgeolek"" ""sõjaväe uudised"" ""Balti Forces Estonia"" ""sõjaline varustus"" ""Eesti 2025"" ""Eesti NATO koostöö"" ""Eesti kaitseväe varustus"" ""Eesti sõjaline tugevus"" ""Eesti ja NATO"" ""Balti sõjaline koostöö"" ""Eesti kaitse strateegia"" ""Eesti sõjaväe harjutused"" ""Eesti relvajõud"" ""Balti julgeolek""",UUuQFzN_5pTBYFdIjUfb0tFg,"https://en.wikipedia.org/wiki/Politics, https://en.wikipedia.org/wiki/Society",eesti ajalugu
UCl3dH6ds9acoDNBT3iBL4ZQ,MMARaju,"Raju on Eesti sportliku vabavõitluse liiga, kus kohtuvad kahevõitluse parimad sportlased. See on Eesti suurim võitlusspordisündmus, mis garanteerib adrenaliinirohke spordielamuse.  Järgmine sündmus - RAJU 14 - toimub 18. oktoobril 2014 Tartus A. Le Coq spordimajas Raju 14 @ Facebook: https://www.facebook.com/events/632317746843336/",@mmaraju,839,1166221,133,False,2009-04-21T11:03:34Z,,,,UUl3dH6ds9acoDNBT3iBL4ZQ,"https://en.wikipedia.org/wiki/Sport, https://en.wikipedia.org/wiki/Mixed_martial_arts, https://en.wikipedia.org/wiki/Lifestyle_(sociology)",eesti äri
UC2Lc7arSGOtLu4BN5IIEl7A,MiinusMiljon,MiinusMiljon on vahel naljakas ja vahel mitte,@miinusmiljon,18900,2820975,10,False,2011-02-28T09:03:35Z,EE,,"MiinusMIljon ""Miinus Miljon"" Eesti Youtube youtuber",UU2Lc7arSGOtLu4BN5IIEl7A,"https://en.wikipedia.org/wiki/Entertainment, https://en.wikipedia.org/wiki/Society, https://en.wikipedia.org/wiki/Lifestyle_(sociology), https://en.wikipedia.org/wiki/Film",eesti komöödia
UC5gf0W6RLbC5BKmKHs45VeA,Võru Gümnaasium Live,Võru Gümnaasiumi otseülekanded ja videod sündmustest,@vorugumnaasiumlive6974,88,17884,17,False,2016-05-04T08:46:18Z,,,Võru Gümnaasium,UU5gf0W6RLbC5BKmKHs45VeA,https://en.wikipedia.org/wiki/Entertainment,võrumaa
UCe6UNyXPxoE2dRW76PfOovA,Remescar Eesti,"Kui oled väsinud või pinges, võib silmaalune nahk minna paiste ja tumedamaks. See on tunnus füüsilisest ja vaimsest väsimusest. Väsinud olek võib mõjutada negatiivselt sinu enesekindlust ja enesehinnangut. Remescar Eye Bags & Dark Circles on kohese ja efektiivse toimega kreem, mis aitab vähendada silmade paistetust ja tumedaid ringe silmade ümber kõigest üks kord päevas kasutamisega. Selle revolutsiooniline EYESYL-tehnoloogia keskendub koheselt silmade paistetusele ja tumedatele ringidele, kasut",@remescareesti2411,4,876,7,False,2016-10-31T12:21:52Z,,,,UUe6UNyXPxoE2dRW76PfOovA,"https://en.wikipedia.org/wiki/Lifestyle_(sociology), https://en.wikipedia.org/wiki/Health",eesti tehnoloogia
UCBdJc92-7P-KyBtmE3YhMvg,Eesti kohtud,"Kohtute ülesanne on kaitsta inimeste õigusi ja õigusriiki. Õigust mõistab kohtutes ca 230 kohtunikku, kes lahendavad aastas üle 30 000 tsiviilvaidluse, üle 3000 haldusvaidluse ning üle 25 000 süüteoküsimuse. Eesti kohtusüsteem on kolmeastmeline. Esimeses astmes lahendavad tsiviil-, kriminaal- ja väärtoeasju maakohtud ning haldusasju halduskohtud. Teise astme kohtud on ringkonnakohtud ning kolmas kohtuaste on Riigikohus. Riigikohus on ühtlasi põhiseaduslikkuse järelevalve kohus.",@eestikohtud,524,132460,91,False,2012-09-03T08:17:21Z,EE,,,UUBdJc92-7P-KyBtmE3YhMvg,https://en.wikipedia.org/wiki/Society,eesti
UC2GLz-0gZHGuyVr4RMuwgJA,Eesti Arhitektuurimuuseum / Museum of Estonian Architecture,,@eestiarhitektuurimuuseummu7805,392,46339,103,False,2015-09-09T09:42:21Z,,,architecture,UU2GLz-0gZHGuyVr4RMuwgJA,"https://en.wikipedia.org/wiki/Society, https://en.wikipedia.org/wiki/Knowledge, https://en.wikipedia.org/wiki/Lifestyle_(sociology)",eesti teater
UCvepKUTjP-K6JTp3O4mhYmA,ATV Narva,"Atv культура ,квадроциклы здесь ! Подпишись на канал ,не забудь !",@atv_narva,41,12935,20,False,2014-12-28T11:02:43Z,,,,UUvepKUTjP-K6JTp3O4mhYmA,"https://en.wikipedia.org/wiki/Motorsport, https://en.wikipedia.org/wiki/Vehicle, https://en.wikipedia.org/wiki/Lifestyle_(sociology), https://en.wikipedia.org/wiki/Sport",narva
UCYPZaCorvzxtVMzpRtQbU8g,Minuomavalitsus,Minuomavalitsus.ee on Eesti kohalike omavalitsuste avalike teenuste taset hindav veebileht,@minuomavalitsus,26,2493,25,False,2022-02-28T09:15:54.012982Z,EE,,,UUYPZaCorvzxtVMzpRtQbU8g,"https://en.wikipedia.org/wiki/Knowledge, https://en.wikipedia.org/wiki/Society",eesti kultuur
UC8JSOdD8mWJPQI7rCPGkwVg,Eesti.meems_võinäpud,Eesti meeme pärlid! Naerame koos enda üle! 🤣🇪🇪,@eest.meemes,7,2896,4,False,2023-01-17T14:20:09.420893Z,,,,UU8JSOdD8mWJPQI7rCPGkwVg,"https://en.wikipedia.org/wiki/Humour, https://en.wikipedia.org/wiki/Entertainment, https://en.wikipedia.org/wiki/Film",eesti komöödia
UC-fgg1BzaqwJrhOoND_bIFA,Psühhiaatria ja Psühhoteraapia Keskus SENSUS,"Psühhiaatria ja Psühhoteraapia Keskus Sensus pakub juba alates 1999. aastast psühhodiagnostika, kliinilise psühholoogia, tõenduspõhise psühhoteraapia ja psühhiaatria raviteenuseid. Keskuses on võimalik diagnoosida ja ravida kõiki enamlevinud laste, noorukite ja täiskasvanute psüühika- ning käitumishäireid. Oleme spetsialiseerunud tõenduspõhistele psühhoteraapiasekkumistele.",@psuhhiaatriajapsuhhoteraap2349,65,5685,29,False,2018-08-15T09:42:00Z,,,,UU-fgg1BzaqwJrhOoND_bIFA,"https://en.wikipedia.org/wiki/Lifestyle_(sociology), https://en.wikipedia.org/wiki/Health",kuidas teha
UCz33M5ufRxrbIiJordHGmsA,sakumiisproductions,,@sakumiisproductions,31,98832,8,False,2012-01-21T19:43:54Z,,,,UUz33M5ufRxrbIiJordHGmsA,"https://en.wikipedia.org/wiki/Vehicle, https://en.wikipedia.org/wiki/Lifestyle_(sociology), https://en.wikipedia.org/wiki/Video_game_culture, https://en.wikipedia.org/wiki/Knowledge, https://en.wikipedia.org/wiki/Action_game",võrumaa
UCmkURzl95q8OZ9VQpdQu73Q,AptaClubEE,Toitumisalased nõuanded Teie lapse tervisliku elu alguseks.,@aptaclubee,38,3177114,43,False,2012-12-06T19:01:56Z,,,,UUmkURzl95q8OZ9VQpdQu73Q,"https://en.wikipedia.org/wiki/Food, https://en.wikipedia.org/wiki/Health, https://en.wikipedia.org/wiki/Lifestyle_(sociology)",eesti teadus
UC7andgwL2AAHPVD9tEmWF5A,Hiiumaa Muusika- ja Tantsulaager,,@hiiumaamuusika-jatantsulaa5314,0,1030,2,False,2013-01-18T16:20:17Z,,,,UU7andgwL2AAHPVD9tEmWF5A,,hiiumaa
UCpxHJAZRqLXcq2EAYieZZew,tom,,@toomas8,0,1955,13,False,2008-03-08T12:20:38Z,,,,UUpxHJAZRqLXcq2EAYieZZew,"https://en.wikipedia.org/wiki/Association_football, https://en.wikipedia.org/wiki/Sport, https://en.wikipedia.org/wiki/Basketball, https://en.wikipedia.org/wiki/Lifestyle_(sociology)",eesti korvpall
UCjGyxY4bvOCjZvez9Zefjpg,My Little Pony Eesti - ametlik kanal,"Ükssarvikud, pegasused ja maapealsed ponid – ühinege! Tutvu ootamatu sõpruskonnaga, kelle missiooniks on tuua maagia tagasi My Little Pony maailma: Uus põlvkond.",@mylittleponyeesti,512,273061,30,False,2022-01-05T10:52:16.33351Z,EE,,"""my little pony новое поколение"" ""май литл пони новое поколение"" ""kuda poni"" ""pony life"" ""пони новое поколение"" laulud ""little pony"" ""my little pony equestria girl"" ""my little pony multilanguage"" ""my little pony equestria girls"" ""maailma lõpus on kohvik"" ""my little pony"" ""my little pony: equestria girls"" ""naljakad laulud"" oma poni pony ""как нарисовать пони"" ""мой маленький пони новое поколение"" ""balloon girl""",UUjGyxY4bvOCjZvez9Zefjpg,"https://en.wikipedia.org/wiki/Entertainment, https://en.wikipedia.org/wiki/Film, https://en.wikipedia.org/wiki/Hobby, https://en.wikipedia.org/wiki/Lifestyle_(sociology)",eesti meelelahutus
UCC0Q-g9v1D9zC2Jq4Pwx0FQ,Videoõps,"Teeme eesti keeles selliseid harivaid videoid, mis on hästi visualiseeritud, seletavad keerulisi asju arusaadaval moel ja seostavad õpitu eluliste näidetega. Kunagi alustasime ajalooteemaliste videotega kanalil Kristo Siig. Need osutusid üllatavalt populaarseks nii kooliõpilaste ja õpetajate seas kui ka laiema publiku hulgas, keda köitis hariva meelelahutuse formaat. Mõtlesime, et sellised videod võiksid ju olla ka teistel teemadel. Sealt saigi alguse Videoõps. Lihtsalt vaata ja õpi 🚀 #videoõps",videoops,6590,551032,187,False,2020-10-30T18:41:06.534406Z,EE,,,UUC0Q-g9v1D9zC2Jq4Pwx0FQ,https://en.wikipedia.org/wiki/Knowledge,eesti keeles
UCB7ekFhO88f9OmwNxVTDGSg,Pärnu Oikumeeniline Naiskoor,,@parnuoiku,8,3669,9,False,2014-02-11T20:20:53Z,EE,,,UUB7ekFhO88f9OmwNxVTDGSg,"https://en.wikipedia.org/wiki/Christian_music, https://en.wikipedia.org/wiki/Music",pärnu
UCZOKUJ3aVlHVZvN4E_CSKXw,Kirsitšilli,"Tahaks elu nautida ja samas ka suuri asju korda saata - aga kuidas? Iga esmaspäev istuvad Victoria Villig & Maria Rannaväli maha, et arutada neid eluliselt olulisi teemasid, jagada oma kogemusi ning õppida üksteiselt. Haara popcorn, sea end mugavalt sisse ja ühine meie piinlikult ausate vestlustega!",@kirsitsilli2546,4590,597956,36,False,2019-04-29T15:43:20Z,EE,,,UUZOKUJ3aVlHVZvN4E_CSKXw,"https://en.wikipedia.org/wiki/Technology, https://en.wikipedia.org/wiki/Lifestyle_(sociology)",eesti taskuhääling
UCDj9pUBQY84SJtotiql3-iA,FC Nõmme United,"Mart Poomi Jalgpallikool / FC Nõmme United on Eesti edukaim noorteklubi, kus on ühendatud treeningute kvaliteet ja tingimused.  Siia kanalisse lisatakse FC Nõmme Unitedi meeskondade mängude videod.",@fcnommeunited9518,71,10863,47,False,2019-03-20T10:34:47Z,,,,UUDj9pUBQY84SJtotiql3-iA,"https://en.wikipedia.org/wiki/Association_football, https://en.wikipedia.org/wiki/Sport",eesti jalgpall
UC5wv7EN68oquHhfuvlgKcLg,Hiiumaa Homecoming Festival,https://www.homecomingfest.com,@hiiumaahomecomingfestival,19,966,3,False,2022-07-27T21:47:58.08318Z,,,,UU5wv7EN68oquHhfuvlgKcLg,"https://en.wikipedia.org/wiki/Music, https://en.wikipedia.org/wiki/Classical_music",hiiumaa
UCnRav4ytlCX-9qx99x2jh7w,Eesti Vabaerakond,,@eestivabaerakond4654,81,971855,141,False,2014-10-31T08:21:05Z,,,,UUnRav4ytlCX-9qx99x2jh7w,"https://en.wikipedia.org/wiki/Society, https://en.wikipedia.org/wiki/Politics",eesti haridus
UCaq1xRyZVEKzV_Ij6rmzMgw,eKeel,,@ekeelaudio,15,601,80,False,2025-07-15T23:15:52.681459Z,EE,,,UUaq1xRyZVEKzV_Ij6rmzMgw,"https://en.wikipedia.org/wiki/Lifestyle_(sociology), https://en.wikipedia.org/wiki/Knowledge",eesti õppimine
UCfWwhz48Ovb8IJQVriFExKg,Reiki Mercar Tartu,"Jagan siin kanalil meditatsioone, kanaldusi ja nõuandeid, kuidas praeguses muutuvas maailmas uute energiatega toime tulla. Reiki Mercar Tartu keskus võimaldab huvilistel omandada Reiki baasteadmisi ja omandada teadmisi tervendamise võimalustest ning kulgeda vaimsuses avardumise teel. Alates 2006. aastast olen tegutsenud valguse ja armastuse teadlikkuses, mille tulemusena töötasin välja ainulaadse Valgustervenduse praktika - kursuse.  Youtube’i kanalil @valgusekanalmarge on üle 60 meditatsiooni",@valgusekanalmarge,1340,218704,167,False,2020-03-30T18:00:16.087972Z,EE,,,UUfWwhz48Ovb8IJQVriFExKg,"https://en.wikipedia.org/wiki/Health, https://en.wikipedia.org/wiki/Lifestyle_(sociology)",tartu
UCiu-HfmDva90ChEnbltCYfQ,Kolm Põrsakest,"Kolm Põrsakest on õpilasfirmana startinud ettevõte, mille asutajateks on Tartu Hugo Treffneri Gümnaasiumi noored.  Pakume lapsevanematele võimalust muuta oma võsukeste sünnipäev põnevaks, harivaks ja originaalseks.  Teeme teadusetendusi ja -töötubasid lastele ning teadusshowsid täiskasvanutele.  Lisaks viime läbi teadusringe paljudes lasteaedades üle Eesti!",@kolmporsakest2337,49,5316,5,False,2012-12-17T17:14:09Z,,,,UUiu-HfmDva90ChEnbltCYfQ,https://en.wikipedia.org/wiki/Lifestyle_(sociology),eesti teadus
UCAe77XczaYwNvoBnxeWxF4g,G4S Estonia,"Turvafirma G4S näitab, millega me tegeleme.",@g4sest,542,546632,213,False,2009-03-13T08:42:00Z,,,"""g4s turvafirma"" ""g4s security""",UUAe77XczaYwNvoBnxeWxF4g,"https://en.wikipedia.org/wiki/Lifestyle_(sociology), https://en.wikipedia.org/wiki/Technology",eesti tehnoloogia
UCWtGtqkQBVzyifm8AGljs7Q,145sfg,,@145sfg,21,7749,46,False,2010-06-12T11:02:33Z,,,,UUWtGtqkQBVzyifm8AGljs7Q,"https://en.wikipedia.org/wiki/Technology, https://en.wikipedia.org/wiki/Lifestyle_(sociology)",eesti tech
UCkcX3i67F_VPYiTHdajGbmA,Birgit Hüva,"Vlogs of life in Australia as an Estonian backpacker! Sharing my every day life, tips and travel videos!",@birgithva,407,36790,23,False,2011-11-24T20:45:15Z,,,,UUkcX3i67F_VPYiTHdajGbmA,"https://en.wikipedia.org/wiki/Tourism, https://en.wikipedia.org/wiki/Lifestyle_(sociology)",eesti vlog
UCkuzLPWqmtPofRThUgEmjcQ,Eesti sõjamuuseum - kindral Laidoneri muuseum,"Eesti sõjamuuseum - kindral Laidoneri muuseum on Eesti suurim sõjandusvaldkonna mäluasutus, Eesti sõjaajaloo- ja kultuuripärandi koguja, säilitaja, uurija ja eksponeerija.",@eestisojamuuseum-kindralla9611,73,16867,11,False,2020-04-22T12:20:18.798958Z,,,,UUkuzLPWqmtPofRThUgEmjcQ,"https://en.wikipedia.org/wiki/Entertainment, https://en.wikipedia.org/wiki/Knowledge, https://en.wikipedia.org/wiki/Society",eesti ajalugu
UC9phDeW951cDwi-8Y3BVkkw,ASSE Eesti,"VÄLISMAALE GÜMNAASIUMISSE VÕI ÜLIKOOLI! Kui oled 14-18 aastane, soovid või alles unistad maailma avastamisest, siis oled kindlasti õiges kohas. Õppimine välismaal pakub unikaalseid kogemusi, võimalusi ja väljakutseid. See arendab enesekindlust ning vastuvõtlikkust uutele ideedele ja väärtustele. Need on omadused, mis aitavad sul läbi lüüa selles kiiresti arenevas ja muutuvas maailmas. Ära maga maha võimalust juba järgmisel aastal alustada õpinguid teises riigis ja avastada maailma! Kui tunned",@asseeesti3824,328,28281,27,False,2015-11-05T09:47:50Z,EE,,rahvusvaheline õpilasvahetus,UU9phDeW951cDwi-8Y3BVkkw,https://en.wikipedia.org/wiki/Lifestyle_(sociology),eesti
UC-EMoQg-D0XZ3uhjCUT-VBA,Hiiu kannel Eestis meililist,Eesti hiiu kandle mängijate grupp.,@hiiukannel6957,44,4447,14,False,2016-04-11T14:20:23Z,,,,UU-EMoQg-D0XZ3uhjCUT-VBA,https://en.wikipedia.org/wiki/Music,eesti rahvamuusika
UCw-NcrL16AGeEJTN3bvV5gA,Eesti Kirik,Ajaleht Eesti Kiriku Youtube'i leht. Eesti Kirik on EELK häälekandja.,@ajalehteestikirik,144,33398,141,False,2021-10-05T19:31:57.044498Z,,,"EELK ""Eesti Kirik""",UUw-NcrL16AGeEJTN3bvV5gA,"https://en.wikipedia.org/wiki/Society, https://en.wikipedia.org/wiki/Religion",eesti
UCwzX33dKSYWEnVrFUpnoh8g,eFilmid.ee,"Saage lisateavet filmide veebilehtede kohta ja vaadake filme online´is eesti, vene või inglise keeles. Vaadake uusimaid filmiklippe ja leidke kasulikku teavet komöödiate, multifilmide ning romantiliste, seiklus- ja õudusfilmide kohta. Online´is filmide vaatamine on parim viis puhkamiseks ja positiivsete emotsioonide kogumiseks.",@efilmidee,506,219798,36,False,2017-11-06T13:17:35Z,EE,,"filmid ""online filmid""",UUwzX33dKSYWEnVrFUpnoh8g,"https://en.wikipedia.org/wiki/Film, https://en.wikipedia.org/wiki/Entertainment",eesti filmid
UCg2hxAEYM9HDQSJa2aNGapw,Visit Pärnu,Estonia's Holiday Capital - Pärnu!,@visitparnueesti,12,536636,58,False,2023-09-19T07:09:10.211942Z,,,,UUg2hxAEYM9HDQSJa2aNGapw,"https://en.wikipedia.org/wiki/Music, https://en.wikipedia.org/wiki/Lifestyle_(sociology), https://en.wikipedia.org/wiki/Tourism",pärnu
UCbgE6Qkf4iuZufjVCHD55xA,Eesti Live,Riigikogu XIV koosseisu kandidaatide tutvustused.,@eestilive2627,6,2025,9,False,2018-10-28T17:08:02Z,,,,UUbgE6Qkf4iuZufjVCHD55xA,"https://en.wikipedia.org/wiki/Politics, https://en.wikipedia.org/wiki/Society",eesti poliitika
UCxEcAciv5Ayz54ciUWqzhmA,V33 Eesti,"V33 on värvide ja puidukaitsevahendite tootja alates 1957. aastast. Kogu ajalugu sai alguse Prantsusmaal Domblansis asuvast väikeettevõttest, mis kasvas järk-järgult üha suuremaks. Praegu on meie tooted kättesaadaval paljudel Euroopa turgudel. Arendame ja laiendame pidevalt oma tootevalikut, et see vastaks teie ootustele. Kust saab meie tooteid osta?  👉 https://www.k-rauta.ee/",@v33eesti27,2,1135,6,False,2021-06-28T10:30:27.1038Z,,,,UUxEcAciv5Ayz54ciUWqzhmA,https://en.wikipedia.org/wiki/Lifestyle_(sociology),eesti ajalugu
UCSHe53NixwJUS3GI7gWo2FA,Eesti Golfi Liit,Tere tulemast Eesti Golfi Liidu Youtube kanalile! Infot golfiga seonduva kohta leiad meie kodulehelt www.golf.ee,@eestigolfiliit1349,41,16194,123,False,2013-12-02T16:26:49Z,,,,UUSHe53NixwJUS3GI7gWo2FA,"https://en.wikipedia.org/wiki/Sport, https://en.wikipedia.org/wiki/Golf, https://en.wikipedia.org/wiki/Lifestyle_(sociology)",eesti youtuber
UC2fBdWZ2B6LK9eL85THQAiA,Mängumehed,"Korvpalliteemaline meediakanal, kust leiab erinevad saated, podcastid ning intervjuud. Mängumeestele annavad hoogu UNIBET, Kontsertlavad, Arctic Sport, Kaamos ja Jazz pesulad.",@mangumehed,4320,421794,69,False,2012-12-20T19:39:50Z,EE,,,UU2fBdWZ2B6LK9eL85THQAiA,"https://en.wikipedia.org/wiki/Basketball, https://en.wikipedia.org/wiki/Sport",eesti taskuhääling
UCiQ4UjNYlIt5i3GkhIVIdrg,Helina Puksmann,,@helinapuksmann1831,4,1139,25,False,2021-03-09T15:36:33.824658Z,,,,UUiQ4UjNYlIt5i3GkhIVIdrg,"https://en.wikipedia.org/wiki/Pop_music, https://en.wikipedia.org/wiki/Music",eesti haridus
UC7CF1gsvig6XwVVi0B_m8Tg,Bhakti jooga klubi,"Bhakti jooga klubi on virtuaalne keskkond. See on koduks eestikeelsetele videosalvestustele, mille algseks impulsiks on jagada väärtuslikku vedalikku kultuuri ja selle imelist pärli - Bhakti joogat. Siit võib leida läbi aja erinevaid loenguid ja kirtanaid (ühiseid mantra laulmisi). Liitu kanaliga ja vaatame koos, kuhu see koht meid viib ja mida tulevikus pakub!",@bhaktijoogaklubi4742,90,12159,26,False,2015-11-19T09:53:22Z,EE,,Vedalikud teadmised veedalik jooga loengud,UU7CF1gsvig6XwVVi0B_m8Tg,"https://en.wikipedia.org/wiki/Knowledge, https://en.wikipedia.org/wiki/Religion, https://en.wikipedia.org/wiki/Society",vaatame
UCafGRmCJbwUn4yKh6aAKp8w,Haapsalu Korvpall,Haapsalu korvpalli kanal,@haapsalukorvpall3577,24,2485,19,False,2021-09-23T19:24:58.874373Z,,,,UUafGRmCJbwUn4yKh6aAKp8w,"https://en.wikipedia.org/wiki/Basketball, https://en.wikipedia.org/wiki/Sport, https://en.wikipedia.org/wiki/Volleyball, https://en.wikipedia.org/wiki/Lifestyle_(sociology), https://en.wikipedia.org/wiki/Association_football",eesti korvpall
UCiQGqbXr4nHSs3iSMKfE0cA,ImproFilm,"Improfilmi Malev (IFM) on iga-aastane täiskasvanutele suunatud filmientusiastide kogunemine, kus luuakse ühe nädalavahetuse jooksul kuni paarkümmend lühifilmi ja õpitakse kõike alates ideede loomisest kuni montaažini.",@improfilmimalev,187,81832,190,False,2017-08-26T15:33:58Z,EE,et,impro film video malev laager shorts funny sketch comedy estonia movie camp improvisation videography,UUiQGqbXr4nHSs3iSMKfE0cA,"https://en.wikipedia.org/wiki/Film, https://en.wikipedia.org/wiki/Entertainment",eesti filmid
UCv7LvtZn5WJ9gF80YIa_Rfw,Saaremaa Gümnaasium,"Võimalusterohke tuleviku vundamendiks on inimlikkus, uudishimu ja koosloome.",@saaremaagymnaasium,346,67303,53,False,2021-03-03T11:20:52.225041Z,EE,et,,UUv7LvtZn5WJ9gF80YIa_Rfw,https://en.wikipedia.org/wiki/Society,saaremaa
UCKLN7SGvMCA185rBT6H8IkA,AI LAAV,AI LAAV music.,@ailaav,5,1312,10,False,2025-03-03T16:06:33.140768Z,EE,,,UUKLN7SGvMCA185rBT6H8IkA,"https://en.wikipedia.org/wiki/Electronic_music, https://en.wikipedia.org/wiki/Music, https://en.wikipedia.org/wiki/Pop_music",eesti muusika
UCuXxUWF61nk1_OPlUuYMwug,FireGuy,,@fireguy7819,13,1736,11,False,2016-07-05T16:43:52Z,,,,UUuXxUWF61nk1_OPlUuYMwug,"https://en.wikipedia.org/wiki/Action_game, https://en.wikipedia.org/wiki/Video_game_culture, https://en.wikipedia.org/wiki/Action-adventure_game",vaatame
UCfV-6sko0MRIwXwBsmBh-cg,Pärnu Noorte Televisioon,"PNTV koondab videopildis kokku Pärnu noorte tegevused - noori kõnetavad inimesed (-eeskujud), sport, muusika/tants, üritused, filmid, hobid/vabaaja sisustamise võimalused, (vaimne)tervis jpm.",@parnunoortetelevisioon,149,45739,86,False,2021-11-13T16:44:46.299113Z,EE,et,"""Pärnu Noorte Televisioon"" PNTV Pernova Tehnikamaja Filmimeistrid ""Prnova hariduskeskus"" ""Noorte heaks"" ""Pärnu linn"" Pärnu Noorete Noorsootöö Noorsooamet Haridusministeerium Harno Nooerd",UUfV-6sko0MRIwXwBsmBh-cg,"https://en.wikipedia.org/wiki/Lifestyle_(sociology), https://en.wikipedia.org/wiki/Film, https://en.wikipedia.org/wiki/Entertainment",pärnu
UC16lIwZQCUGrEa1Gyg0Wm7A,Ajatu Eesti Muusika,,@ajatueestimuusika,30,7544,19,False,2024-03-23T22:14:11.859334Z,,,,UU16lIwZQCUGrEa1Gyg0Wm7A,https://en.wikipedia.org/wiki/Music,eesti muusika
UCQZ1ekoqzmI5cZnw3M0JYAw,Eesti Väitlusselts,Eesti Väitlusseltsi kodu turniiridel ja mujal filmitule.,@eestivaitlusselts,333,127979,190,False,2014-11-25T17:51:42Z,EE,,väitlus väitlusselts debatt,UUQZ1ekoqzmI5cZnw3M0JYAw,"https://en.wikipedia.org/wiki/Society, https://en.wikipedia.org/wiki/Knowledge",eesti uudised
UCW7MepGR7TNqkYdlk9fazEw,Tartu Poistekoor,,@tartupoistekoor3723,174,102136,170,False,2019-10-20T10:27:29.845817Z,,,,UUW7MepGR7TNqkYdlk9fazEw,"https://en.wikipedia.org/wiki/Christian_music, https://en.wikipedia.org/wiki/Music, https://en.wikipedia.org/wiki/Classical_music, https://en.wikipedia.org/wiki/Performing_arts",tartu
UCa4HCVOFeXkIXD10PLpq2pg,Euronics Eesti,"Euronics on 1990. aastal asutatud Euroopa suurim elektroonikakaupade ostugrupp, mis ühendab endasse 35 riiki ning müüb kvaliteetseid kodumasinaid ja olmeelektroonikat enam kui 11000 kaupluses. Tänaseks pakub Euronics elektroonikakaupu, kodutehnikat, telekommunikatsiooni- ja arvutikaupu enam kui 600 miljonile tarbijale üle kogu Euroopa. Eestis alustas Euronicsi kaubamärk tegutsemist 2003. aastal ning on tänaseks esindatud 16 kauplusega.  Meie missioon on teha kliendi elu lihtsaks. Euronics pakub",@euronicsbaltic,576,3718355,233,False,2009-04-24T16:37:48Z,EE,,euronics eesti elektroonika kodumasinad IT audio/video,UUa4HCVOFeXkIXD10PLpq2pg,"https://en.wikipedia.org/wiki/Lifestyle_(sociology), https://en.wikipedia.org/wiki/Technology",eesti tech
UC7scZsaeP1jzzuhkd9StLVw,Eesti Arvutispordi Liit,Föderatsiooni eesmärgid: - espordi ökosüsteemi loomine ja arendamine Eestis ja Baltikumis - Eesti ja Baltikumi laia publiku kaasamine e-spordi - elanikkonna meediakirjaoskuse suurendamine ja inimeste teadlikkuse tõstmine e-spordist,@eestiarvutispordiliit6013,28,1572,49,False,2021-01-03T14:04:48.588935Z,EE,,"E-sport esports ""estonian esport federation"" csgo dota2 fifa nba2k ""pubg mobile"" lol gaming games kübersport",UU7scZsaeP1jzzuhkd9StLVw,"https://en.wikipedia.org/wiki/Society, https://en.wikipedia.org/wiki/Video_game_culture",eesti gaming
UCnLDxjT4aOBMJnBVRg9HTqw,Üks Kaks Maks,"Meie podcasti missiooniks on võitlusspordi populariseerimine ja arendamine Eestis, tuues kuulajateni põnevad lood ja hetked nii kodumaalt kui ka välismaalt. Episoodides toome teieni eksklusiivsed intervjuud tuntud Eesti sportlastega, kajastame kohalikke sündmusi ning heidame pilgu võitlusspordi telgitagustesse.  Meie eesmärk on inspireerida, harida ja kasvatada võitlusspordi kogukonda, pakkudes sisu, mida te mujalt ei leia 💥👊🏼",@ykskaksmaks,1670,189552,83,False,2023-12-06T05:36:52.461443Z,EE,,,UUnLDxjT4aOBMJnBVRg9HTqw,"https://en.wikipedia.org/wiki/Boxing, https://en.wikipedia.org/wiki/Mixed_martial_arts, https://en.wikipedia.org/wiki/Sport, https://en.wikipedia.org/wiki/Lifestyle_(sociology)",eesti jalgpall
UCvfREGyjhnUw5cDTaZLrTqA,E-Pood Tootemaailm - Soodne epood,"E-pood Tootemaailm on soodne ning suure valikuga e-kaubmaja Tere tulemast E-pood Tootemaailm kanalile! Meie e-kaubamaja pakub laia valikut tooteid kõikidele teie vajadustele ja enamgi veel. Kui otsite midagi erilist või lihtsalt soovite leida kvaliteetseid ja soodsaid kaupu, on E-pood Tootemaailm teie jaoks ideaalne koht. E-pood Tootemaailm on tuntud oma suure valiku ja konkurentsivõimeliste hindade poolest. Meie valikus on kõik vajalik, alates riiete e-poest, jalatsipoest, ehete ja kottide e-",@internetipood,111,80376,519,False,2015-04-04T07:18:08Z,EE,,"epood e-pood internetipood internetikaubamaja internetipood veebipood ""epood 24"" ""riiete epood"" ""riided epood"" ""e kaubamaja"" outlet ""outlet epood"" ""outlet kaubamaja"" tootemaailm",UUvfREGyjhnUw5cDTaZLrTqA,,eesti ajalugu
UC2YCcsokikELhWBGMjzr3iQ,Kon Tiki Reisid,"Kui Sinu eesmärk reisides on kogeda midagi uut, maitsta kohalikke toite, imetleda erilist loodust ja tutvuda kohalike tavadega, siis oled sattunud õigesse kohta. Kon Tiki reisikavad viivad Sind nii mõnigi kord kõrvale tavapärastest turistiradadest ja meie reisijuhid tunnevad imehästi oma sihtkohti ning on nendest vaimustuses. 🔍🌏 Pakume elamusreise, mis jäävad meelde pikaks-pikaks agaks, võib-olla isegi kogu eluks. Meie reisigrupid on väiksemad, seega proovime võimalusel arvestada ka erihuvide j",@kontikireisid,3,1235,11,False,2024-07-02T19:05:49.949619Z,EE,,,UU2YCcsokikELhWBGMjzr3iQ,"https://en.wikipedia.org/wiki/Lifestyle_(sociology), https://en.wikipedia.org/wiki/Tourism",proovime
UC6UvAXihnf4NtEvbpjDH_NA,Mathilda the Van,Meie oleme Indrek ja Kärt ning meil on armas buss Mathilda. Tihtipeale on meiega kaasas ka meie koer Vorst!  Videodes näete bussi renoveerimist ning meie reisivloge nii Eestis kui ka Euroopas.,@mathildathevan,450,44667,56,False,2024-05-17T17:35:18.738203Z,EE,,vanlife roadtrip travel,UU6UvAXihnf4NtEvbpjDH_NA,"https://en.wikipedia.org/wiki/Lifestyle_(sociology), https://en.wikipedia.org/wiki/Tourism",eesti vlog
UCTK0oY2PsYTSo26csyOz88A,ARA JO,"에스토니아 탈린에서 생활하기 vlog 이것저것 내맘대로 찍고편집하고 맛집, 경치, 마트, 이것저것 등등",@arajo624,67,4355,18,False,2011-12-05T12:23:12Z,,,,UUTK0oY2PsYTSo26csyOz88A,"https://en.wikipedia.org/wiki/Food, https://en.wikipedia.org/wiki/Lifestyle_(sociology), https://en.wikipedia.org/wiki/Tourism",eesti vlog
UCIPOMM252Nz5bS-IzCj0HOw,nutriNews International,"Welcome to nutriNews International's channel! Join us and explore specialized content on animal nutrition with industry experts.  This is your chance to connect with the leaders in the field, explore specialized content, and be part of a global community dedicated to improving animal nutrition. 🔔 Subscribe and stay up to date!",@nutrinewsinternational9545,89,24515,49,False,2022-10-18T14:08:17.000711Z,,,,UUIPOMM252Nz5bS-IzCj0HOw,"https://en.wikipedia.org/wiki/Lifestyle_(sociology), https://en.wikipedia.org/wiki/Knowledge, https://en.wikipedia.org/wiki/Health, https://en.wikipedia.org/wiki/Society",mängime
UC5drhOOeWjYiEVLQCY_pAKg,Ilustamata Elu,"Kaks lahedat spordikutti Kenno&Kristo näitavad teile oma elusi tippsporti tõustes, Kenno suusahüpetes ja Kristo jalgrattaga sõites. Kogu selle teekonna toome teile piisava koguse huumori ja amtöörlikusega ning Ilustamata!",@ilustamataelu4223,98,11127,15,False,2016-10-11T20:31:10Z,,,,UU5drhOOeWjYiEVLQCY_pAKg,"https://en.wikipedia.org/wiki/Lifestyle_(sociology), https://en.wikipedia.org/wiki/Sport",eesti vlog
UClY-e8meBhrfx-l-g5mLt2w,Eesti Muusika Restaureerimine,"Tere tulemast Eesti Muusika Restaureerimine kanalile. Siit kanalilt leiad restaureeritud Eesti muusikat.  Video kvaliteet oleneb kõik sellest, millised nad algul olid, vabandan, kui video ei vasta parimatele tingimustele! Juhul kui on soovi, et muusika video on vaja eemaldada, saada email aadressile: eestimuusikarestaureerimine@gmail.com Kanal ei ole seotud mitte ühegi muusika autori või artistiga ja ei kuulu Eesti Muusika Restaureerimine kanalile.",@eestimuusikarestaureerimin9716,0,608,1,False,2021-04-20T17:11:38.238742Z,,,,UUlY-e8meBhrfx-l-g5mLt2w,,eesti muusika
UCHoE_u9JLnvdERsXAkzcTwA,Eesti Pärimusmuusika Keskus,,@viljandifolk,1140,689490,722,False,2010-03-16T12:33:15Z,EE,,"music ""folk music"" ""traditional music"" ""viljandi folk music festival"" estonia visitestonia viljandi visitviljandi ""folk festival""",UUHoE_u9JLnvdERsXAkzcTwA,https://en.wikipedia.org/wiki/Music,eesti rahvamuusika
UC0i1BqP4Wzy6NfXisgBG71g,Tõrva Loits,,@torvaloits2851,23,30649,25,False,2013-07-01T10:06:18Z,,,,UU0i1BqP4Wzy6NfXisgBG71g,"https://en.wikipedia.org/wiki/Entertainment, https://en.wikipedia.org/wiki/Music",eesti kultuur
UCL7V00hrrGBaBIrA5RnLZ6g,18 eesti muinasjuttu,,@18eestimuinasjuttu2,68,36039,18,False,2018-03-21T16:56:12Z,,,,UUL7V00hrrGBaBIrA5RnLZ6g,"https://en.wikipedia.org/wiki/Performing_arts, https://en.wikipedia.org/wiki/Entertainment",eesti teater
UC4yAdS4toCZdP0S11ogvPiA,Zewer Tools Estonian - Eesti keel,"Valmistame ja turustame kanalisatsioonipuhastustööriistu kanalisatsioonipuhastusettevõtjatele.  Meie tööriistad võimaldavad kasutajal muuta tavalise puuri kanalisatsioonipuhastusmasinaks. Torude läbimõõt on vahemikus 50 mm kuni 200 mm.  Oleme spetsialiseerunud painduvate šahtide ja mitmesuguste kanalisatsioonipuhastuskettide tootmisele, mis on mõeldud torude puhastamiseks, ummistuse eemaldamiseks ja katlakivi eemaldamiseks. Kaevikuvaba tehnoloogia kliendid kasutavad meie tööriistu torude etteva",@zewertoolsestonian-eestike-t7e,2,3075,64,False,2024-09-26T10:31:44.20677Z,,,#torulukksepp #torutööd,UU4yAdS4toCZdP0S11ogvPiA,"https://en.wikipedia.org/wiki/Lifestyle_(sociology), https://en.wikipedia.org/wiki/Health",eesti tehnoloogia
UCsiciRw_UJicO7KpK0Bzcsw,Eesti Piljardiliit,Eesti Piljardiliidu turniiride videoülekanded,@eestipiljardiliit5039,30,3643,17,False,2020-01-10T14:03:54.904514Z,,,,UUsiciRw_UJicO7KpK0Bzcsw,"https://en.wikipedia.org/wiki/Lifestyle_(sociology), https://en.wikipedia.org/wiki/Sport",eesti sport
UCKPbzRIbrkTak2-fDAi2vZg,Eesti Laulud,,@kiilakas23,622,1227145,13,False,2007-05-06T13:43:49Z,,,,UUKPbzRIbrkTak2-fDAi2vZg,"https://en.wikipedia.org/wiki/Electronic_music, https://en.wikipedia.org/wiki/Music, https://en.wikipedia.org/wiki/Pop_music",eesti muusika
UCK7qkp0-1xCtWNuOm6zhboQ,Genka - Topic,,,1060,2633914,103,False,2018-08-01T03:55:18Z,,,,UUK7qkp0-1xCtWNuOm6zhboQ,"https://en.wikipedia.org/wiki/Pop_music, https://en.wikipedia.org/wiki/Music, https://en.wikipedia.org/wiki/Hip_hop_music, https://en.wikipedia.org/wiki/Electronic_music",eesti korvpall
UChx2abj65cZl8JjhaNAaasw,Eesti Pakendiringlus OÜ,,@eestipakendiringlus,38,18887,44,False,2018-04-09T12:53:30Z,,,,UUhx2abj65cZl8JjhaNAaasw,,eesti korvpall
UCeyr4XPtYeVjL72gOt6V9tg,Elamus Bowling & Pubi,"Bowlingumängu elamuse uus tase - Skandinaavia ja Baltikumi ainulaadne SPARK radadega bowlingusaal! Elamus Bowling on Eesti suurim ja parima tehnilise varustusega bowlingusaal, 16 Brunswick bowlingurajaga. Rajad on ainulaadse SPARK multimedia lahendusega, mis pakub põnevaid eriefekte. 200-kohalises pubis on võimalik tähistada sünnipäevi, ettevõtte sündmuseid, kaasa elada võistlustele ja spordiülekannetele. Reede ja laupäeva õhtuti loob meeleolu elav muusika. Koosolekute ja privaatsete sündmuste l",@elamusbowlingpubi,37,3040,37,False,2025-08-13T15:30:14.655963Z,EE,,bowling tallinn Estonia entertainment pub whattodo freetime,UUeyr4XPtYeVjL72gOt6V9tg,"https://en.wikipedia.org/wiki/Sport, https://en.wikipedia.org/wiki/Lifestyle_(sociology)",eesti sport
UCebxGdUlfQXWy3pVomD6FtA,Uponor Eesti,"GF Building Flow Solutions, endine Uponor, on rahvusvahelise tööstuskontserni Georg Fischer üksus, millel on müügiettevõtted 30 riigis ja tootmisüksused 13 asukohas Euroopas ja Ameerikas.  Ühendades oma usaldusväärsed tootemargid GF, Uponor ja JRG, mis põhinevad Šveitsi, Soome ja Saksamaa kvaliteedil, pakume turvalisi lahendusi sooja ja külma vee varustamiseks ja reguleerimiseks, müra vähendavaid reoveesüsteeme ning energiatõhusaid kütte ja jahutamise lahendusi.",@uponoreesti,590,1073786,78,False,2016-04-01T06:44:55Z,EE,,"Uponor Eesti põrandaküte küttesüsteemidega Maasoojusenergia Ventilatsioon Tarbeveelahendus Taristulahendused põrandküte ""põrandakütte automaatika"" nutitermostaadid ""kütte juhtimisautomaatika"" ""põrandakütte juhtimissüsteem"" ""temperatuuri juhtimissüsteem"" põrandaküttetorud komposiittoru põrandakütte põrandaküttesüsteem ""põrandakütte juhtimisseadmed"" ""põrandakütte juhtimine"" ""põrandakütte projekteerimine"" pressliitmikud küttetorud ""kütte- ja jahutussüsteem"" tarbevesi laeküte seinaküte lagiküte seinküte",UUebxGdUlfQXWy3pVomD6FtA,"https://en.wikipedia.org/wiki/Lifestyle_(sociology), https://en.wikipedia.org/wiki/Technology",eesti
UCMs_EcmRy-5CUxncsQ0uj0g,TheFurrybal,,@thefurrybal,1,586,1,False,2010-11-21T10:17:56Z,,,,UUMs_EcmRy-5CUxncsQ0uj0g,,eesti toit
UCdyxzuGWUh3jNTwfFOYgmTg,HübriidTV,"HübriidTV on kättesaadav igas uuemas telekas, mis ühendatud antenni ja netiga. Antenni kaudu jõuavad telekasse Eesti telekanalid, nett toob juurde ERRi, Kanal 2, TV3 ja Tallinna TV järelvaatamise, Delfi TV Live'i, Eesti raadiojaamad, tele- ja raadiokavad, MyHitsi, AloTV, looduskalendri kaamerad ja palju muud! Vaata lähemalt: http://www.levira.com/hybriidtv",@hubriidtv6348,91,53160,41,False,2015-07-16T08:46:05Z,EE,,vabalevi vabalevikanalid eesti telekanalid tasuta tasutatv hübriidtv,UUdyxzuGWUh3jNTwfFOYgmTg,"https://en.wikipedia.org/wiki/Technology, https://en.wikipedia.org/wiki/Lifestyle_(sociology)",eesti tech
UCzWdfwibBZsCWRBqD3rurDA,Meister 2 Player Gaming,"Mulle meeldib mängida, jagan kui tundub äge, kui meeldib kliki Like, kui tahad veel Subscribe - ja nii ongi - elu on selline! Discord: https://discord.gg/MKv8KAAw",@tft572,113,26155,86,False,2023-05-19T20:35:54.126993Z,EE,,,UUzWdfwibBZsCWRBqD3rurDA,"https://en.wikipedia.org/wiki/Lifestyle_(sociology), https://en.wikipedia.org/wiki/Video_game_culture, https://en.wikipedia.org/wiki/Role-playing_video_game",eesti gaming
UCZEgOTybypOFk8OZfzta35g,Renault Eesti,Ametlik Renault Eesti YouTube kanal,@renaulteesti,73,319192,8,False,2018-05-30T08:25:48Z,EE,,,UUZEgOTybypOFk8OZfzta35g,"https://en.wikipedia.org/wiki/Lifestyle_(sociology), https://en.wikipedia.org/wiki/Vehicle",eesti tech
UC3vrJg_WdhnDi1BD9qQaRMA,Fröbelin Palikat - Topic,,,1440,13786582,293,False,2013-07-20T06:06:31Z,,,,UU3vrJg_WdhnDi1BD9qQaRMA,"https://en.wikipedia.org/wiki/Pop_music, https://en.wikipedia.org/wiki/Music, https://en.wikipedia.org/wiki/Christian_music",eesti äri
UCTLVb7SJmWg02G2cS-FAxpg,Birgit Hallkivi,,@estsoccer4ever,18,45623,9,False,2008-11-02T17:23:11Z,,,,UUTLVb7SJmWg02G2cS-FAxpg,"https://en.wikipedia.org/wiki/Sport, https://en.wikipedia.org/wiki/Association_football",eesti jalgpall
UC-OakyrqxesyUKS7-fwbIVA,sorro estonia,,@sorroestonia,69,34714,18,False,2018-10-20T15:49:02Z,,,,UU-OakyrqxesyUKS7-fwbIVA,"https://en.wikipedia.org/wiki/Politics, https://en.wikipedia.org/wiki/Society, https://en.wikipedia.org/wiki/Music",eesti äri
UCbkJFsU3AhMf9Rw-KFlgdtw,CitySpa Tallinn,"Luxury SPA,  fitness and lounge in the heart of Tallinn, Estonia.",@cityspatallinn3817,1,1139,4,False,2015-11-04T14:01:20Z,EE,,,UUbkJFsU3AhMf9Rw-KFlgdtw,"https://en.wikipedia.org/wiki/Lifestyle_(sociology), https://en.wikipedia.org/wiki/Health",tallinn
UCdY02Bl2qLUbleq7S-buPZg,Saaremaa Talupidajate Liit,,@saaremaatalupidajateliit4695,3,596,4,False,2014-11-07T14:33:55Z,,,,UUdY02Bl2qLUbleq7S-buPZg,"https://en.wikipedia.org/wiki/Food, https://en.wikipedia.org/wiki/Lifestyle_(sociology)",saaremaa
UCBGlmfoxkswij9Q2CkUS4iA,Eurotoetus,,@eurotoetused,39,91980,82,False,2011-03-03T08:38:05Z,,,,UUBGlmfoxkswij9Q2CkUS4iA,https://en.wikipedia.org/wiki/Society,eesti teadus
UCtwvodXV0fVamjd78KohPeA,RR Koolitus,Eesti Rahvusraamatukogu veebikoolitused ja e-juhendid.,@rrkoolitus513,5,4792,8,False,2015-06-12T08:28:55Z,,,,UUtwvodXV0fVamjd78KohPeA,"https://en.wikipedia.org/wiki/Lifestyle_(sociology), https://en.wikipedia.org/wiki/Knowledge, https://en.wikipedia.org/wiki/Technology",eesti ajalugu
UCgmbe0D62qAItJDZrAX-PJQ,Lavastus Arm,"Siim Maateni lavastus „ARM“ on inspireeritud kuuekümnendate sürrealistlikust maailmakinost ning on vormilt kaasaegne klassikaline draama. autor SIIM MAATEN draamakonsultant AAPO ILVES lavastaja SIIM MAATEN lavastuskunstnik KRISTJAN SUITS (Ugala Teater) videokunstnik KAISA ROOVER valguskunstnik VILLU KONRAD muusikaline kujundus MATIS LEIMA Laval: MADIS MÄEORG, ARTUR LINNUS, KATRIN KALMA, RITA RAAVE Esietendus 10.06.2015 Etendused: 12.06; 13.06; 14.06; 17.06, 18.06, 19.06; 20.06; 26.06, 27",@lavastusarm965,1,1803,9,False,2015-04-08T13:04:10Z,,,,UUgmbe0D62qAItJDZrAX-PJQ,https://en.wikipedia.org/wiki/Music,eesti teater
UCmXR29-JX_BXpUZzhHegEfQ,Tohuwabohu,,@tohuwabohuyt,49,713,1,False,2024-04-23T09:55:40.832009Z,,,,UUmXR29-JX_BXpUZzhHegEfQ,,vaatame
UCqTNVXyW9VXD8Lr8E8YsypQ,PRO GAMING,,@progaming-kj2bq,14,2140,62,False,2020-09-18T19:41:12.67738Z,,,,UUqTNVXyW9VXD8Lr8E8YsypQ,"https://en.wikipedia.org/wiki/Role-playing_video_game, https://en.wikipedia.org/wiki/Action-adventure_game, https://en.wikipedia.org/wiki/Video_game_culture, https://en.wikipedia.org/wiki/Action_game",eesti gaming
UCQSLG_SwWqUuWkxZFBefbTQ,FoodMood,"FOODMOODi  juured  ulatuvad  aastasse  1999,  mil  loodi  ettevõte  LM  Keskus.  Ettevõtte  eesmärk  on  juba  pea  20  aastat  olnud  Eesti  HORECA  klientide  varustamine  kvaliteetsete  toidu  ja  toorainetega.   Nähes  inimeste  kasvavat  huvi  hankida  toitu efektiivsemal  viisil,  avasime  ka  jae-klientidele  võimaluse  tellida  toitu  ja  toiduaineid veebist.",@foodmood7768,45,15212,33,False,2018-05-17T11:02:05Z,EE,,,UUQSLG_SwWqUuWkxZFBefbTQ,"https://en.wikipedia.org/wiki/Lifestyle_(sociology), https://en.wikipedia.org/wiki/Food",eesti toit
UC5dBRRSLnDnyzZeNkXjSDCg,eesti keeles,,@shkolfilm,3890,3950349,18,False,2011-06-30T09:53:07Z,,,,UU5dBRRSLnDnyzZeNkXjSDCg,"https://en.wikipedia.org/wiki/Entertainment, https://en.wikipedia.org/wiki/Film, https://en.wikipedia.org/wiki/Lifestyle_(sociology)",eesti keeles
UCy1sgX95mRJkeItktCKKylg,Tallinn Voice Contest,"International Music Contest ""Tallinn Voice"" 2025 02/05-04/05/2025 Tallinn Estonia",@tallinnvoice,171,12780,45,False,2022-03-31T17:27:56.188186Z,EE,,"музыка конкурс пение выступление голос событие таллинн Эстония вокал песня певец певица талант звезда ""музыкальные инструменты"" шоу инструментал",UUy1sgX95mRJkeItktCKKylg,"https://en.wikipedia.org/wiki/Pop_music, https://en.wikipedia.org/wiki/Music, https://en.wikipedia.org/wiki/Lifestyle_(sociology)",tallinn
UCCvbr2lLCAWTTNmWetbPrvA,Saksamaa Liitvabariigi Suursaatkond Tallinn,,@germanyinestonia,14,5138,42,False,2015-10-03T21:29:49Z,EE,,,UUCvbr2lLCAWTTNmWetbPrvA,"https://en.wikipedia.org/wiki/Politics, https://en.wikipedia.org/wiki/Society",eesti kultuur
UCy58wmwDq1RuoxAmU_WRe7w,Lemmiklaul,"EESTI OTSIB LEMMIKLAULU on saatesari, kus rahvas valib Eesti läbi aegade kauneima laulu. Populaarsemad laulud valitakse sarja televaatajate pakutud lugude seast ning kõlavad Eesti tipplauljate esituses üheksas säravas telesaates. Saatesarja finaalis valitakse kõigi aegade lemmiklaul telefonihääletusel. Igas saates esitatud lauludest valivad televaatajad telefonihääletuse teel ühe, mis pääseb edasi finaalsaatesse. Lisaks jõuab igast saatest finaali veel üks laul tuntud asjatundjatest koosneva",@lemmiklaul,2360,7280482,58,False,2009-03-08T18:36:00Z,,,eesti otsib lemmiklaulu tv3 lemmiklaul,UUy58wmwDq1RuoxAmU_WRe7w,"https://en.wikipedia.org/wiki/Christian_music, https://en.wikipedia.org/wiki/Pop_music, https://en.wikipedia.org/wiki/Music, https://en.wikipedia.org/wiki/Television_program, https://en.wikipedia.org/wiki/Rock_music",eesti rahvamuusika
UCZS8L5p-lmxbwyUSU-wxPFA,Vineyard Tallinn Church,,@vineyardtallinn6479,117,11991,275,False,2020-03-17T14:00:37.092389Z,EE,,Vineyard Tallinn Church kogudus Estonia kirik congregation,UUZS8L5p-lmxbwyUSU-wxPFA,"https://en.wikipedia.org/wiki/Christian_music, https://en.wikipedia.org/wiki/Religion, https://en.wikipedia.org/wiki/Society, https://en.wikipedia.org/wiki/Music",tallinn
UCT85tT5DWVKsPwzZrul80PA,Eesti Muusika Päevad,,@eestimuusikapaevad427,33,2111,13,False,2020-09-22T13:31:38.009714Z,,,,UUT85tT5DWVKsPwzZrul80PA,"https://en.wikipedia.org/wiki/Lifestyle_(sociology), https://en.wikipedia.org/wiki/Music, https://en.wikipedia.org/wiki/Classical_music",eesti muusika
UCu70JZLaVtSZs8fo2j3W51w,PGI Eesti,"See kanal kuulub Eestis tegutsevatele Proctor Gallagher Instituudi (PGI) ametlikele konsultantidele: Kai Oja, Karmo Kivi, Nele Pruul ja Tõnis Lipstok. Meie missioon on juhendada Bob Proctori õpetusi saavutamaks edu ning kasutamaks enda sees asuvat potentsiaali.",@pgieesti1107,160,10511,2,False,2020-02-04T12:46:48.977143Z,EE,,"paradigma küllus bobproctor ""karmo kivi"" ""kai oja"" ""nele pruul"" ""tõnis lipstok"" küllus ""külluse podcast"" raha ""saladuse film"" ""the secret"" raha armastus õnn edu ""edu on süsteem"" distsipliin",UUu70JZLaVtSZs8fo2j3W51w,,eesti podcast
UCMAm2x8PVpC3lxKwa3vWOMA,Parade of Traditions,"Welcome to our channel! We share short videos about national holidays, cultural traditions, and unique customs from around the world. Discover how different countries celebrate, what they value, and the stories behind their most meaningful days. Subscribe to explore culture through celebration!",@paradeoftraditions,20,24560,30,False,2025-07-06T07:54:38.208805Z,,,,UUMAm2x8PVpC3lxKwa3vWOMA,"https://en.wikipedia.org/wiki/Hobby, https://en.wikipedia.org/wiki/Lifestyle_(sociology), https://en.wikipedia.org/wiki/Music, https://en.wikipedia.org/wiki/Society",eesti kultuur
UC9ptGynkOPe3vFRW6otoI3g,Tallinn Digital Summit,"Tallinn Digital Summit is a meeting place for the Heads of State / Heads of Government (HoSG), tech community and influential thinkers of digital-minded nations driving the global conversation on the implications of digitization on governments, economies and societies. The summit will offer a chance to spotlight the latest opportunities of digitization, to shape a more coherent approach to challenges brought by digital transformation and to enhance practical sharing of ideas and lessons among th",@tallinndigitalsummit,693,376005,237,False,2018-07-05T12:54:47Z,EE,,"""digital future"" ""artificial intelligence"" policy ""free movement of data"" ""tallinn digital summit""",UU9ptGynkOPe3vFRW6otoI3g,"https://en.wikipedia.org/wiki/Knowledge, https://en.wikipedia.org/wiki/Society, https://en.wikipedia.org/wiki/Politics",tallinn
UCZ517yg3cCvA1bwlDivQYVA,Weekend Guitar Trio - Topic,,,18,1974,26,False,2013-12-23T19:23:18Z,,,,UUZ517yg3cCvA1bwlDivQYVA,"https://en.wikipedia.org/wiki/Independent_music, https://en.wikipedia.org/wiki/Music, https://en.wikipedia.org/wiki/Jazz",eesti rahvamuusika
UCDZC_0BlpvnrqLaeWerBdUw,Laburuut,Hei! Põhiline eesmärk on tuua teieni naljakat ja huvitavat kraami!,@laburuut4478,351,22927,4,False,2016-08-22T14:58:17Z,EE,,,UUDZC_0BlpvnrqLaeWerBdUw,"https://en.wikipedia.org/wiki/Film, https://en.wikipedia.org/wiki/Entertainment",vaatame
UCvnVJb9npQjspec8w6aIOWg,MänguStuudio,"xxGodTeamxx on nüüd MänguStuudio! Mängime erinevaid mänge! Like, sub, comment ja share ;)",@mangustuudio3210,46,3059,53,False,2013-11-24T18:11:54Z,EE,,,UUvnVJb9npQjspec8w6aIOWg,"https://en.wikipedia.org/wiki/Simulation_video_game, https://en.wikipedia.org/wiki/Role-playing_video_game, https://en.wikipedia.org/wiki/Video_game_culture, https://en.wikipedia.org/wiki/Action-adventure_game",mängime
UC2klTi7Isl6-gXATpPTgpKg,folkrs,Rahvuspapude blogi: http://folkr.blogspot.com,@folkrs,4,3771,7,False,2009-02-01T16:57:50Z,,,"rahvuspapud ""rahvusmustrites tennised"" laulupidu tennised tantsupidu folkr folkrs",UU2klTi7Isl6-gXATpPTgpKg,https://en.wikipedia.org/wiki/Lifestyle_(sociology),eesti uudised
UCEfaeEcOlWGJ2fFLXpwqG7Q,Visit Tallinn - Medieval city by the sea!,"Have you been to Tallinn already? Visit Tallinn presents inspiring videos for fans of this Medieval city as well as for brand new adventurers. Come and take a look at the red rooftops or breathtaking aerial views, wander the streets of Old Town or get lost in the suburbs. Follow our vlogs for the best tips on how to make the most of your stay in Tallinn! Visit Tallinn Tourism Department of Tallinn Strategic Management Office",@visittallinn,9250,2313130,207,False,2009-05-20T12:05:50Z,EE,,"tallinn talin tallin talinn tourism visittallinn ""tallinn tourism"" ""visit tallinn"" ""tallinn strategic centre"" ""tallinn strategic office""",UUEfaeEcOlWGJ2fFLXpwqG7Q,"https://en.wikipedia.org/wiki/Food, https://en.wikipedia.org/wiki/Hobby, https://en.wikipedia.org/wiki/Lifestyle_(sociology), https://en.wikipedia.org/wiki/Tourism",tallinn
UCykOFrpW8Ti_m9ohyE5SAqQ,Narva Meediaklubi,,@narvameediaklubi4990,5,711,7,False,2019-09-27T17:09:31Z,,,,UUykOFrpW8Ti_m9ohyE5SAqQ,"https://en.wikipedia.org/wiki/Society, https://en.wikipedia.org/wiki/Religion",narva
UC2Hq2OcNM4uHoOHAukwKa8w,Candy POP EE,"Maitsete klassikalisi Ameerika ja Aasia maiustusi 🍭, suupisteid 🍿 ja jooke 🥤 📍Solaris Keskus 🛒 Rocca al Mare keskus 🛒 Viru keskus 🛒  Kristiine keskus 🛒  Ülemiste Center keskus 🛒  Online 🤤👇",@candypop_ee,147,552959,67,False,2024-08-14T12:05:45.409581Z,,,,UU2Hq2OcNM4uHoOHAukwKa8w,https://en.wikipedia.org/wiki/Lifestyle_(sociology),eesti keeles
UCcYNvO0Sad25plqJir0pW0Q,Pärnu linna Noortekogu,"Oleme Pärnu linna aktiivsed noored, kes soovivad muuta noorte elu Pärnu linnas veelgi paremaks kui see praegu on :D  Kindlasti külasta meie sotsiaalmeedia kanaleid (Facebook, Instagram) ja kodulehte (plnk.parnu.ee).",@parnulinnanoortekogu8401,10,1949,14,False,2014-08-24T08:03:06Z,,,,UUcYNvO0Sad25plqJir0pW0Q,"https://en.wikipedia.org/wiki/Lifestyle_(sociology), https://en.wikipedia.org/wiki/Society",pärnu
UCSbAL7gP77CHHFUTjmBjXJQ,Fetorce,Eks näis mis saama hakkab.,@fetorce9011,343,54933,10,False,2016-11-24T19:43:52Z,,,,UUSbAL7gP77CHHFUTjmBjXJQ,"https://en.wikipedia.org/wiki/Basketball, https://en.wikipedia.org/wiki/Sport, https://en.wikipedia.org/wiki/Lifestyle_(sociology)",eesti korvpall
UCp8v-UGuzqdMKUOfhWlBrgw,THE SOUND OF ESTONIAN,"Welcome to The Sound of Estonian! My name is Chiara Magi, I am the voice of The Sound of Estonian and also your Estonian teacher. This channel is made for all Estonian language learners. Please feel free to let me know in the comments which videos would you like to see next! Thank you for learning Estonian with us! You can check out also my personal YouTube channel: www.youtube.com/chiaramagix",@thesoundofestonian,3420,114946,11,False,2018-07-19T14:38:57Z,EE,,"estonia ""estonian language"" ""estonian language spoken"" ""estonian language lessons"" estonian ""estonian language for beginners"" ""estonian language course"" ""estonian language speaking"" ""estonian language sound"" ""estonian language conversation"" ""learn estonian""",UUp8v-UGuzqdMKUOfhWlBrgw,"https://en.wikipedia.org/wiki/Lifestyle_(sociology), https://en.wikipedia.org/wiki/Knowledge",eesti keeles
UC-brl3O2wHDEYf1i4Psylog,Saaremaa Rally,Saaremaa Rally is rally event with a long history.,@saaremaarally4165,282,85380,57,False,2018-09-07T07:17:40Z,EE,,"Saaremaaralli Saaremaarally ""Saaremaa ralli"" ""Saaremaa Rally"" rally eal autosport ""saaremaa rally 2023""",UU-brl3O2wHDEYf1i4Psylog,"https://en.wikipedia.org/wiki/Sport, https://en.wikipedia.org/wiki/Motorsport, https://en.wikipedia.org/wiki/Lifestyle_(sociology), https://en.wikipedia.org/wiki/Vehicle",saaremaa
UC6h9B3zC0fElq60pRG4ivcA,Maria Välja ART,"Jagan sinuga oma akvarellidega maalimise videoid ning õpetusi, kuidas sinagi saad maalida ja joonistada looduse ilu ja väge. Olen Maria Välja, Lõuna-Eesti kunstnik ja illustraator. Loon akvarellmaale ja tindijoonistusi, mis on inspireeritud Eesti kaunist loodusest ja väekatest inimestest. Kui soovid minuga koos joonistada ja maalida, siis telli mu kanalit! Liitu ka mu kunstisõprade listiga ning saad kingituseks minu loomaillustratsioonidega värvimislehed! Vaata linki allpool ⬇️ Mõnusat kunst",mariavaljaart,160,20783,20,False,2020-01-09T21:39:13.701592Z,EE,,"joonistamine maalimine akvarell ""joonistamine pildi järgi"" ""akvarellidega maalimine"" ""kuidas joonistada"" ""kuidas maalida"" ""Maria Välja ART""",UU6h9B3zC0fElq60pRG4ivcA,"https://en.wikipedia.org/wiki/Lifestyle_(sociology), https://en.wikipedia.org/wiki/Hobby",eesti kultuur
UCRMUf8cQYW3uERZ6viaGvXw,"Aega võib minna, aga ilus tuleb olla","Meie oleme Liis ja Kertu. Kirglikud matkajad, suusatajad, jooksjad, talisuplejad... Võtame igat väljakutset kui ühte suurt ja vinget seiklust. Isegi ka siis, kui meil pole aimugi, mis meid ees ootamas on ning millesse me taas pea ees hüpanud oleme. Naudime kõike täiel rinnal, oma eheduses ja huumoris. Toome need meeleolukad seiklused teieni ning anname mõtteainet, et saaksid inspiratsiooni enda järgmiseks seikluseks!  Tule meiega kaasa! Lubame, et igav Sul ei hakka!",@aegavoibminnaagailustulebolla,772,49510,20,False,2021-03-08T21:25:09.042478Z,,,,UURMUf8cQYW3uERZ6viaGvXw,"https://en.wikipedia.org/wiki/Tourism, https://en.wikipedia.org/wiki/Lifestyle_(sociology), https://en.wikipedia.org/wiki/Hobby",eesti reis
UCjgiqjLpMYXSJx_gXfjuJ3Q,marimell.eu,"marimell.eu blogi on Eesti üks loetuim pereblogi ja ühe pere veebikodu, kus leiab kajastamist kõik mis meie elu suuremal või vähemal määral puudutab.  ENG: marimell.eu blog is currently one of the most read family blogs in Estonia and the home of one family, where everything that affects our lives to a greater or lesser extent will be published.  Hoia silma peal ka meie blogil: https://marimell.eu Instagram: https://instagram.com/marimell.eu/ Facebook: https://www.facebook.com/marimellPR/ Kui",@marimelliblogi,4560,1493395,193,False,2015-03-27T20:35:19Z,EE,,"""marimelli blogi"" ""marimelli maailma"" ""eesti blogi"" ""video blogi"" pereblogi",UUjgiqjLpMYXSJx_gXfjuJ3Q,https://en.wikipedia.org/wiki/Lifestyle_(sociology),eesti vlog
UCd72rJlZqjhFb36R0gGlTOg,GlambyMerili,Hei! Mina olen Merili ja siin kanalil jagan mina oma teekonda rinnavähiga võitluses💪🏻 Näha saab vlogi stiilis igapäevaelu kui ka iluteemalisi videosid vähihaige ilurutiinidest🧖🏼‍♀️,@glambymerili,1230,109223,51,False,2012-01-10T16:16:45Z,,,,UUd72rJlZqjhFb36R0gGlTOg,https://en.wikipedia.org/wiki/Lifestyle_(sociology),eesti vlog
UCVj1e63voLFNSF1WU085_XQ,Tartu laulupidu,https://www.tartulaulupidu.ee,@tartulaulupidu4226,62,22027,20,False,2016-04-28T15:41:41Z,EE,,"""tartu laulupidu""",UUVj1e63voLFNSF1WU085_XQ,"https://en.wikipedia.org/wiki/Classical_music, https://en.wikipedia.org/wiki/Music, https://en.wikipedia.org/wiki/Lifestyle_(sociology)",tartu
UCJC5jxWaFB36gkgPkwmnnWg,Narva Malevkond Meedia,"Tervist sõber! Sa näed Kaitseliidu Narva malevkonna YouTube kanalit. Siit sa leiad viideosid meie malevkonna ja linna elust. Räägi meist sõpradele ja subscribe, et näha uusi videosid. Здравствуй друг! Ты находишься на YouTube канале Нарвской дружины Kaitseliit, здесь ты найдёшь видео из жизни нашей дружины и города. Расскажи о нас друзьям и подписывайся на канал, чтобы увидеть новые видео.",@narvamalevkondmeedia9187,51,9416,2,False,2018-02-21T19:37:03Z,,,,UUJC5jxWaFB36gkgPkwmnnWg,"https://en.wikipedia.org/wiki/Society, https://en.wikipedia.org/wiki/Military",narva
UCJl7ZK6b4ph6YAnHF0NSUoQ,Hiiumaa TantsuFestival,,@hiiumaatantsufestival4632,2,636,1,False,2014-09-04T10:54:46Z,,,,UUJl7ZK6b4ph6YAnHF0NSUoQ,,hiiumaa
UC8UV_kAD2ZbIpqfXPA4Bf9g,Martu,Minu eesmärk on 200 subscribe täis saada samal ajal kui loon teile kontenti TULGE KA MU DISCORDI,@martu11-z2x,106,6738,102,False,2025-05-06T19:43:53.907021Z,,,,UU8UV_kAD2ZbIpqfXPA4Bf9g,"https://en.wikipedia.org/wiki/Role-playing_video_game, https://en.wikipedia.org/wiki/Video_game_culture, https://en.wikipedia.org/wiki/Action-adventure_game",vaatame
UCumZY6lIM-ZypREv1Fhtoeg,Carolina Maasing,,@carolinamaasing,2380,115107,27,False,2013-09-03T18:59:55Z,EE,,,UUumZY6lIM-ZypREv1Fhtoeg,"https://en.wikipedia.org/wiki/Lifestyle_(sociology), https://en.wikipedia.org/wiki/Knowledge",eesti keeles
UCIsQBIMcPlnwt4ZgPX8-d4g,Võru Nightride,Oleme Võrumaa ja Jõgevamaa noored kellele meeldib tegeleda tehnika ja autodega.  Ehitame omal käel autosid läbi mille õpime ka uusi kogemusi.,@vorunightride,466,46171,27,False,2022-06-16T21:38:51.208909Z,EE,,,UUIsQBIMcPlnwt4ZgPX8-d4g,"https://en.wikipedia.org/wiki/Motorsport, https://en.wikipedia.org/wiki/Lifestyle_(sociology), https://en.wikipedia.org/wiki/Vehicle",võrumaa
UCYbaQCG50MylJzoMtcrdykA,Discgolfi Kanal,"Lots of videos about Estonian disc golf life: our courses, our players making challenges ....",@discgolfikanal,3150,1271048,348,False,2009-02-14T14:59:56Z,EE,,"Discgolf ""disc golf"" discgolf FrisbeeGolf DiscGolfLife DiscGolfCommunity DiscGolfLove DiscGolfCourse DGFamily DiscGolfJourney DGAdventures PuttingPractice DiscGolfTips DiscGolfReview WinterDiscGolf DJI Drone Discraft MVP Innova Prodigy Latitude64 DynamicDisc Westsidediscs",UUYbaQCG50MylJzoMtcrdykA,"https://en.wikipedia.org/wiki/Hobby, https://en.wikipedia.org/wiki/Lifestyle_(sociology), https://en.wikipedia.org/wiki/Golf",võrumaa
UCWEu_v7-BPyDVMJTfBOBx4A,TTÜ Korvpalliklubi,"TTÜ Korvpalliklubi on Eestis tegutsev professionaalne korvpalliklubi, mis on 2015-16 hooajal esindatud nii Alexela Eesti Korvpalli Meistriliigas, ISBL üliõpilasliigas, Balti liigas kui ka Eesti meeste karikavõistlustel. Korvpalliliigade leheküljed, kust leiab lisainformatsiooni: Alexela KML - www.basket.ee ISBL - www.isbl-basket.com TTÜ tudengite seas on korvpall olnud läbi aegade üks populaarsemaid spordialasid. Nii on näiteks sellest ülikoolist sirgunud nii Euroopa kui ka Maailmameister. Lis",@ttukorvpalliklubi9268,28,13542,98,False,2016-10-07T10:57:04Z,,,,UUWEu_v7-BPyDVMJTfBOBx4A,"https://en.wikipedia.org/wiki/Lifestyle_(sociology), https://en.wikipedia.org/wiki/Association_football, https://en.wikipedia.org/wiki/Sport, https://en.wikipedia.org/wiki/Basketball",eesti korvpall
UC6ZPAFR8KtmAtqncqgFGF0g,Kallavere Keskkool,,@kallaverekeskkool9300,12,2066,6,False,2013-04-22T09:49:57Z,,,,UU6ZPAFR8KtmAtqncqgFGF0g,"https://en.wikipedia.org/wiki/Lifestyle_(sociology), https://en.wikipedia.org/wiki/Entertainment, https://en.wikipedia.org/wiki/Performing_arts, https://en.wikipedia.org/wiki/Hobby",eesti kunst
UChJOzjseawFAU6xonH4whsQ,XII Metsapoole RahvaMuusikaLaager 2017,,@xiimetsapoolerahvamuusikal7551,23,15440,34,False,2019-12-10T02:35:34.363569Z,EE,,,UUhJOzjseawFAU6xonH4whsQ,"https://en.wikipedia.org/wiki/Music, https://en.wikipedia.org/wiki/Lifestyle_(sociology)",eesti rahvamuusika
UCSN5qL67YMONL-vDk333z5g,Avesco Eesti,Avesco on Caterpillari ametlik esindaja Baltimaades. Pakume laia valikut ehitusseadmeid ja generaatoreid koos asjatundliku teeninduse ja hooldusega. Lisateabe saamiseks külastage meie kodulehte.,@avescoeesti,21,326302,41,False,2021-04-01T10:40:49.934545Z,EE,,Ekskavaator ratasekskavaator laaduekskavaator kompaktlaadur kompaktrataslaadur rataslaadur teleskooplaadur buldooser pinnaserull asfaldilaotur külmfrees teehöövel pinnasefrees vibroplaat tamper generaator mootor ehitusmasinad hooldus varuosad sitech tööorganid,UUSN5qL67YMONL-vDk333z5g,"https://en.wikipedia.org/wiki/Lifestyle_(sociology), https://en.wikipedia.org/wiki/Vehicle",eesti tehnoloogia
UCa7CYdDKOuUdAIxeFY8pIVg,Eesti asi,,@anonymos739,589,71150,13,False,2018-10-14T16:33:47Z,,,,UUa7CYdDKOuUdAIxeFY8pIVg,"https://en.wikipedia.org/wiki/Film, https://en.wikipedia.org/wiki/Entertainment",eesti meelelahutus
UCSNDVv7DM5Z0GYC7gZppXuQ,Nipsumees,"""Muusika, mis ei võta end tõsiselt 🎵""",@nipsumees,574,217562,122,False,2013-10-03T00:34:53Z,,,,UUSNDVv7DM5Z0GYC7gZppXuQ,"https://en.wikipedia.org/wiki/Pop_music, https://en.wikipedia.org/wiki/Music, https://en.wikipedia.org/wiki/Electronic_music",eesti muusika
UCV1sBfvMHH2IWU4VTkg_iaQ,Eesti muusika,,@eestimuusika7412,110,165322,2,False,2015-10-30T13:09:41Z,,,,UUV1sBfvMHH2IWU4VTkg_iaQ,"https://en.wikipedia.org/wiki/Pop_music, https://en.wikipedia.org/wiki/Music",eesti muusika
UCIuIAHRgFPQxvVav1HOQS7Q,Astroloogia Abi,"Astroloogia Abi toob teieni regulaarselt, kõrge kvaliteediga astroloogilist sisu. Meie poolt teile toodud sisu aitab igapäeva otsuseid langetada, ning toob selgitusi maailmas toimuvatele sündmustele kasutades astroloogilisi teadmisi, ja aastatepikkuseid kogemusi.  Astroloogia Abi astroloogideks on Karin ja Urmas. ⛔ LAHTIÜTLUS: ASTROLOOGIA ABI NÄDALA ÜLEVAATES TOODUD INFO ON EDASTATUD VAID HARIDUSLIKEL EESMÄRKIDEL. ÄRA KASUTA MEIE EDASTATUD INFORMATSIOONI FINANTSOTSUSTE TEGEMISEKS ENNE KUI OLED",@astroloogiaabi,2180,337694,348,False,2016-10-10T18:13:46Z,EE,,"astroloogia astrology help abi lifestyle business eesti estonia astroloogiaabi ""astroloogia abi"" astrologyhelp ""astrology help"" ""finants astroloogia"" finants finance ""finance astrology"" tervis health ""tervise astroloogia"" ""health astrology""",UUIuIAHRgFPQxvVav1HOQS7Q,,eesti poliitika
UCvEGicSXJ7GziV__l_RKuYA,Filmitalgud2011,,@filmitalgud2011,33,59774,56,False,2011-03-02T15:13:15Z,,,"filmitalgud talgud talgufilm vabatahtlikud ""Eesti film 100"" ""eesti film"" eesti estonia",UUvEGicSXJ7GziV__l_RKuYA,"https://en.wikipedia.org/wiki/Entertainment, https://en.wikipedia.org/wiki/Film",eesti filmid
UCbSwe8TQ-GbVxkoe06CBR-w,Kalal ja Looduses.,Tere olen 19 a tavalisest erilisem hull noor nagu ikka kõik noored on. minu suurim pluss on see et ma ei mängi neid nõmedaid pagana mänge mida kõik teised noored ja ka vanad mängivad. Pigem veedan ma aega rohkem väljas või arvutis videoid kokku pannes. Muul ajal tegelen enda eluga nii nagu just mina ja ainult mina seda oskan. kalal ja looduses facebook https://www.facebook.com/profile.php?id=100086867522346,@kalaljalooduses.,561,141097,267,False,2021-07-31T11:14:13.853648Z,EE,et,sõbralik huvitav arendav lapsesõbralik,UUbSwe8TQ-GbVxkoe06CBR-w,"https://en.wikipedia.org/wiki/Hobby, https://en.wikipedia.org/wiki/Lifestyle_(sociology)",minu elu
UCb2F7WqoKZ8D5zV-8WAPwwg,Koraan eesti keeles,,@koraaneestikeeles,14,1746,3,False,2020-12-25T19:09:29.134262Z,,,,UUb2F7WqoKZ8D5zV-8WAPwwg,"https://en.wikipedia.org/wiki/Society, https://en.wikipedia.org/wiki/Religion, https://en.wikipedia.org/wiki/Lifestyle_(sociology)",eesti keeles
UCOW9Q8rwYsGVgXNaAHRi_DA,Delfi TV Eesti,Teeme huvitavaid asju huvitavate inimestega.,@delfitveesti,16300,9020217,194,False,2017-07-14T08:59:34Z,EE,,"""delfi tv"" delfi kroonika ""kruvib või ei kruvi"" ""interneti superstaarid""",UUOW9Q8rwYsGVgXNaAHRi_DA,"https://en.wikipedia.org/wiki/Society, https://en.wikipedia.org/wiki/Lifestyle_(sociology), https://en.wikipedia.org/wiki/Music, https://en.wikipedia.org/wiki/Entertainment, https://en.wikipedia.org/wiki/Television_program",eesti uudised
UC-Bp0zjJkl75l57QFYdI_DQ,Rahvatantsurühm Leisberg,,@rahvatantsuruhmleisberg,4,1598,10,False,2025-06-06T18:17:06.990358Z,,,,UU-Bp0zjJkl75l57QFYdI_DQ,"https://en.wikipedia.org/wiki/Hobby, https://en.wikipedia.org/wiki/Performing_arts, https://en.wikipedia.org/wiki/Music, https://en.wikipedia.org/wiki/Lifestyle_(sociology)",eesti kultuur
UC44fabvXD9WftYQ2OoiLwvA,Robin Valting,"Toon teieni erinevaid spordialasid koos antud spordiala parimate sportlastega. Sa võid mulle alati kirjutada, kui sul on ideid spordiala või sportlaste valikul. Samuti võid alati kirjutada ideid, mida tahaksid videotes mind või sportlasi tegemas näha.",@robinvalting,10700,747208,30,False,2020-11-06T10:51:20.982039Z,EE,,"""robin valting"" robin valting",UU44fabvXD9WftYQ2OoiLwvA,"https://en.wikipedia.org/wiki/Association_football, https://en.wikipedia.org/wiki/Sport, https://en.wikipedia.org/wiki/Lifestyle_(sociology)",hiiumaa
UCS-Ai_Xh68-kCElRdY4_WZw,KuidasTeha,,@kuidasteha,220,80664,7,False,2010-06-22T16:39:45Z,,,,UUS-Ai_Xh68-kCElRdY4_WZw,"https://en.wikipedia.org/wiki/Lifestyle_(sociology), https://en.wikipedia.org/wiki/Food",kuidas teha
UCw6w7GPVf4wxNtBKqv84_Ug,311.ee,Ametlik www.311.ee YouTube kanal!,@estonianmusic,128,50665,12,False,2014-02-18T09:01:53Z,,,,UUw6w7GPVf4wxNtBKqv84_Ug,"https://en.wikipedia.org/wiki/Pop_music, https://en.wikipedia.org/wiki/Music, https://en.wikipedia.org/wiki/Independent_music, https://en.wikipedia.org/wiki/Soul_music, https://en.wikipedia.org/wiki/Rock_music",eesti muusika
UCF2fb626zA_G7cKKIk8G-CA,BeebiYogi,https://linktr.ee/beebiyogi,@beebiyogi,176,43272,62,False,2022-11-22T21:19:52.187421Z,,,,UUF2fb626zA_G7cKKIk8G-CA,"https://en.wikipedia.org/wiki/Physical_fitness, https://en.wikipedia.org/wiki/Lifestyle_(sociology), https://en.wikipedia.org/wiki/Health",eesti teadus
UCSTm3kFxkFnGpRD43d_Ycog,Mis? Töökoda 2.0,"Tere Autod ja sellega seonduv on olnud mulle hingelähedane juba lapsepõlvest. Mida aeg edasi, seda rohkem hakkasin tundma, et see ongi puudu veel õnnest. Iga inimene teab, et päris nii see ei ole. Vahel tekib ka hetki, kus tahaks kõik selle jama korraga põlema panna ja tantsida ümber lõkke voodoo tantsu.  Siin kanalil tegelemegi asjadega, mis peakanalile ei sobi. Erinevad sõprade projektid, võimalik et ka mingeid rumalusi.  Seda kõike vaatame jooksvalt ning proovime vaatajatele võimalikult huv",@misworkshop2.0,190,8615,6,False,2024-11-30T06:54:20.18024Z,,,,UUSTm3kFxkFnGpRD43d_Ycog,"https://en.wikipedia.org/wiki/Vehicle, https://en.wikipedia.org/wiki/Lifestyle_(sociology)",vaatame
UCdLXaf4tex-nUqo6FjB04Kw,Saaremaa Seikluspark Hallikivi,,@saaremaaseiklusparkhalliki6658,1,1145,2,False,2014-04-21T08:43:04Z,,,,UUdLXaf4tex-nUqo6FjB04Kw,https://en.wikipedia.org/wiki/Lifestyle_(sociology),saaremaa
UCbTDHjqL6iOQbtDYs2deorQ,ÜHIK - Ühinenud Heade Inimeste Kogukond,"ÜHIK ehk Ühinenud Heade Inimeste Kogukond on kogum vabakutselisi kunstnikke, kes on 2024. aasta jooksul külastanud erinevaid Eesti kogukondi, et nende lugusid lindile püüda.",@yhik.dokumentaal,145,8033,7,False,2024-10-10T11:36:51.059984Z,,,,UUbTDHjqL6iOQbtDYs2deorQ,"https://en.wikipedia.org/wiki/Religion, https://en.wikipedia.org/wiki/Lifestyle_(sociology), https://en.wikipedia.org/wiki/Society",eesti kunst
UCqm1PaNR-Hnn382xSgamKXA,AQUAPHOR Eesti,"AQUAPHOR on maailma üks juhtivaid veepuhastusseadmete tootjaid koju ja tööle. Valikus on veekannud, -filtrid ja -süsteemid. Aquaphori veefiltrites kasutatakse kvaliteetset aktiivsütt, mis on toodetud kookospähkli koorest. Peale söe kasutatakse veefiltrites ioonvahetusvaiku – ainet, mis seob raskmetallide ioone - kõik selleks, et saaksite juua kvaliteetset ja puhast joogivett. Aquaphori filterkanne ning filtreerimis süsteeme saad mugavalt soetada meie e-poes aquaphor.ee.",@aquaphorveefiltrid6720,8,719,9,False,2022-04-07T06:44:06.252345Z,,,,UUqm1PaNR-Hnn382xSgamKXA,"https://en.wikipedia.org/wiki/Lifestyle_(sociology), https://en.wikipedia.org/wiki/Technology",eesti tehnoloogia
UCOebd9QpGQi52lNfGxDjbhw,PNP,https://pnpo.wordpress.com/,@pnpo,52,18461,98,False,2022-11-01T08:18:18.658968Z,EE,,,UUOebd9QpGQi52lNfGxDjbhw,"https://en.wikipedia.org/wiki/Music, https://en.wikipedia.org/wiki/Classical_music",pärnu
UCoqQY6frjUaqFyfbkEC9kqw,Bayer Crop Science Eestis,"Kasutame inimeste leidlikkust põllumajanduse tuleviku kujundamiseks põllumajandustootjate, tarbijate ja meie planeedi jaoks.",@bayercropscienceeestis4062,30,147876,59,False,2021-04-08T13:10:44.977012Z,EE,,,UUoqQY6frjUaqFyfbkEC9kqw,https://en.wikipedia.org/wiki/Knowledge,eesti teadus
UCobF-9nGvfNhT_n39pFcLTw,Isamaalised Laulud,https://www.patreon.com/isamaalisedlaulud,@isamaalisedlaulud,4410,3222838,58,False,2019-07-12T10:53:33Z,EE,,,UUobF-9nGvfNhT_n39pFcLTw,https://en.wikipedia.org/wiki/Music,eesti muusika
UCojPGrGqklNKX0K6REQjWfg,The Clash Baltic,,@theclashbaltic,151,24034,32,False,2024-11-21T13:32:30.879045Z,EE,,,UUojPGrGqklNKX0K6REQjWfg,"https://en.wikipedia.org/wiki/Lifestyle_(sociology), https://en.wikipedia.org/wiki/Boxing, https://en.wikipedia.org/wiki/Sport, https://en.wikipedia.org/wiki/Mixed_martial_arts",eesti sport
UCityx5Gu0bwXBFxxIfrMuzQ,Eesti Judoliit,,@eestijudoliit4299,22,4618,16,False,2017-12-11T16:09:04Z,,,,UUityx5Gu0bwXBFxxIfrMuzQ,"https://en.wikipedia.org/wiki/Lifestyle_(sociology), https://en.wikipedia.org/wiki/Sport",eesti sport
UCg16UpKWY3BAHnTSesqI_nQ,Sõdurilood,,@sodurilood,576,379651,141,False,2024-03-20T15:36:44.771858Z,,,,UUg16UpKWY3BAHnTSesqI_nQ,https://en.wikipedia.org/wiki/Music,eesti rahvamuusika
UC0JcCHqjVyKizPNz07d_pcA,Saare Arenduskeskus,"Saaremaa Arenduskeskus kuulub maakondlike arenduskeskuste (MAK) võrgustikku, kuhu kuuluvad kõigis maakondades paiknevad organisatsioonid, mis pakuvad tasuta nõustamisteenust alustavatele ja tegutsevatele ettevõtetele, kohalikele omavalitsustele, alustavatele ja tegutsevatele mittetulundusühingutele ja sihtasutustele. Tegemist on suurima üle-eestilise nõustamisvõrgustikuga. Meile meeldib, et on palju tublisid ettevõtjaid, et kodanikuühendused on aktiivsed ja omavalitsused seisavad piirkonna aren",@saarearenduskeskus4672,48,24132,99,False,2016-06-12T10:29:49Z,,,,UU0JcCHqjVyKizPNz07d_pcA,"https://en.wikipedia.org/wiki/Society, https://en.wikipedia.org/wiki/Business",saaremaa
UCGDtA3xuHWwWyUvTqESOp3w,PunkarTT,"Teen videoid huvi pakkuvatel teemadel. Selle kanali tuleviku kohta midagi kindlat ei saa lubada kuna elu võib iga hetk muutuda ja plaanid sassi lüüa. Minu elu moto: vahet pole kui keeruline mu elu on, ELU ON VÄÄRT ELAMIST!",@punkartt,5,1587,61,False,2023-11-10T11:30:15.936397Z,,,,UUGDtA3xuHWwWyUvTqESOp3w,"https://en.wikipedia.org/wiki/Music, https://en.wikipedia.org/wiki/Lifestyle_(sociology)",minu elu
UCDQNAQaUceBTLXDLoS6fUaQ,Tallifornia,,@tallifornia1323,948,1672552,62,False,2016-04-07T07:03:14Z,EE,,,UUDQNAQaUceBTLXDLoS6fUaQ,"https://en.wikipedia.org/wiki/Film, https://en.wikipedia.org/wiki/Entertainment",eesti komöödia
UCvY9YJQiuwW0MM1cxYebUsQ,Eesti ja inglise filmid,Siia kanalile ma panen eesti ja inglise keelseid filme ja sarju kirjutage mulle ikka mis filme või sarju tee näha tahaksite.,@eestijainglisefilmid1751,285,108739,2,False,2020-04-22T15:17:33.603117Z,,,,UUvY9YJQiuwW0MM1cxYebUsQ,"https://en.wikipedia.org/wiki/Film, https://en.wikipedia.org/wiki/Entertainment",eesti filmid
UC0fnnSSRzorBJgmsHgazJSw,Urr Lau,"Meie oleme Fred Rõigas, Kaie Sauga, Karin Leetsar ja Markus Orav - koos moodustame eesti folk/FX/vokaalbändi Urr lau. Laulud loome enamasti koos jämmides, kasutame selleks oma hääli, beatboxi, looperit ja efektiplokke, mis võimaldavad tuua kuulajateni erinevaid muusikastiile, heliefekte kui ka põnevaid kooskõlasid. Laulude tekstid ja viisid otsime eesti folklooripärandist, eesmärgiga seostuda tänapäevaga.  Luubime rahvaviisid võnkuma uutel rütmidel ja kõladel! Urr Lau is an Estonian folk/FX/vo",@urrlau3522,28,6667,8,False,2018-11-24T21:21:30Z,EE,,"Eesti folk/FX/vokaalbänd. Estonia Folk/FX/Vocalband Estonian Folk FX Vocalband acapella ""a capella"" Music beatbox vocal band group ""vocal group"" looper loop ""Boss VE-20"" ""Boss RC-505"" ""loop station"" ""shure SM58"" ""shure BETA 58A"" SHURE ""Traditional Music"" vokaal etno ethno ethnographic pop ""Markus Orav"" ""Kaie Sauga"" ""Karin Leetsar"" ""Fred Rõigas"" rahvamuusika muusika pärimusmuusika folkloor folklore ""mukhar baind"" ""मुखर बैंड"" vokalband 声乐队 ""Shēng yuèduì"" ""вокальная группа"" ""vokal'naya gruppa"" vokāls vokalas ""vokalinė grupė""",UU0fnnSSRzorBJgmsHgazJSw,https://en.wikipedia.org/wiki/Music,eesti laulud
UCceLChPOjfJFRIo-qNvs-0w,Eesti Parkour,"Siit kanalilt leiab Eesti parkouri loodud sisu. :) Jammid, õppevideod ja muud lahedad projektid. :)",@eestiparkour,661,17100,10,False,2017-11-27T11:24:49Z,,,,UUceLChPOjfJFRIo-qNvs-0w,"https://en.wikipedia.org/wiki/Hobby, https://en.wikipedia.org/wiki/Lifestyle_(sociology)",eesti
UCim5Ita9Q7ZwgWEfkChiEbg,My Little Pony - Estonia,Minu väike poni: Sõprus on maagiline videos. MLP eesti subtiitrid: http://www.dailymotion.com/Luna230 & https://www.youtube.com/channel/UCcBU3J7ZLotBZ1wuFWCVXZw MLP eesti voice over: http://www.dailymotion.com/arturlook15,@mylittlepony-estonia2889,74,27772,28,False,2015-09-15T11:23:07Z,,,Minu väike poni Sõprus on maagiline,UUim5Ita9Q7ZwgWEfkChiEbg,"https://en.wikipedia.org/wiki/Television_program, https://en.wikipedia.org/wiki/Film, https://en.wikipedia.org/wiki/Entertainment",eesti meelelahutus
UCMDEFjgJJi2hV9F8bFnIaXw,IT Koolitus,"Juba üle 21 a kvaliteetseid koolitusi läbi viinud IT Koolitusest leiab midagi kasulikku igaüks: tavakasutaja, spetsialist ja juht. Meie juures hangitud teadmised ja oskused on tööturul kõrgelt hinnas, tagavad kõrge konkurentsivõime ning aitavad Sind elus ja äris edasi!  Koolitusteemade valik on lai: kontoritarkvara, projektijuhtimine, pilditöötlus, arvutigraafika, internetiturundus, sotsiaalmeedia, kodulehe loomine, programmeerimine, küberturvalisus, tehnilised koolitused, IT-juhtimine jpm põne",@koolituseestisit,69,21340,29,False,2015-04-24T06:04:24Z,,,IT Koolitus,UUMDEFjgJJi2hV9F8bFnIaXw,"https://en.wikipedia.org/wiki/Knowledge, https://en.wikipedia.org/wiki/Technology, https://en.wikipedia.org/wiki/Lifestyle_(sociology)",eesti programmeerimine
UC4T1qFKGt3XPPUNBYDli-KQ,REISISELLID,"Me oleme Eestist. Meie kanal on reisimisest, tutvustame teile erinevaid riike ja näitame huvitavaid kohti. Reisime kõikide transpordi liikidega ja iseseisvalt. Näitame kõike nagu on. Liituge meie kanaliga ja reisige meiega. Instagram: https://www.instagram.com/million_flashing_lights/",@reisisellid5800,24,2955,6,False,2022-04-04T10:04:33.472169Z,EE,,,UU4T1qFKGt3XPPUNBYDli-KQ,"https://en.wikipedia.org/wiki/Tourism, https://en.wikipedia.org/wiki/Lifestyle_(sociology), https://en.wikipedia.org/wiki/Hobby",eesti reis
UCeLinN0vc0JqHKut_XrjN_g,Formula Student Team Tallinn,,@formulastudentteamtallinn8403,335,39679,38,False,2016-04-02T16:43:27Z,,,,UUeLinN0vc0JqHKut_XrjN_g,"https://en.wikipedia.org/wiki/Lifestyle_(sociology), https://en.wikipedia.org/wiki/Motorsport, https://en.wikipedia.org/wiki/Vehicle, https://en.wikipedia.org/wiki/Sport",tallinn
UC-TZFTBrK2D4KuLfW257EZA,arbuuc,,@arbuuc,4,21614,19,False,2007-07-31T20:24:28Z,,,,UU-TZFTBrK2D4KuLfW257EZA,"https://en.wikipedia.org/wiki/Music, https://en.wikipedia.org/wiki/Vehicle, https://en.wikipedia.org/wiki/Lifestyle_(sociology), https://en.wikipedia.org/wiki/Motorsport",võrumaa
UCsj44JqF3dmrJm_ksqLzI6Q,Vannituba,"Me teeme filme ja muusikat. A mis siis on? #eluonselline #heademõtetetuba https://www.instagram.com/vannitubatv/ Tagasiside, huvitavate ideede ja muu edastamiseks kirjuta meile postkasti  või saada email aadressil vannitubatv@gmail.com.",@vannituba1375,374,30331,23,False,2017-03-12T18:51:45Z,EE,,,UUsj44JqF3dmrJm_ksqLzI6Q,"https://en.wikipedia.org/wiki/Entertainment, https://en.wikipedia.org/wiki/Humour, https://en.wikipedia.org/wiki/Lifestyle_(sociology), https://en.wikipedia.org/wiki/Film",eesti komöödia
UC2xCpcrJGETGe6rJROESY0A,Andron Arula,Minu elu kaamerasilma läbi. + Mõned minu tehtud tööd.,@bristhead,7,12967,13,False,2007-11-04T00:47:38Z,,,Arula bristhead EMC ERP,UU2xCpcrJGETGe6rJROESY0A,"https://en.wikipedia.org/wiki/Lifestyle_(sociology), https://en.wikipedia.org/wiki/Action-adventure_game, https://en.wikipedia.org/wiki/Video_game_culture, https://en.wikipedia.org/wiki/Action_game, https://en.wikipedia.org/wiki/Role-playing_video_game",minu elu
UCnEjYRf2Gg6ahxEFYoI2TVA,Jerome Walker,,@jerryingeorgia,7,4699,38,False,2011-01-04T05:04:23Z,,,,UUnEjYRf2Gg6ahxEFYoI2TVA,https://en.wikipedia.org/wiki/Lifestyle_(sociology),eesti teater
UC5piUHN4LHpYb1PtpGEvLWQ,õppe keskkond,,@oppekeskkond1535,5,2031,49,False,2012-12-31T11:34:17Z,,,,UU5piUHN4LHpYb1PtpGEvLWQ,,eesti retseptid
UChzYm8zLL0CEkd9gkZq0ZgQ,Electro Aid (Electroaid Ltd.),,@electroaid,27,7391,33,False,2015-10-26T11:57:50Z,,,,UUhzYm8zLL0CEkd9gkZq0ZgQ,"https://en.wikipedia.org/wiki/Technology, https://en.wikipedia.org/wiki/Lifestyle_(sociology)",eesti tech
UCh_u5OwgQoi_3kz_GcHUclA,Mart Laater,,@mardikas13,53,121465,36,False,2007-09-09T19:23:19Z,,,,UUh_u5OwgQoi_3kz_GcHUclA,"https://en.wikipedia.org/wiki/Lifestyle_(sociology), https://en.wikipedia.org/wiki/Motorsport, https://en.wikipedia.org/wiki/Vehicle, https://en.wikipedia.org/wiki/Sport",võrumaa
UCvkPlCkUAaMyzxxVVnCuMDw,Hiiumaa Spordikool,,@hiiumaaspordikool6165,3,540,8,False,2021-03-11T18:52:09.563958Z,EE,,"sportschool ""noorte sport"" spordiinfo",UUvkPlCkUAaMyzxxVVnCuMDw,"https://en.wikipedia.org/wiki/Health, https://en.wikipedia.org/wiki/Lifestyle_(sociology), https://en.wikipedia.org/wiki/Physical_fitness",hiiumaa
UCiGJwX6TlSwQvdJQaDdLsJQ,Learn Estonian with Tahela,"Tahela is your one-stop shop for all your Estonian language needs. Tahela's founder Riina Roasto is an experienced Estonian language teacher who is passionate about languages. With these videos, Tahela will guide you through the labyrinth of Estonian in a comprehensive way and help you to communicate better with your Estonian friends, colleagues, and strangers in this secret Finno-Ugric language. Join Tahela and start learning Estonian today.",@learnestonianwithtahela,6010,210227,28,False,2020-04-14T08:15:51.798987Z,,,"Estonian Learn language online ""learning video"" ""learn with videos"" ""youtube training"" training finnish ""online video"" grammar Estonia Baltic ""Baltic countries"" languages ""learn online""",UUiGJwX6TlSwQvdJQaDdLsJQ,"https://en.wikipedia.org/wiki/Knowledge, https://en.wikipedia.org/wiki/Lifestyle_(sociology)",eesti keeles
UC1sDgjZu4XI7AMvbgCMBYhw,Uq Jürka,,@uqjurka2420,5,965,1,False,2014-08-13T14:30:21Z,,,,UU1sDgjZu4XI7AMvbgCMBYhw,,eesti ajalugu
UCm_QyDS3UHR6s0D63jJ3E1w,TLÜ LTI Ökoloogia keskus,,@tlultiokoloogiakeskus4145,14,3939,41,False,2019-12-13T20:22:35.061468Z,,,,UUm_QyDS3UHR6s0D63jJ3E1w,"https://en.wikipedia.org/wiki/Knowledge, https://en.wikipedia.org/wiki/Society",kuidas teha
UCgzNoYjGnxEWIQyfMVVmKcQ,Kliimamuutused Minu Taldrikul,"“Kliimamuutused minu taldrikul” on Võrumaa noorte kirjutatud solidaarsuskorpuse projekt, mille teemaks on toidu mõju keskkonnale ja tervisele, taimetoit kui kiire ja tõhus lahendus kliimamuutuste peatamisel ja noorte looduskaitse aktivism. Eesmärk on tutvustada ja teavitada noortele kliimamuutuste ohtlikkusest elule ja mida on vaja  ise oma tuleviku päästmiseks ära teha kohe praegu ja suurendada laste ja noorte aktivismi ühiskonnas hädavajalike kiirete muutuste elluviimiseks. Tahame, et noortel",@kliimamuutusedminutaldriku2345,36,3931,27,False,2021-11-25T22:50:24.451619Z,EE,,"""taimne toit"" vegan keskkond ""kliimamuutused minu taldrikul"" toit kliimamuutused keskkonnahoid loodus",UUgzNoYjGnxEWIQyfMVVmKcQ,"https://en.wikipedia.org/wiki/Health, https://en.wikipedia.org/wiki/Lifestyle_(sociology), https://en.wikipedia.org/wiki/Food",võrumaa
UCYDC6Fta_KtdgrPZojzMBAw,TEZ TOUR Estonia,,@teztourestonia,26,56595,52,False,2020-02-15T09:48:15.504382Z,EE,,"Reisikorraldaja Turism ""TEZ Tour Eesti"" Puhkusreisid",UUYDC6Fta_KtdgrPZojzMBAw,"https://en.wikipedia.org/wiki/Tourism, https://en.wikipedia.org/wiki/Lifestyle_(sociology)",eesti reis
UCb7ErkCNdAjcQaGbzAlmCVQ,Eveli,"Rõõm Sind tervitada minu kanalil! 🌸 Vlogin oma elu hetki Eestis ja Šveitsis mehe ja koeraga ning tütrekesega, kes liitus meiega tänu meditsiini abile. IVF🧪 Pean lugu tervislikust eluviisist, heaolust ja reisimisest.  IG: eveli.j",@eveli.j,898,124465,67,False,2006-11-01T09:12:36Z,,,,UUb7ErkCNdAjcQaGbzAlmCVQ,https://en.wikipedia.org/wiki/Lifestyle_(sociology),minu elu
UC8qOTGTa6I23zsjIoGpUO9g,granini_ee,,@granini_ee,4,63011,19,False,2024-11-06T13:30:24.051416Z,,,,UU8qOTGTa6I23zsjIoGpUO9g,"https://en.wikipedia.org/wiki/Food, https://en.wikipedia.org/wiki/Lifestyle_(sociology)",eesti retseptid
UCxetoaKZ7MmlK-0nH_eEwDw,Hiiumaa Gümnaasium,,@hiiumaagumnaasium5851,55,13151,42,False,2016-08-29T18:59:33Z,EE,,HIIG,UUxetoaKZ7MmlK-0nH_eEwDw,"https://en.wikipedia.org/wiki/Knowledge, https://en.wikipedia.org/wiki/Lifestyle_(sociology)",hiiumaa
UCsEYF89UMZMDd7am0KWdo0g,ECL - Eesti Custom Lobby,Eesti suurim custom mängude kommuun! Tule saa osa - Discord.gg/eesticustomlobby,@eesticustomlobby,26,1355,7,False,2024-04-02T21:48:22.596986Z,,,,UUsEYF89UMZMDd7am0KWdo0g,"https://en.wikipedia.org/wiki/Strategy_video_game, https://en.wikipedia.org/wiki/Video_game_culture, https://en.wikipedia.org/wiki/Role-playing_video_game, https://en.wikipedia.org/wiki/Action_game",eesti gaming
UCyhmh-z1Ld2Dnyqbqgn2k-A,Väikesed Avastajad - harivad videod lastele,"Tere tulemast Väikeste Avastajate kanalile! Väikeste Avastajate kanalil leiad hariva sisuga multikad ja videod lastele eesti keeles. Kas oled kunagi mõelnud, kuidas asjad töötavad või kuidas midagi valmistatakse? Meie eesti keelsel kanalil saad vastused neile küsimustele ja palju muud! Meilt leiad lõbusaid ja harivaid videoid, mis selgitavad lastele maailma toimimist lihtsal ja kaasahaaraval lapsesõbralikul viisil. Liitu meiega saa teada uusi põnevaid fakte! Ära unusta tellida meie kanalit, e",@littleknowledgeseekers_est,32,1939,11,False,2025-01-26T18:01:44.56558Z,EE,,,UUyhmh-z1Ld2Dnyqbqgn2k-A,,eesti haridus
UCkdw9bD6sid6ICV0017Hecg,Eesti Memed,Eesti Prototüüpprojekt E-Prügila jaoks.,@eestimemed5295,15,7053,9,False,2014-06-23T07:40:55Z,,,,UUkdw9bD6sid6ICV0017Hecg,"https://en.wikipedia.org/wiki/Entertainment, https://en.wikipedia.org/wiki/Television_program, https://en.wikipedia.org/wiki/Music, https://en.wikipedia.org/wiki/Film",eesti meelelahutus
UCsRkUh9WVCixX01yeigLYUw,Kirsimetsa Hiiumaa,,@kirsimetsahiiumaa3127,12,3444,12,False,2012-05-17T07:41:22Z,EE,,,UUsRkUh9WVCixX01yeigLYUw,"https://en.wikipedia.org/wiki/Lifestyle_(sociology), https://en.wikipedia.org/wiki/Music",hiiumaa
UClCwOkrAtGhg0e-FwAcBgEw,Wiido Konsap,,@wiidokonsap4493,12,2444,12,False,2012-08-16T09:52:51Z,,,,UUlCwOkrAtGhg0e-FwAcBgEw,"https://en.wikipedia.org/wiki/Sport, https://en.wikipedia.org/wiki/Association_football",võrumaa
UCzuH6P5B53TVsIxCYH3ddJw,RETRO FM Eesti,"Head ajad, väärt laulud! etris valitsevad väärt laulud enamasti 80-ndatest ja 90-ndatest. Muusikale pakuvad vaheldust Retro Hommiku saatejuhid Rauno Märks ja Maris Kõrvits ning Olav Osolini igapäevane muusikaajaloo rubriik.",@retrofmeesti,40,8161,7,False,2013-04-12T12:44:36Z,,,,UUzuH6P5B53TVsIxCYH3ddJw,"https://en.wikipedia.org/wiki/Music, https://en.wikipedia.org/wiki/Pop_music",eesti laulud
UCyOdQ0n8wnzjMS1z2TjLS6Q,Eesti Muusikaauhinnad,,@eestimuusikaauhinnad9948,3710,4804322,151,False,2013-01-25T11:29:27Z,,,,UUyOdQ0n8wnzjMS1z2TjLS6Q,"https://en.wikipedia.org/wiki/Independent_music, https://en.wikipedia.org/wiki/Electronic_music, https://en.wikipedia.org/wiki/Music, https://en.wikipedia.org/wiki/Pop_music",eesti
UCQhSMPVnwRsTTFMlinkGsJg,EKA Summer Academy,,@ekasummeracademy4774,8,2385,15,False,2016-10-30T17:51:25Z,,,,UUQhSMPVnwRsTTFMlinkGsJg,"https://en.wikipedia.org/wiki/Fashion, https://en.wikipedia.org/wiki/Hobby, https://en.wikipedia.org/wiki/Knowledge, https://en.wikipedia.org/wiki/Lifestyle_(sociology)",eesti kunst
UCkIt-ulLyT4g3HvfO9b_5XQ,Kvaliteetne meelelahutus,Esimene Eesti tiktokkide complication konto 🎵 💃,@kvaliteetnemeelelahutus3082,7,3107,7,False,2020-03-29T14:06:14.275227Z,EE,,"tiktok ""eesti tiktok"" ""eesti tik tok""",UUkIt-ulLyT4g3HvfO9b_5XQ,"https://en.wikipedia.org/wiki/Hip_hop_music, https://en.wikipedia.org/wiki/Music, https://en.wikipedia.org/wiki/Lifestyle_(sociology), https://en.wikipedia.org/wiki/Pop_music",eesti meelelahutus
UC0F_pjzfCKmjn-DAojMQAyw,Krüpto Klubi,,@kryptoklubi,424,11383,16,False,2021-11-15T22:16:26.199141Z,,,,UU0F_pjzfCKmjn-DAojMQAyw,https://en.wikipedia.org/wiki/Knowledge,eesti investeerimine
UCpg20XhbKMoWxm6w7f7cfaw,KK Viimsi,"Korvpalliklubi Viimsi, koos Kesklinna Korvpalliklubiga ja GAG Korvpallikllubiga, on Tallinna kesklinnas, Meriväljal, Pirital ning kõikjal Viimsis tegustev korvpallikool, moodustades ühtse ligi 500 lapse ja noorega klubipüramiidi. KK Viimsi nime all toimuvad korvpallitreeningud lastele, noortele ja täiskasvanud saavutus- või harrastussportlastele kõikjal Viimsi, Meriväljal ja Pirital. Korvpallitreeningud lastele ja noortele vanuses 5 kuni 19: # Treeningrühmad Viimsi, Haabneeme, Randvere, Püünsi",@viimsibasketteam,321,120704,504,False,2013-10-16T13:00:59Z,EE,,,UUpg20XhbKMoWxm6w7f7cfaw,"https://en.wikipedia.org/wiki/Lifestyle_(sociology), https://en.wikipedia.org/wiki/Basketball, https://en.wikipedia.org/wiki/Sport",eesti korvpall
UCEBfZFP0BIoeqmpfsb2eUMw,Turbiin - Teadliku Elu Aktiveerija,"Turbiin! Teadliku Elu Aktiveerija Marlen Annabel Kubri ellu kutsutud ehedalt vägev kogukond, kuhu on koondunud teadliku loomise praktiseerijad ning uue ajastu ärkajad ja ärganud, valgustöötajad, inimesed, kes soovivad igapäevaselt elada veel enam oma enda tões ja väes ja südames.  Leiad meid www.facebook.com/groups/turbiin Tule astu julgelt ligi ja kutsu oma kaasteeliseid ka kaasa.  Koos oleme nii palju tugevamad, teadlikumad ja vägevamad.  Vaatame peale kõikvõimelikele erinevatele elu tahkude",@turbiin-teadlikueluaktivee3064,93,2574,5,False,2020-09-21T04:39:06.606791Z,,,,UUEBfZFP0BIoeqmpfsb2eUMw,,vaatame
UCfz6tHl_8Lcj1WRfYWSFXCA,Englas MMA Tartu,🥊 Tere tulemast Englas MMA Tartu YouTube'i kanalile! 🥊 Kas otsid põnevat ja väljakutseid pakkuvat treeningut? Englas MMA pakub mitmekülgseid treeningprogramme igas vanuses spordisõpradele. Meie juures on võimalik alustada MMA treeningutega nii algajatel kui ka edasijõudnutel. Tutvu meie kursustega ja leia endale sobivaim!,@englasmma,15,3067,8,False,2024-10-14T08:46:08.618869Z,EE,,,UUfz6tHl_8Lcj1WRfYWSFXCA,"https://en.wikipedia.org/wiki/Physical_fitness, https://en.wikipedia.org/wiki/Mixed_martial_arts, https://en.wikipedia.org/wiki/Lifestyle_(sociology), https://en.wikipedia.org/wiki/Sport",tartu
UCAKwItxnORg3pFhl_9tfQ_g,Nele Kirsipuu,,@nelekirsipuu,31200,11782417,298,False,2008-05-10T11:54:49Z,EE,et,Nele Kirsipuu,UUAKwItxnORg3pFhl_9tfQ_g,https://en.wikipedia.org/wiki/Lifestyle_(sociology),eesti toit
UCBhMB2xLoUlWPxacfT0VpHA,Tarvo Valm - Topic,,,57,28905,50,False,2013-12-18T10:33:08Z,,,,UUBhMB2xLoUlWPxacfT0VpHA,"https://en.wikipedia.org/wiki/Country_music, https://en.wikipedia.org/wiki/Music, https://en.wikipedia.org/wiki/Rock_music, https://en.wikipedia.org/wiki/Pop_music",eesti rahvamuusika
UCPmTJSZBd_olTogOXeNlN8g,Rohetiiger,"Rohetiiger on koostööplatvorm, mille eesmärk on suurendada keskkonnateadlikkust ja panna alus tasakaalus majandusele, nii nagu Tiigrihüpe käivitas tehnoloogiasektori arengu.  Rohetiigri missioon: Luua ja rakendada loodussõbralikke praktikaid kõikides sektorites ning kujundada välja tasakaalus majandus  Rohetiigri visioon: Kestlik maailm, mis säilitab ühiskonna heaolu samal ajal loodust hoides ja taastades  Rohetiigri väärtused: Pädev, ehedalt julge, ühendav, tulevikkuloov",@rohetiiger4811,63,6743,70,False,2020-05-06T21:30:28.644048Z,EE,,,UUPmTJSZBd_olTogOXeNlN8g,"https://en.wikipedia.org/wiki/Knowledge, https://en.wikipedia.org/wiki/Society",eesti laulud
UCockM0LN9b-TLiWMnkOF_Ag,Kukerpillid - Topic,,,1020,2020309,212,False,2013-12-09T22:44:01Z,,,,UUockM0LN9b-TLiWMnkOF_Ag,"https://en.wikipedia.org/wiki/Music, https://en.wikipedia.org/wiki/Country_music",eesti rahvamuusika
UCOF_pU5vkvtuOsVnE4xjp-A,Eesti Joonisfilm,,@eestijoonisfilm7131,333,249277,11,False,2014-09-10T08:40:15Z,EE,,"Eesti Joonisfilm animatsioon animation Parn Pärn Lotte Eeva Tsinakov Tšinakov Morten Lucija Mrzljak ""Morten Tsinakov"" ""Morten Tšinakov"" ""Lucija Mrzljak"" ""Eesti Joonisfilm""",UUOF_pU5vkvtuOsVnE4xjp-A,"https://en.wikipedia.org/wiki/Film, https://en.wikipedia.org/wiki/Entertainment",eesti meelelahutus
UCna2wsrUkyZIGtPALwVWLEw,Rattalõvi,"Toome Sinuni põnevad uudised, kõmu ja trendid rattamaailmast!",@rattalovi,187,28219,37,False,2025-05-08T07:12:31.551956Z,EE,,"cycling rattasport ""road cycling"" ""the move"" ""tour de france"" ""giro d`italia"" maanteeratas gravel mtb cyclocross",UUna2wsrUkyZIGtPALwVWLEw,,eesti uudised
UCxZxxFWcbXthRy_UK4i5zeg,Rahvalõõts,,@rahvaloots6984,1280,1335791,283,False,2016-02-19T13:00:03Z,,,,UUxZxxFWcbXthRy_UK4i5zeg,https://en.wikipedia.org/wiki/Music,eesti rahvamuusika
UCk0Do7xHHFp2dzCaJLj4EXw,Marily Sammelselg,,@marilysammelselg,2240,97071,35,False,2013-02-02T09:07:49Z,,,,UUk0Do7xHHFp2dzCaJLj4EXw,"https://en.wikipedia.org/wiki/Lifestyle_(sociology), https://en.wikipedia.org/wiki/Tourism",eesti vlog
UCdMn_aqWtSZEF9cCqdOJqkQ,Freshy - Eesti Bränd,"🥤Freshy.ee - e-poest leiad parimad Smuutiblenderid! 🍹 Oleme uhked, et pakume turul parimat kaasaskantavat blenderit, mille omadustest on iga klient vaimustuses! Alustasime seda äri lihtsa ideega: teha inimestele värske ja tervisliku mahla ning smuutide valmistamine nii liikvel olles kui ka kodus lihtsamaks ja mugavamaks. 🍹 🍷 🍸 Oleme väike kirglik meeskond ja teeme kõvasti tööd, et jagada sõna ja armastust värske mahla, smuutide ja tervisliku elustiili vastu. Soovime turundada toodet, mida inim",@freshy_eesti,7,6425,29,False,2023-09-01T19:05:19.031479Z,EE,,"capcut ""capcut edits"" ""capcut tutorials"" ""video edits"" ""video edit"" ""video edit tutorial"" ""video edit tutorials"" ""video editing programs"" ""video programs"" editing ""how to edit in capcut"" ""capcut templates"" ""capcut effects"" ""capcut styles"" ""capcut shorts"" ""capcut animations"" ""capcut music"" ""capcut audio""",UUdMn_aqWtSZEF9cCqdOJqkQ,"https://en.wikipedia.org/wiki/Food, https://en.wikipedia.org/wiki/Lifestyle_(sociology)",eesti äri
UCYlNZJ-bJBCZVhIGHE0SUBA,Kristjan-Johannes Konsap,"Kristjan-Johannes Konsap: natural bodybuilder, fitness trainer. Subscribe to my channel for fun training videos and everything else about the bodybuilding lifestyle.",@personaaltreener_konsap,293,87863,100,False,2006-05-29T16:26:46Z,EE,,bodybuilding fun kulturism,UUYlNZJ-bJBCZVhIGHE0SUBA,"https://en.wikipedia.org/wiki/Physical_fitness, https://en.wikipedia.org/wiki/Lifestyle_(sociology), https://en.wikipedia.org/wiki/Health",kuidas teha
UCMMBPGXLaMbLMgz48oZHFkw,Saaremaa Vikings / Asva Viking Village,,@saaremaavikingsasvavikingv3073,17,5231,10,False,2018-07-30T07:33:31Z,,,,UUMMBPGXLaMbLMgz48oZHFkw,"https://en.wikipedia.org/wiki/Hobby, https://en.wikipedia.org/wiki/Lifestyle_(sociology), https://en.wikipedia.org/wiki/Tourism",saaremaa
UCvNL7cZIJRVefhAqchBV6Mg,PTV - Pärnu Televisioon,,@ptv-parnutelevisioon2667,31,3711,9,False,2018-12-31T13:15:54Z,,,,UUvNL7cZIJRVefhAqchBV6Mg,"https://en.wikipedia.org/wiki/Music, https://en.wikipedia.org/wiki/Society, https://en.wikipedia.org/wiki/Entertainment",pärnu
UCI4h_64RF7FgfmUW4y1Cgag,Eesti Mänguteraapia Akadeemia,,@eestimanguteraapiaakadee-dh1ry,33,968,16,False,2023-10-24T13:15:51.345667Z,,,,UUI4h_64RF7FgfmUW4y1Cgag,"https://en.wikipedia.org/wiki/Health, https://en.wikipedia.org/wiki/Lifestyle_(sociology)",eesti podcast
UCbHKyJXhoMzHAfBDs7P0Hug,VIISmusic,"TERE tulemast Eesti tantsumuusika YouTube kanalile! WELCOME to the YouTube channel of Estonian dance music! Siit leiate palju eestikeelset tantsumuusikat! Here you will find a lot of dance music in Estonian language! Ansambli HELLAD VELLED laulude YouTube kanal. This is the YouTube channel for HELLAD VELLED songs. Tellige VIISmusic kanal ja olge kursis Eesti tantsumuusika suuremate ja väiksemate hittidega. 🔈 Kui teile laul meeldib, siis märkige pöidlad 👍 Jäta kommentaar ja jaga oma sõpradega",@viismusic,25800,80067846,405,False,2010-06-02T19:51:03Z,EE,et,Eesti muusika Estonian music Estonia viinmusic misterviin hellad velled Estland Viro dance laul song,UUbHKyJXhoMzHAfBDs7P0Hug,"https://en.wikipedia.org/wiki/Electronic_music, https://en.wikipedia.org/wiki/Music, https://en.wikipedia.org/wiki/Pop_music",eesti muusika
UCNRefz4awogegSzK4Wbp-og,Spot of Tallinn,Balticumi suurima extreemspordi keskuse ametlik youtube kanal.,@spotoftallinn8670,709,72123,35,False,2017-09-14T11:02:38Z,EE,,spot of tallinn,UUNRefz4awogegSzK4Wbp-og,"https://en.wikipedia.org/wiki/Sport, https://en.wikipedia.org/wiki/Hobby, https://en.wikipedia.org/wiki/Lifestyle_(sociology), https://en.wikipedia.org/wiki/Physical_fitness",tallinn
UCbc_Jt7ELHtlz8djXqZIzlw,Pärnu Taimetoidupäev,"Pärnu Taimetoidupäev 23. märtsil 2019! Pärnu Taimetoidupäev on heategevuslik kogupereüritus, mille eesmärgiks on teadlikkuse tõstmine. Taimetoit on tervislik, keskkonnasõbralik, värviderohke ja maitsev. Taimetoidupäev toimub sel aastal kolmandat korda - töötoad, harivad filmid, eestimaised taimetooted ja palju muud! www.taimetoidupaev.ee",@parnutaimetoidupaev1005,1,783,11,False,2019-02-01T19:25:06Z,,,,UUbc_Jt7ELHtlz8djXqZIzlw,"https://en.wikipedia.org/wiki/Health, https://en.wikipedia.org/wiki/Knowledge, https://en.wikipedia.org/wiki/Lifestyle_(sociology)",pärnu
UC1tgEIwdzjHkau_z64IgVwg,Tallinn Song Festival Grounds,"Tallinna Lauluväljak on mitmete festivalide, kontserdite, näituste, laatade ja teiste ürituste toimumiskoht.",@tallinnsongfestivalgrounds2344,28,25945,38,False,2015-03-18T13:07:52Z,EE,,,UU1tgEIwdzjHkau_z64IgVwg,"https://en.wikipedia.org/wiki/Lifestyle_(sociology), https://en.wikipedia.org/wiki/Music",tallinn
UC29HkfCOFaJgNW7tpGy_ATQ,Maggi Eesti,,@maggieesti7018,57,201475,91,False,2015-03-24T09:09:16Z,,,,UU29HkfCOFaJgNW7tpGy_ATQ,"https://en.wikipedia.org/wiki/Lifestyle_(sociology), https://en.wikipedia.org/wiki/Food",eesti toit
UCzpm0n3cF31IyY0UT0NsjDg,Roose Hiiumaa,,@roosehiiumaa6084,0,1301,1,False,2019-01-07T20:25:20Z,,,,UUzpm0n3cF31IyY0UT0NsjDg,,hiiumaa
UC08etjuYb8wos0snMAq5jag,Eesti Poliitika,,@eestipoliitika4667,39,9636,3,False,2021-10-26T12:30:47.316546Z,,,,UU08etjuYb8wos0snMAq5jag,"https://en.wikipedia.org/wiki/Society, https://en.wikipedia.org/wiki/Politics",eesti poliitika
UCQs7VU5kd_A5OS1aUhE3Bnw,Eesti muusika ja tantsupidu,,@eesti_muusika_ja_tantsupidu,21,13771,1,False,2020-08-11T20:45:20.580117Z,,,,UUQs7VU5kd_A5OS1aUhE3Bnw,,eesti muusika
UCRsLtUKIQjz1xDDkFEnLvLQ,Orien Eesti,,@orieneesti3249,24,23194,6,False,2015-03-13T12:22:50Z,,,,UURsLtUKIQjz1xDDkFEnLvLQ,https://en.wikipedia.org/wiki/Lifestyle_(sociology),eesti uudised
UCnhDtTeGk1TUhXZt-HZPMpw,Saaremaa Piimatööstus,,@saaremaapiimatoostus7066,4,62519,1,False,2019-02-15T09:01:39Z,,,,UUnhDtTeGk1TUhXZt-HZPMpw,,saaremaa
UC1aFmSlT9AW60rFpp7q9JdA,Eesti Evangeelne Allianss,,@evangeelneallianss,40,2921,32,False,2024-03-15T17:04:15.43287Z,,,,UU1aFmSlT9AW60rFpp7q9JdA,"https://en.wikipedia.org/wiki/Society, https://en.wikipedia.org/wiki/Religion, https://en.wikipedia.org/wiki/Music",eesti õppimine
UCMeW5PV2cSpbvwghc8euyng,Andro Roos,"Videokanal ""Andro Roos""",@androroos5778,467,71382,108,False,2021-01-16T11:31:08.790734Z,EE,,,UUMeW5PV2cSpbvwghc8euyng,"https://en.wikipedia.org/wiki/Politics, https://en.wikipedia.org/wiki/Society",eesti haridus
UCrOqb3Gwmg6squ_t2FdaTtw,Eesti Korvpallikohtunike Kogu,,@eestikorvpallikohtunikekogu,39,45516,116,False,2022-11-17T14:24:30.684445Z,,,,UUrOqb3Gwmg6squ_t2FdaTtw,"https://en.wikipedia.org/wiki/Sport, https://en.wikipedia.org/wiki/Basketball, https://en.wikipedia.org/wiki/Lifestyle_(sociology)",eesti sport
UCjV_GX2Q1XUho8ldg1umidA,Tartu Waldorfgümnaasium,Tartu Waldorfgümnaasiumi ja Tartu Vaba Waldorfkooli Seltsi videokanal,@tartuwaldorfgumnaasium8567,89,32324,9,False,2022-01-28T13:59:01.486339Z,EE,,waldorfkool Tartu Waldorfgümnaasium,UUjV_GX2Q1XUho8ldg1umidA,"https://en.wikipedia.org/wiki/Hobby, https://en.wikipedia.org/wiki/Lifestyle_(sociology)",tartu
UCgU9cdiQSNKCuTA52obRPTA,Taskuhääling Vaimusilm,"Vaimusilm on taskuhääling(inglise keeles podcast), mis valmib koostööprogrammi Proovikivi väljakutsena ""Õnnelikuma Eesti nimel: tõstame teadlikkust ja oskusi vaimse tervise tugevdamiseks!"". Seetõttu on meie eesmärgiks tõsta teadlikkust vaimse tervise probleemide osas ja nendel teemadel arutelu pidada. Vaimusilma toovad teieni neli Hugo Treffneri Gümnaasiumi abiturienti 12.e klassist: Angela Moro, Heilika Soodla, Kaur Rajamäe-Volmer ja Mari Rüüson. Tagasiside või küsimuste korral võta meiega ühe",@taskuhaalingvaimusilm6219,20,1388,3,False,2021-11-21T17:25:04.507314Z,EE,,,UUgU9cdiQSNKCuTA52obRPTA,"https://en.wikipedia.org/wiki/Lifestyle_(sociology), https://en.wikipedia.org/wiki/Health",eesti taskuhääling
UCnYMQIltkX_H3vyQNao1CHw,Somnetix FPV,"On my channel, you’ll find drone flight videos — from peaceful landscapes to dynamic and thrilling scenes.",@somnetix_fpv,49,4842,10,False,2020-11-03T15:35:00.118096Z,EE,,,UUnYMQIltkX_H3vyQNao1CHw,"https://en.wikipedia.org/wiki/Tourism, https://en.wikipedia.org/wiki/Hobby, https://en.wikipedia.org/wiki/Lifestyle_(sociology)",eesti reis
UCJLG9O1TBSgqx--mNdz7aww,Eesti Poliitikud (Poliitik),"Poliitik.eu on loodud poliitika huvilistele, kes soovivad arutada teemasid sõna vabalt. Registreeri ennast kasutajaks ja ole meie kommuuni liige kartmata, et sinu suu suukorvistatakse.",@eestipoliitikud1036,6,1215,3,False,2017-11-01T00:07:29Z,EE,,"Poliitik Poliitikud Riigikogu Valitsus Peaminister Minister Siseminister ""Vaba sõna""",UUJLG9O1TBSgqx--mNdz7aww,"https://en.wikipedia.org/wiki/Society, https://en.wikipedia.org/wiki/Politics",eesti poliitika
UCV_H2vQL7ZLcCR1vLPQu10Q,The Chuck Band Show (Ühemeheshow),"""Ühemeheshow"" on tõestisündinud loost inspireeritud Eesti esimene munadega komöödia. Kinodes movembris.",@thechuckbandshow8709,8,10707,20,False,2019-08-15T10:43:08Z,,,,UUV_H2vQL7ZLcCR1vLPQu10Q,"https://en.wikipedia.org/wiki/Film, https://en.wikipedia.org/wiki/Entertainment",eesti komöödia
UCd0OyfW381VK71NnxXHgTCQ,BOT Sven,naljad ja veidi ka oskusi.,@botsven,24,2163,19,False,2017-12-19T17:43:29Z,EE,et,"naljakas videomäng memes BOTSV botsv exe ""league of legends"" lol.exe funny estonia ""lol funny moments"" ""lol best moments"" ""league of legends montage"" ""lol epic moments"" ""lol fails"" ""lol gameplay"" ""league funny clips"" ""lol funny"" ""lol silver plays"" ""funny league moments"" ""league fails"" ""lol outplays gone wrong"" ""funny lol clips"" ""trolling in league"" ""pentakill fail"" ""epic fail"" ""lol eesti"" ""naljakad mänguhetked"" ""league klipid eesti"" ""eestikeelne gaming"" ""eestlane mängib"" garrysmod garrymod",UUd0OyfW381VK71NnxXHgTCQ,"https://en.wikipedia.org/wiki/Role-playing_video_game, https://en.wikipedia.org/wiki/Action_game, https://en.wikipedia.org/wiki/Video_game_culture, https://en.wikipedia.org/wiki/Strategy_video_game",eesti gaming
UCA7LZqdV1yyHU3v1uwtsBNA,Hiiu Leht,Hiiu Lehe ametlik kanal,@hiiu_leht,27,8649,43,False,2023-01-10T07:47:09.709813Z,EE,,hiiumaa ajakirjandus ajaleht kärdla hiiuleht,UUA7LZqdV1yyHU3v1uwtsBNA,"https://en.wikipedia.org/wiki/Lifestyle_(sociology), https://en.wikipedia.org/wiki/Society",hiiumaa
UCROtnRMFFaBHYseVgg6gnyg,Kaarel Orumägi - Topic,,,8,2060,34,False,2023-02-28T05:16:15.493639Z,,,,UUROtnRMFFaBHYseVgg6gnyg,"https://en.wikipedia.org/wiki/Music, https://en.wikipedia.org/wiki/Pop_music",eesti teater
UC7Aq61gk5y9D-q7sldnqs2g,Eesti Rakenduskõrgkoolid,"Siin on läbilõige rakenduskõrgkoolides õpetatavatest erialadest. Tudengid ise kirjeldavad, mis eriala nad valinud on ja miks ning milline õppimise protsess välja näeb. Siit leiab endale sobiva nii kunsti kui tervishoiu, tehnoloogia kui IT huviline. Spetsialistid õpetavad, spetsialistid lõpetavad!",@eestirakenduskorgkoolid,10,21993,19,False,2015-05-05T17:46:31Z,,,,UU7Aq61gk5y9D-q7sldnqs2g,"https://en.wikipedia.org/wiki/Lifestyle_(sociology), https://en.wikipedia.org/wiki/Society, https://en.wikipedia.org/wiki/Knowledge",eesti tehnoloogia
UCZyQaCN-0tPMRJXk97TLe3Q,AS Datel,"1990. aastal loodud Datel AS on läbi aegade panustanud Eesti digiriigi arengusse, toonud turule maailma mõistes unikaalseid teenuseid, sisustanud moodsa tehnikaga koole ja rääkinud aktiivselt kaasa Eesti info- ja kommunikatsioonisektori kasvamises.  Siia kanalisse oleme koondanud erinevad koolitusmaterjalid,  tootetutvustusvideod oma partneritelt esitlustehnika ja  IKT valdkonnas.",@asdatel1122,4,851,18,False,2020-02-28T09:33:49.615908Z,EE,,,UUZyQaCN-0tPMRJXk97TLe3Q,"https://en.wikipedia.org/wiki/Technology, https://en.wikipedia.org/wiki/Lifestyle_(sociology)",eesti tech
UC_f9jUhpgUJfrR6_OyOfQ1Q,punkt.,,@punktwatch,5350,927340,32,False,2017-11-06T17:33:33Z,EE,,,UU_f9jUhpgUJfrR6_OyOfQ1Q,"https://en.wikipedia.org/wiki/Television_program, https://en.wikipedia.org/wiki/Entertainment, https://en.wikipedia.org/wiki/Society, https://en.wikipedia.org/wiki/Film",eesti uudised
UCfP4ppwXwKxCEcBqai1-eaw,VÕRUMAA  TV,"Võrumaa videouudised.  Ajalooline Võrumaa koosneb kaheksast osast: Karula, Hargla, Urvaste, Rõuge, Kanepi, Põlva, Räpina ja Vastseliina kihelkonnast. Neis kihelkondades räägitakse võru keelt. Ajalooline Võrumaa hõlmab praeguste Võru, Põlva, Valga ja Tartu maakondade alasid, kus teadmine Võrumaast ja võru keel on alles püsinud. Ettepanekud teemadeks palun saatke e-mailile  VorumaaTV@gmail.com või helistage +372 55 946 321.",@vorumaatv,187,45647,6,False,2022-01-13T19:09:26.09361Z,,,,UUfP4ppwXwKxCEcBqai1-eaw,"https://en.wikipedia.org/wiki/Music, https://en.wikipedia.org/wiki/Hobby, https://en.wikipedia.org/wiki/Lifestyle_(sociology)",võrumaa
UCEoidcqhtm1rrApHvnuVMgw,Eesti Muuseumiühing,,@eestimuuseumiuhing658,12,1131,16,False,2016-09-30T12:14:48Z,,,,UUEoidcqhtm1rrApHvnuVMgw,"https://en.wikipedia.org/wiki/Society, https://en.wikipedia.org/wiki/Hobby, https://en.wikipedia.org/wiki/Knowledge, https://en.wikipedia.org/wiki/Lifestyle_(sociology)",eesti poliitika
UCNKiZRJg41B-dIriJuS4tHg,RAKVERE JK TARVAS,"Rakvere jalgpalliklubi Tarvas ametlik videokanal. Leiate siit nii kodumängude väravaid, häid momente kui ka intervjuusid peategelastega. Lisaks veel noppeid võõrsilmängudest ja fännitegemisi. Nautigem! Me ei anna alla, mitte kunagi!",@rakverejktarvas,315,296749,194,False,2012-08-25T10:47:08Z,EE,,"""Rakvere Tarvas"" ""JK Rakvere Tarvas"" Rakvere Tarvas Jalgpalliklubi jalgpalliliit pullid ""rakvere pullid""",UUNKiZRJg41B-dIriJuS4tHg,"https://en.wikipedia.org/wiki/Sport, https://en.wikipedia.org/wiki/Association_football",eesti jalgpall
UCqhJIDfKpKddLTPeeB_3dUw,Tallinna ettevõtluskeskus - Business Tallinn,Tallinna ettevõtluskeskuse teenused: - Test in Tallinn/ Tallinnovation konkurss - tule ja testi oma toodet või teenust Tallinnas! - Tallinnovation Podcast - ettevõtlusnõustamine - toetused väikeettevõtjale Rohkem infot: https://www.tallinn.ee/ettevotjale,@tallinnaettevotluskeskus,381,292052,118,False,2013-02-05T08:38:58Z,EE,et,"ringmajandus tallinn kestlikkus testintallinn tallinovation smartcitytallinn ""Tallinna ettevõtluskeskus""",UUqhJIDfKpKddLTPeeB_3dUw,"https://en.wikipedia.org/wiki/Business, https://en.wikipedia.org/wiki/Society, https://en.wikipedia.org/wiki/Knowledge",tallinn
UCsBMMwcC_B102PC9RsVhaWw,Liisa Pärnpuu,"Hei, mina olen Liisa ja mul on äraütlemata hea meel Sind siin kanalil näha! Minu loomingust leiad lõbusas võtmes videoid ilukatsetuste, kokkamise, väljakutsete, müsteeriumite lahendamiste ja vlogide näol.  Et alati minu videotest osa saada, ole nii lahke ja vajuta punast nupukest nimega ""Subscribe"". Minuga on võimalik ühendust saada ka läbi mitme muu sotsiaalmeedia kanali: Instagram: p2rnpuu Koostööpakkumised: parnpuuliisa@gmail.com",@liisavijard,31100,7277035,209,False,2013-03-28T19:53:03Z,EE,,,UUsBMMwcC_B102PC9RsVhaWw,https://en.wikipedia.org/wiki/Lifestyle_(sociology),eesti vlog
UCV2ebviJh_ZVsjtpdbkWIDA,MyHits Eesti,,@myhitseesti,2470,1233669,168,False,2016-10-16T10:16:49Z,EE,,,UUV2ebviJh_ZVsjtpdbkWIDA,"https://en.wikipedia.org/wiki/Independent_music, https://en.wikipedia.org/wiki/Music, https://en.wikipedia.org/wiki/Pop_music, https://en.wikipedia.org/wiki/Lifestyle_(sociology)",eesti youtuber
UCRGKloPDwof44xWVxsX5ptQ,Risto Ränk Farming / Saaremaa ZOO,"Risto Ränk Farming on maaelu kanal mis näitab reaalset maaelu oma ilus ja valus. Üritame üles ehitada elamustalu, mida saaks külastada nii YouTube jälgija kui ka lihtsalt loodushuviline. Elamustalu kõrval tegeleme vutimuna tootmise ja müügiga. Kõigele sellele saate kaasa elada meie kanalit jälgides.  Toetus on alati teretulnud.  EE 292200221028541391  Risto Ränk Külastage kindlasti ka meie kodulehte. https://www.saaremaazoo.ee Meie tegemised teistel platvormidel. https://www.facebook.com/saa",@saaremaazoo,2320,476365,373,False,2020-02-07T19:06:20.210969Z,EE,et,"loodus loomad talu risto ränk laager pardid vutid farm farming lambad haned papagoid saaremaa muhu keraamika käsitöö oravad tuvid faasanid vibu väiketalu põllumajandus muna canon eos 50 muusika kitarr kanad ehitamine puurid rott madu kilpkonn visit elamus külastus kohvik ""avatud talu"" lemmikloom koerad kass ""päeis elu"" quail ducks inkubaator tibud",UURGKloPDwof44xWVxsX5ptQ,https://en.wikipedia.org/wiki/Lifestyle_(sociology),saaremaa
UC3IDogMAkNAHysRhnP8o2YQ,Ajalugu Linnuvaates,,@tanel84,80,15523,19,False,2007-03-16T15:20:33Z,EE,,,UU3IDogMAkNAHysRhnP8o2YQ,"https://en.wikipedia.org/wiki/Entertainment, https://en.wikipedia.org/wiki/Lifestyle_(sociology), https://en.wikipedia.org/wiki/Hobby",eesti ajalugu
UCt_3GDEy6eQC7Pa29lVVzNA,Anna-Liisa Sutt,Anna-Liisa Sutt,@annaliisasutt,68,6400,14,False,2007-05-20T18:33:59Z,,,,UUt_3GDEy6eQC7Pa29lVVzNA,"https://en.wikipedia.org/wiki/Sport, https://en.wikipedia.org/wiki/Lifestyle_(sociology), https://en.wikipedia.org/wiki/Health, https://en.wikipedia.org/wiki/Volleyball",minu elu
UC5TqUCtar8EgF-JlMWI06aA,Saaremaa Ühisgümnaasium,,@saaremaauhisgumnaasium552,61,22669,9,False,2013-02-13T11:40:00Z,,,,UU5TqUCtar8EgF-JlMWI06aA,"https://en.wikipedia.org/wiki/Lifestyle_(sociology), https://en.wikipedia.org/wiki/Society, https://en.wikipedia.org/wiki/Performing_arts, https://en.wikipedia.org/wiki/Entertainment, https://en.wikipedia.org/wiki/Music",saaremaa
UCsJMv1kmtUjJN4Gbuphawow,Insplay - lapsevanemate teejuht,"Insplay on 30 aastase kogemusega arendava mängu, nutikate mänguasjade ja hariduslahenduste pakkuja. Paljudes Eesti kodudes ja haridusasutustes on vähemalt üks meie turule toodud mänguasi, programmeeritav haridusrobot, lauamäng või pusle. Insplay maailmamuutev eesmärk on ühendada 40 miljonit lapsevanemat ja õpetajat. Oleme lapsevanemate teejuht, kes julgustab saavutama enamat läbi mängulise arengu. Õpetajatel aitame kasutusele võtta ja lõimida tipptasemel MATIK (Matemaatika, Teadus, Tehnoloogia,",@insplayeesti,480,364743,243,False,2016-11-01T13:19:35Z,EE,,,UUsJMv1kmtUjJN4Gbuphawow,"https://en.wikipedia.org/wiki/Hobby, https://en.wikipedia.org/wiki/Lifestyle_(sociology)",eesti teadus
UCoSnw622hpCZ-W-JCQnzs9g,Eesti Koolitus-ja Konverentsikeskus,,@eestikoolitus-jakonverents9365,5,1586,5,False,2015-09-04T07:04:33Z,EE,,,UUoSnw622hpCZ-W-JCQnzs9g,https://en.wikipedia.org/wiki/Lifestyle_(sociology),eesti õppimine
UC_Y61yLCF5umdQQOBlkYl-A,Siimu-mata,,@matasiim,32,1625,30,False,2015-08-15T17:10:38Z,,,,UU_Y61yLCF5umdQQOBlkYl-A,https://en.wikipedia.org/wiki/Knowledge,eesti teadus
UCpFQEs49c_VerFpdoP9Q3vg,Roman BurQi,Путешествие на байдарке Канал хорошего настроения и хорошего время провождения.,@1burqi,84,8904,15,False,2011-07-16T20:29:09Z,,,,UUpFQEs49c_VerFpdoP9Q3vg,"https://en.wikipedia.org/wiki/Tourism, https://en.wikipedia.org/wiki/Hobby, https://en.wikipedia.org/wiki/Lifestyle_(sociology)",eesti reis
UCxnEbpxc1AIt7hAaHUMMORg,NARVA-JÕESUU Medical SPA,,@narva-joesuumedicalspa3013,11,1382,6,False,2022-09-22T07:45:15.511876Z,EE,,,UUxnEbpxc1AIt7hAaHUMMORg,"https://en.wikipedia.org/wiki/Tourism, https://en.wikipedia.org/wiki/Health, https://en.wikipedia.org/wiki/Lifestyle_(sociology)",narva
UCcEQpF2DLDkx5Bm4HrVIolQ,Cooking with Sandra,Kiired ja maitsvad retseptid! Easy and tasty recipes. Tiktok ja instagram - cooking.with.sandra,@cooking.with.sandra,61,20461,16,False,2023-01-20T13:52:59.913289Z,,,,UUcEQpF2DLDkx5Bm4HrVIolQ,"https://en.wikipedia.org/wiki/Food, https://en.wikipedia.org/wiki/Lifestyle_(sociology)",eesti retseptid
UCwVKtNo-KH3PYYm8Bzn906A,Suur Paunvere väljanäitus ja laat Palamusel,"Paunvere laat on rohkem kui lihtsalt laat - see on kultuuripärandi festival, mis tähistab kogukonna vaimu, ühtsust ja Eesti maapiirkondade ajalug Kauplejate pika nimekirja kõrval uhkeldab igal laadal sisutihe meelelahutusprogramm kodukandi rahvatantsijate, muusikute ja teatritruppide etteastetega. Eriti oodatud on kõigi Tootside ja Teelede, Kiirte ja Köstrite etteasted, mis toovad näole äratundmisrõõmu ja suule naerupahvakuid. Paunvere laadal on erakordne võime ühendada minevikku tänapäevaga,",@paunverelaatpalamusel,3,1350,2,False,2024-07-18T09:00:30.349041Z,EE,,,UUwVKtNo-KH3PYYm8Bzn906A,,eesti uudised
UC20XhbNfUyl-i4mwDq8XKxQ,Kiviõli 1. Keskkool,,@kivioli1.keskkool781,95,16778,51,False,2015-09-01T12:18:26Z,EE,,,UU20XhbNfUyl-i4mwDq8XKxQ,https://en.wikipedia.org/wiki/Lifestyle_(sociology),eesti toit
UCmlNJbNInfjAo_CWBDGBG5w,STIHL Eesti,"Tere tulemast STIHL Eesti YouTube'i kanalile Siit leiad  STIHLi tootetutvustused, uudistooted, erinevad õpetused, mis puudutavad seadmete õiget hooldust ja kasutamist. Kindlasti leiab siit ka ülevaate ja kokkuvõtted nendest üritustest ja tegemistest, kus STIHL ise kaasa lööb või õla alla paneb. Läbi kanali saad visata pilgu STIHLi maailma ja ülevaate STIHLi põhimõtetest ning väärtustest mida on kantud juba üle 90. aasta.  Rohkem infot STIHLi kohta leiab www.stihl.ee",@stihleesti,189,383810,102,False,2015-09-16T11:36:06Z,EE,,STIHL,UUmlNJbNInfjAo_CWBDGBG5w,https://en.wikipedia.org/wiki/Lifestyle_(sociology),eesti youtuber
UCmffyx2VTIouxGSXQw8C92w,Harjumus / Gaming & More!,Mängur Eestis | Gamer In Estonia,@harjumushd,3,1346,2,False,2014-04-29T18:37:47Z,,,,UUmffyx2VTIouxGSXQw8C92w,"https://en.wikipedia.org/wiki/Video_game_culture, https://en.wikipedia.org/wiki/Role-playing_video_game",eesti gaming
UCoCCghG1hCv9n5lgtam97iw,Pentax Eesti,,@pentaxeesti,26,14924,34,False,2012-03-19T14:35:35Z,,,Pentax,UUoCCghG1hCv9n5lgtam97iw,"https://en.wikipedia.org/wiki/Hobby, https://en.wikipedia.org/wiki/Technology, https://en.wikipedia.org/wiki/Lifestyle_(sociology)",eesti tech
UChCLZniONOsD4v3TekuG2-Q,Narva 2025,"Narva – Soome-Ugri Kultuuripealinn 2025 Kanal kajastab Narva kui soome-ugri kultuuripealinna sündmusi, tutvustab rahvakultuuri, käsitööd ja muusikat ning toob vaatajateni olulisemad hetked aastast. Peamine sündmuspaik on Narva Ingeri Maja, kuid kultuuriprogrammis löövad kaasa ka Tartu Ülikooli Narva Kolledž, Narva Kunstiresidentuur, kultuurimaja Rugodiv ja Narva linn.  Jälgi, et olla kursis Narva 2025 sündmustega.",@narva2025,43,14230,49,False,2025-02-10T15:24:18.835161Z,,et,,UUhCLZniONOsD4v3TekuG2-Q,"https://en.wikipedia.org/wiki/Lifestyle_(sociology), https://en.wikipedia.org/wiki/Society, https://en.wikipedia.org/wiki/Politics",narva
UCt5Q6-lAHOICEduytQcRNgw,Eesti Kultuurkapital,"Eesti Kultuurkapital on unikaalne kogu maailma kultuurimaastikul! See on meie rahva enda välja mõeldud süsteem, kuidas edendada kultuuri hoolimata parematest või halvematest aegadest, valitsevast maitsest või nakkavast materialismist. Nii võttiski Riigikogu juba 1925. aastal vastu Eesti Kultuurkapitali seaduse ning meile kõigile tuntud KULKA taasasutati 1994, siis kui meil oli taas päris oma riik.  Rahas mõõdetuna tähendab see, et osa alkoholiaktsiisi- ja hasartmängumaksust jääb alati tunnustat",@eestikultuurkapital269,64,17091,124,False,2019-08-27T09:27:26Z,,,,UUt5Q6-lAHOICEduytQcRNgw,"https://en.wikipedia.org/wiki/Music, https://en.wikipedia.org/wiki/Society, https://en.wikipedia.org/wiki/Lifestyle_(sociology)",eesti kunst
UCOyaADEE8dDNPA9_adAjEhQ,Narva Gümnaasium,,@narvagymnaasium,63,2780,9,False,2022-05-31T05:06:12.827859Z,,,,UUOyaADEE8dDNPA9_adAjEhQ,"https://en.wikipedia.org/wiki/Politics, https://en.wikipedia.org/wiki/Society",narva
UC6YFqIgAbfjdD5-n34-JdWw,Saana Leppänen (ropesaana),"Saana Leppänen is a multi-skilled circus artist and director who graduated from Stockholm Dance and Circus University in 2018 with disciplines of aerial rope and pair acrobatics. After, she also started to perform with hair suspension. Contact:  ropesaana@gmail.com www.saanaleppanen.com Social media: @ropesaana",@ropesaana,77,13436,12,False,2012-01-04T06:33:21Z,EE,,"""hand to hand"" ""main a main"" ""vertical rope"" aerialist acrobatics circus ""circus show"" ""circus company"" performer ""cyr wheel"" ""aerial silk"" dance movement beuatiful ""circus artist"" show ""partner acrobatics"" suomi esitys sirkus tsirkus eesti dancer ""man and dress"" movement",UU6YFqIgAbfjdD5-n34-JdWw,"https://en.wikipedia.org/wiki/Lifestyle_(sociology), https://en.wikipedia.org/wiki/Music, https://en.wikipedia.org/wiki/Performing_arts, https://en.wikipedia.org/wiki/Entertainment, https://en.wikipedia.org/wiki/Sport",eesti kunst
UCIn8Jm7F2sqd13WQjVJU2eQ,MTÜ Kestev Elurikkus,"Kaitseme Eesti loodust ja elukeskkonda, et ka järgmistel põlvedel oleks siin hea elada. Suuname Eesti energiapoliitika vastutustundliku ja tasakaalustatud arengu rajale. Aita kujundada Eesti tulevikku! Toeta:  MTÜ Looduse ja Inimeste Eest EE424204278636471006 mtu.loodus@gmail.com",@mtukestevelurikkus,338,78215,66,False,2025-01-06T20:38:18.553244Z,,,,UUIn8Jm7F2sqd13WQjVJU2eQ,"https://en.wikipedia.org/wiki/Politics, https://en.wikipedia.org/wiki/Society",eesti loodus
UCP3s9n_TlPRvSd3K0V5q4gw,Võrumaa Sõprade Selts,,@vorumaaselts,22,4248,49,False,2021-11-05T15:06:56.254238Z,,,,UUP3s9n_TlPRvSd3K0V5q4gw,"https://en.wikipedia.org/wiki/Lifestyle_(sociology), https://en.wikipedia.org/wiki/Music",võrumaa
UC5emE8j2C65fu1Ojd8x5tGQ,Noored Kooli,"Noored Kooli on kaheaastane arenguprogramm võimekatele ja motiveeritud inimestele teistest valdkondadest, kes soovivad asuda tööle võrdsemate võimaluste loomise nimel, et iga laps Eestis saaks väga hea hariduse. Loome süsteemseid muutusi ja seisame iga õpilase eest!",@nooredkoolitube,156,286234,128,False,2008-11-29T22:18:13Z,,,"""noored kooli"" õpetamine juhtimine haridus kool",UU5emE8j2C65fu1Ojd8x5tGQ,https://en.wikipedia.org/wiki/Society,eesti haridus
UCxLxUKbpXxwYe7RyT8PIrGw,Loodusfotograaf Silja Grünberg,Im nature & macro photographer from Estonia. Go check  FB: Loodusfotograaf Silja Grünberg.  or IG @silja_photography,@siljafoto,21,6730,33,False,2008-08-23T16:38:17Z,,,"Ein für alle ""alle für ein!!!""",UUxLxUKbpXxwYe7RyT8PIrGw,https://en.wikipedia.org/wiki/Lifestyle_(sociology),eesti loodus
UCF78Ze0YHu60_ZYbygNNITw,Eesti Kriketi Liit - Estonian Cricket Association,All the action from the Estonian Cricket Association,@estoniancricketassociation,2370,266985,564,False,2020-08-06T16:58:31.645612Z,EE,,,UUF78Ze0YHu60_ZYbygNNITw,"https://en.wikipedia.org/wiki/Sport, https://en.wikipedia.org/wiki/Cricket, https://en.wikipedia.org/wiki/Sports_game",eesti sport
UCBQYUlRHdXmPw20WFDQ37Mg,Sir Piggy von Wiggyns,,@crysisgfeman,1,574,7,False,2010-06-20T19:04:08Z,,,,UUBQYUlRHdXmPw20WFDQ37Mg,"https://en.wikipedia.org/wiki/Hobby, https://en.wikipedia.org/wiki/Lifestyle_(sociology)",eesti kunst
UCfXZ5LV-dPoQ0OkbP-oGEcQ,Eesti Tänavatantsijate Liit,,@eestitanavatantsijateliit8976,152,38934,148,False,2022-05-03T06:23:28.145069Z,EE,,,UUfXZ5LV-dPoQ0OkbP-oGEcQ,"https://en.wikipedia.org/wiki/Hip_hop_music, https://en.wikipedia.org/wiki/Lifestyle_(sociology), https://en.wikipedia.org/wiki/Hobby, https://en.wikipedia.org/wiki/Performing_arts",eesti kultuur
UCOvunDaT9tNwG6q03WSYXIw,Eesti Diabeedikeskus,,@eestidiabeedikeskus639,4,3402,9,False,2016-07-12T12:02:18Z,,,,UUOvunDaT9tNwG6q03WSYXIw,"https://en.wikipedia.org/wiki/Entertainment, https://en.wikipedia.org/wiki/Television_program, https://en.wikipedia.org/wiki/Health, https://en.wikipedia.org/wiki/Society, https://en.wikipedia.org/wiki/Lifestyle_(sociology)",eesti uudised
UCqq9C9gWvIQz-jgTaQYP51g,Tesron Ehitus,"Tesron Ehitus on Eesti ehitusettevõte, mis pakub ka projektijuhtimise ja projekteerimise teenuseid.",@tesronehitus-ee,0,528,33,False,2024-09-06T18:47:52.590146Z,,,,UUqq9C9gWvIQz-jgTaQYP51g,https://en.wikipedia.org/wiki/Knowledge,eesti äri
UCqqPnggSrbBtpcwfyhraSyA,Kuldne Trio - Topic,,,101,12142,8,False,2023-10-31T20:12:09.497799Z,,,,UUqqPnggSrbBtpcwfyhraSyA,https://en.wikipedia.org/wiki/Music,eesti rahvamuusika
UCu4eR4cX6sHt4dvPFNKsu1Q,Vladimir Jarikov,,@vladimirjarikov3591,1040,23430,24,False,2016-05-31T15:41:09Z,,,,UUu4eR4cX6sHt4dvPFNKsu1Q,"https://en.wikipedia.org/wiki/Lifestyle_(sociology), https://en.wikipedia.org/wiki/Society, https://en.wikipedia.org/wiki/Health, https://en.wikipedia.org/wiki/Knowledge",eesti uudised
UCy7KFbxu0IeIPg-HUQqhqGQ,Miina,Estonian artist  Instagram: @miina.vilo,@miinavilo,15,9966,20,False,2013-09-25T19:36:52Z,,,,UUy7KFbxu0IeIPg-HUQqhqGQ,"https://en.wikipedia.org/wiki/Hobby, https://en.wikipedia.org/wiki/Lifestyle_(sociology)",eesti kunst
UCgr3B2DVk1_ID1OkXGbkZ8g,Saaremaa Vabatahtlik Merepääste Selts,,@saaremaavabatahtlikmerepaa5700,9,639,3,False,2021-12-18T21:01:04.706016Z,,,,UUgr3B2DVk1_ID1OkXGbkZ8g,"https://en.wikipedia.org/wiki/Vehicle, https://en.wikipedia.org/wiki/Lifestyle_(sociology)",saaremaa
UC2tfrkQvjwxdyONf3PMkFfQ,Visit Saaremaa,"Reis Saaremaale on kena idee. Saared on oma külalisi alati köitnud kauni looduse, ajaloo ja kenade inimestega. Lisa juurde meeleolukad kultuurisündmused ja ongi üks tore puhkus valmis. www.visitsaaremaa.ee",@visitsaaremaa,51,11308,47,False,2016-04-27T12:34:17Z,,,"""Visit Saaremaa"" Saaremaa Kuressaare",UU2tfrkQvjwxdyONf3PMkFfQ,"https://en.wikipedia.org/wiki/Tourism, https://en.wikipedia.org/wiki/Lifestyle_(sociology)",eesti reis
UCKwR7T0c80NOG00VvGugLyg,Estonia Millitary,,@estoniamillitary,0,662,17,False,2020-11-20T01:07:58.854Z,,,,UUKwR7T0c80NOG00VvGugLyg,"https://en.wikipedia.org/wiki/Politics, https://en.wikipedia.org/wiki/Society",eesti teadus
UCgdrq_RLzbiKS6ZFcFGNv0Q,Anastasia Zholnerovich,"Hello!  I go camping, I travel...with various lifestyle experiments.  I share what is interesting to me, and probably useful to you! Привет! Хожу в походы,путешествую...с различными экспериментами по образу жизни. Делюсь тем, что мне интересно, а тебе возможно и полезно!",@anastasiazholnerovich5552,30,2491,11,False,2021-06-15T20:08:59.121195Z,,,,UUgdrq_RLzbiKS6ZFcFGNv0Q,"https://en.wikipedia.org/wiki/Hobby, https://en.wikipedia.org/wiki/Lifestyle_(sociology), https://en.wikipedia.org/wiki/Tourism",eesti reis
UCB89Qhx7IgmzX9xPFfxHIjQ,EESTI ESO KLIPID,"""EESTI ESO"" podcasti parimad väljalõiked! Vaata täispikki episoode siit: https://www.youtube.com/@eestieso Saadet juhib Taavet Kase. Facebook facebook.com/profile.php?id=61554099883813 Instagram instagram.com/kaseasjad TikTok tiktok.com/@eestieso",@eestiesoklipid,718,50508,187,False,2025-02-25T08:56:25.348577Z,,,,UUB89Qhx7IgmzX9xPFfxHIjQ,https://en.wikipedia.org/wiki/Society,eesti
UCYhJuSf32yh7KWusTKscpnQ,Learn Estonian,,@ytlearnestonian,29,1231,243,False,2014-02-16T16:39:51Z,,,,UUYhJuSf32yh7KWusTKscpnQ,"https://en.wikipedia.org/wiki/Knowledge, https://en.wikipedia.org/wiki/Lifestyle_(sociology)",eesti õppimine
UCJUN7Dl6SPavXHVsWsw2cJg,Eesti Keskerakond,Eesti Keskerakonna YouTube kanal,@eestikeskerakond,1200,4871986,606,False,2008-10-09T12:14:03Z,,et,,UUJUN7Dl6SPavXHVsWsw2cJg,"https://en.wikipedia.org/wiki/Politics, https://en.wikipedia.org/wiki/Society",eesti poliitika
UCJcFkCHdJpbgJv_ksxgLwqw,FAERSHTEIN,"Aleksandr Žedeljov  Composer, musician, producer Write music for theatre shows, film scores, fashion shows, media exhibitions and sound installation's. After graduating from school he worked in theatre (""Drugoi teater"", „RussianTheatre“, ""Sadama teater"", Eesti Drama theatre, teatr Polski w Poznaniu) , at the same time studied and graduated jazz guitar from Georg Ots music school in Tallinn (2001 – 2006), teacher Mart Soo. 2012 start studied composing in ESTONIAN ACADEMY OF MUSIC AND THEATRE.",@faershtein,556,237395,239,False,2008-01-21T09:42:08Z,EE,,"tallinn funk art lightone ""jazz fusion"" Modulshtein Faershtein IDM Downtempo Elektron Syntakt Digitakt Octatrack Moog ""Dangelico guitar""",UUJcFkCHdJpbgJv_ksxgLwqw,"https://en.wikipedia.org/wiki/Jazz, https://en.wikipedia.org/wiki/Classical_music, https://en.wikipedia.org/wiki/Music, https://en.wikipedia.org/wiki/Electronic_music",eesti teater
UCd2vJYuCxvXloAJFGjm7nLg,Lennujuht.ee,"Jagame infot lennujuhtimisteenuse pakkumisega seotud erialadest Eestis. Lehte haldavad Eesti Lennuakadeemia ning Lennuliiklusteeninduse AS. Eesti Lennuakadeemia on riiklik rakenduskõrgkool, kus koolitatakse spetsialiste Eesti lennundusettevõtetele. 1993. aastal asutatud ja 2008. aastal Eesti Lennuakadeemiaks ümber nimetatud õppeasutusest on tänaseks saanud edukas Eesti kõrgkool, mille õppeprotsessis rakendatakse Eesti rakenduskõrghariduse ja rahvusvahelisi lennundusalaseid standardeid. Loe rohk",@lennujuht,39,10152,6,False,2014-04-26T20:17:27Z,,,lennundus lennujuht lennujuhtimine lennuk lennukid lennuliiklus lennuliiklusteenindus lennuakadeemia sideinsener,UUd2vJYuCxvXloAJFGjm7nLg,"https://en.wikipedia.org/wiki/Technology, https://en.wikipedia.org/wiki/Lifestyle_(sociology)",eesti kunst
UCNPkugqzcrmL1aAw-GjV0wQ,Sander Leppnurm,Follow my instagram @peeneksjohhaidi,@sanderleppnurm,4450,314749,63,False,2013-01-09T13:34:44Z,,,,UUNPkugqzcrmL1aAw-GjV0wQ,"https://en.wikipedia.org/wiki/Vehicle, https://en.wikipedia.org/wiki/Lifestyle_(sociology), https://en.wikipedia.org/wiki/Motorsport",proovime
UCv3ugyg-hfo5yP6eISdjWgQ,Pärnu Kristlik Vabakogudus teenistused,,@parnukristlikvabakogudus,251,47725,217,False,2020-03-27T19:50:46.648695Z,EE,,"pkvk ""pärnu kristlik vabakogudus""",UUv3ugyg-hfo5yP6eISdjWgQ,"https://en.wikipedia.org/wiki/Society, https://en.wikipedia.org/wiki/Religion, https://en.wikipedia.org/wiki/Christian_music, https://en.wikipedia.org/wiki/Music",pärnu
UCKOPlOh9DcE475NpwBDbgxw,capital show,,@capitalshow5537,36,64827,129,False,2013-09-06T14:59:08Z,,,,UUKOPlOh9DcE475NpwBDbgxw,"https://en.wikipedia.org/wiki/Lifestyle_(sociology), https://en.wikipedia.org/wiki/Knowledge, https://en.wikipedia.org/wiki/Technology",eesti õppimine
UCIjZMuyUoX8S--t0bwYgCrg,Tartu Ülikool,Tartu Ülikool on Eesti suurim ja vanim ülikool aastast 1632. Oleme rahvusülikool ja Eesti akadeemilise vaimsuse keskus ning edendame tugeva teadusülikoolina haridust ja teadust kogu maailmas.  Tartu Ülikool kuulub maailma parimate ülikoolide 1% sekka.,@tartuylikool,1420,2478450,573,False,2009-11-25T08:36:57Z,EE,,university studying school science business students alumni,UUIjZMuyUoX8S--t0bwYgCrg,https://en.wikipedia.org/wiki/Society,tartu
UCX9nfW2dndoe15WbgD5vpQA,Eesti Suusaliit,,@eesti-suusaliit,94,151283,29,False,2020-01-05T14:58:56.104588Z,EE,,suusaliit eesti est estonia estland skiing cross-country cross country xc murdmaa suusatamine suusk talv talisport otepää tehvandi,UUX9nfW2dndoe15WbgD5vpQA,"https://en.wikipedia.org/wiki/Lifestyle_(sociology), https://en.wikipedia.org/wiki/Sport",eesti
UCHfhh6pZnbW7xQc_uvd-pOQ,Narva Eesti Gümnaasium,Narva Eesti Gümnaasium alustas õppetööd 1. septembril 2023. Koolis õpib ligi 200 õpilast.,@nerg2023,91,7263,23,False,2022-03-03T14:58:19.617509Z,EE,et,"""nerg 2023"" narva eesti riigigümnaasium гимназия ""нарвская гимназия"" нарва школа ""нарвские школы"" ""школы в нарве"" ""средняя школа"" ""narva eesti riigigümnaasium"" estonia",UUHfhh6pZnbW7xQc_uvd-pOQ,https://en.wikipedia.org/wiki/Society,narva
UC04Hhuz3iEZjW-SPw6zelmQ,Taukaripoisid,Läksime Erikuga Austraaliasse ja vaatame mis saab,@taukaripoisid,137,3245,5,False,2011-11-20T17:13:05Z,,,,UU04Hhuz3iEZjW-SPw6zelmQ,https://en.wikipedia.org/wiki/Lifestyle_(sociology),vaatame
UC4FWJ_BFh1SvI-1mtxTmzXw,Puuluup - Topic,,,1720,514972,31,False,2018-05-15T11:52:09Z,,,,UU4FWJ_BFh1SvI-1mtxTmzXw,"https://en.wikipedia.org/wiki/Pop_music, https://en.wikipedia.org/wiki/Music, https://en.wikipedia.org/wiki/Independent_music",eesti rahvamuusika
UCa577whZgsRhLAt_-HwF2hg,Narva Muuseum,,@narvamuseum,445,72714,135,False,2020-04-06T16:32:00.524731Z,EE,,музей искусство история экспозиция замок достояние архитектура религия,UUa577whZgsRhLAt_-HwF2hg,"https://en.wikipedia.org/wiki/Entertainment, https://en.wikipedia.org/wiki/Knowledge",narva
UCeDZaFi5P47MuAEe-pB3Ivg,Ebaõnne 13,Tere tulemast... Ebaõnne tänavale! Ebaõnne 13 on humoorikas Eesti improv podcast / taskuhääling. Saadet juhivad Mart-Matteus Kampus ja Max Sommer.,@ebaonne13,20,3669,79,False,2014-06-11T22:27:03Z,EE,,,UUeDZaFi5P47MuAEe-pB3Ivg,https://en.wikipedia.org/wiki/Lifestyle_(sociology),eesti taskuhääling
UC0iWTgLEYvhNLUFjRIQcEGg,Saaremaa TV,,@saaremaatv,17,10352,102,False,2018-03-23T12:46:59Z,,,,UU0iWTgLEYvhNLUFjRIQcEGg,https://en.wikipedia.org/wiki/Music,saaremaa
UClUe5ofmIpp77LSrtIFNGlg,TÜ Viljandi kultuuriakadeemia,"Tartu Ülikooli Viljandi kultuuriakadeemia on kultuuri kodu Viljandi südalinnas, kus saab tunnustatud loomeinimeste käe all õppida etenduskunstide, kultuurhariduse, muusika ja rahvusliku käsitööga seotud õppesuundadel. Kultuuriakadeemia ühendab pärimuse ja tänapäeva, rahvuslikkuse ja rahvusvahelisuse, teadus- ja kunstiloome, teooria ja praktilised lahendused.  Kultuuriakadeemia inspireerib, ühendab ja loob.",@tuviljandikultuuriakadeemia,167,279412,551,False,2019-12-06T13:02:18.679728Z,EE,,,UUlUe5ofmIpp77LSrtIFNGlg,"https://en.wikipedia.org/wiki/Religion, https://en.wikipedia.org/wiki/Music, https://en.wikipedia.org/wiki/Christian_music, https://en.wikipedia.org/wiki/Classical_music",eesti teadus
UCKfODubODlxaiP8j2w314Sw,Eesti Lood,,@eestilood5498,52,55128,18,False,2015-07-17T08:58:38Z,,,,UUKfODubODlxaiP8j2w314Sw,https://en.wikipedia.org/wiki/Music,eesti rahvamuusika
UC-1IqSnEEXZUMv9qLmJ5voQ,BASF Agro Eesti,"BASF Agricultural Solutions pakub uuenduslikke lahendusi nii taimekaitses, rapsiseemnetes,  seemnete puhtimises, bioloogilises tõrjes ning lisaks innovatsiooni taime toitainete ja stressi juhtimises. Meie tootevalik sisaldab lisaks tooteid rohumaadele, dekoratiivtaimedele, näriliste jm. kahjurite tõrjeks ja rahvaterviseks vitamiinide näol.  BASF Agricultural Solutions on turuliider innovatsioonis, aidates koos põllumajandussektoriga kaitsta ja tõsta taimede saagikust, et põllumehed saaksid efekt",@basf_agro_ee,289,203302,141,False,2017-09-05T13:56:04Z,EE,,,UU-1IqSnEEXZUMv9qLmJ5voQ,https://en.wikipedia.org/wiki/Knowledge,eesti
UCfaLHn7qYWs6z1HmJR85gEg,Eesti Mündiäri OÜ,"Tere tulemast Eesti Mündiäri YouTube’i kanalile! Juba üle kahe aastakümne toome Eesti kogujateni maailmakuulsate rahapajade kollektsioonimündid ja medalid. Kuulume rahvusvahelisse Samlerhuset-gruppi – meie meenemündid ja medalid on vermitud grupile kuuluvas Norra Rahapajas, samas paigas, kus valmivad ka Nobeli auhinna medalid. Meie missiooniks on jäädvustada Eesti jaoks olulised sündmused, inimesed ja institutsioonid medalitel ja müntidel, et need mälestused püsiksid ka tulevikus. Toome teieni",@myndiari_ee,9,17699,44,False,2021-08-24T08:24:16.34541Z,EE,,,UUfaLHn7qYWs6z1HmJR85gEg,"https://en.wikipedia.org/wiki/Hobby, https://en.wikipedia.org/wiki/Lifestyle_(sociology)",eesti ajalugu
UCXKUYSfnGCGLV9sW9cdl8jA,Musahuviline,,@musahuviline,42,51956,12,False,2010-06-29T18:50:31Z,,,,UUXKUYSfnGCGLV9sW9cdl8jA,https://en.wikipedia.org/wiki/Music,võrumaa
UC_OwOX7TtcErh73YixCF00Q,münt Kärner x3,Tsauki. Olen alati tahtnud lahedaid videosi teha ja need saavad täide.,@muntkarnerx3830,7,919,4,False,2018-04-29T15:01:57Z,,,,UU_OwOX7TtcErh73YixCF00Q,https://en.wikipedia.org/wiki/Lifestyle_(sociology),vaatame
UCPMePJ5c7tCPq-bgthZymig,Vorumaa Keskraamatukogu,Võrumaa Keskraamatukogu videokanal,@vorumaakeskraamatukogu1478,6,3634,42,False,2020-01-13T11:19:31.312658Z,,,,UUPMePJ5c7tCPq-bgthZymig,"https://en.wikipedia.org/wiki/Lifestyle_(sociology), https://en.wikipedia.org/wiki/Hobby",võrumaa
UCajJjGPk7OD5mqp2Qs-jZjQ,KLAVAN2025,"Pealelöök on Ragnar Klavani ja tema tiimi podcast, mis toob Sinuni Eesti jalgpalli kõige põletavamad teemad. Otsekoheselt, ausalt ning lahendustele keskendudes. Jalgpall on kõigile!",@klavan2025,611,105620,15,False,2025-04-22T19:37:47.507494Z,EE,,,UUajJjGPk7OD5mqp2Qs-jZjQ,"https://en.wikipedia.org/wiki/Society, https://en.wikipedia.org/wiki/Association_football, https://en.wikipedia.org/wiki/Sport, https://en.wikipedia.org/wiki/Knowledge",eesti podcast
UCVhjhvWJOfr-IS5wtd3xIVw,Jõulud džunglis,"Režissöör Jaak Kilmi koguperefilmi „Jõulud džunglis“ peategelane on 10-aastane koolitüdruk Paula, kes kolib koos perega troopikasse ja peab maha jätma endale tuttava maailma. Ehkki uus elu troopikas on tore, igatseb Paula siiski koduseid jõule ning nii otsustab ta koos oma uue sõbra Akhimiga džunglist jõulušamaani otsima minna. Kumbki ei tea aga, kui peadpööritavalt ohtlikuks võib selline retk osutuda. Filmi peaosalist, sihikindlat Paulat, kes kartmatult džunglisse jõuluimet otsima läheb, mängi",@jouluddzunglis911,168,192459,13,False,2019-12-19T11:41:13.296164Z,,,,UUVhjhvWJOfr-IS5wtd3xIVw,"https://en.wikipedia.org/wiki/Entertainment, https://en.wikipedia.org/wiki/Film",eesti filmid
UCVE4ubl8xzEyl0X6AhdC2Ag,VaataFilmi,"VaataFilmi kaubamärgi all tegutseb Forum Cinemas AS koosseisu kuuluv filmilevituse tiim, kes esindab Eestis filmistuudioid Universal Pictures ja Paramount Pictures ning hoolitseb selle eest, et nende stuudiote filmid kõikidesse Eesti kinodesse jõuaksid. Lisaks suurstuudiote filmidele toimetab VaataFilmi ka sõltumatute nn „independent"" tootjate linateostega ja seda koostöös Leedu levifirmaga Prior Entertainment ja Eesti levifirmaga BigSales. Meie filme näitavad head sõbrad järgmistes Eesti kinod",@vaatafilmi1797,5410,11647598,547,False,2013-12-05T11:07:49Z,,,,UUVE4ubl8xzEyl0X6AhdC2Ag,"https://en.wikipedia.org/wiki/Film, https://en.wikipedia.org/wiki/Entertainment",eesti filmid
UCI6A5NPjRgCB-QAOinc5epA,tervisepaik,Healing&Loving terve vaim terve keha terve eluviis instagram: @tervisepaik tiktok: @tervisepaik,@tervisepaik,18,647,2,False,2024-10-03T07:31:59.421542Z,,,,UUI6A5NPjRgCB-QAOinc5epA,"https://en.wikipedia.org/wiki/Health, https://en.wikipedia.org/wiki/Lifestyle_(sociology)",minu elu
UCNRYAyKFJqyoIj0z2MynGeg,StoTheR1,,@stother1,14,6724,6,False,2011-09-28T15:05:13Z,,,,UUNRYAyKFJqyoIj0z2MynGeg,"https://en.wikipedia.org/wiki/Lifestyle_(sociology), https://en.wikipedia.org/wiki/Knowledge",eesti ajalugu
UCeLA1tLy7WKYM46TW3AkA4g,"Tere, Pärnu Suvi",,@tereparnusuvi257,2,2077,2,False,2021-05-28T04:08:38.692819Z,,,,UUeLA1tLy7WKYM46TW3AkA4g,"https://en.wikipedia.org/wiki/Lifestyle_(sociology), https://en.wikipedia.org/wiki/Hobby",pärnu
UC8nCAHDwrfn-TitTzTtAviw,Grete Õunap,"Hei! Tere tulemast minu ellu! Siin kanalil näed minu elu tantsijana, minu reisid, igapäevaelu ja palju muud!",@greteounap,179,16089,11,False,2011-11-13T11:06:37Z,EE,,lifestyle fitness food invisaligne onlyfans,UU8nCAHDwrfn-TitTzTtAviw,"https://en.wikipedia.org/wiki/Fashion, https://en.wikipedia.org/wiki/Lifestyle_(sociology), https://en.wikipedia.org/wiki/Hobby",minu elu
UCsM82nXV1YptMUZ9RyPK8xw,Eelika Kontro,,@glareolaa,3,4273,3,False,2012-03-12T10:56:19Z,,,,UUsM82nXV1YptMUZ9RyPK8xw,"https://en.wikipedia.org/wiki/Sport, https://en.wikipedia.org/wiki/Lifestyle_(sociology)",eesti korvpall
UCBja9uqGgxFh2KnADEhUIYg,minemetsanomaeitea,Ma ei tea.Kunagi kirjutan...vist.,@minemetsanomaeitea,2,3997,1,False,2006-09-17T12:39:36Z,,,,UUBja9uqGgxFh2KnADEhUIYg,,eesti teater
UCdzd0Mft6a-PjqH_FczhrAw,Est Film,"Est Film on siin, et tuua teieni igapäevaselt värskemaid filmide trailereid ja klippe. Kui sa tunned, et oled keegi kellele filmid korda lähevad siis klikka Telli(Subscribe) nupu peal. Koostööpartner: Niffler Edit http://niffleredit.wixsite.com/niffleredit",@estfilm7035,432,516953,60,False,2016-06-08T10:01:50Z,EE,,,UUdzd0Mft6a-PjqH_FczhrAw,"https://en.wikipedia.org/wiki/Entertainment, https://en.wikipedia.org/wiki/Film",eesti filmid
UCW1J5Avj0jMzb9k6w8Zebmg,Koplifest,"KopliFest sai alguse 2018. aastal ja on inspiratsiooni saanud mõned aastat tagasi kohaliku kogukonna poolt ellu kutsutud Kopli liinide festivalilt. Tegemist on eelkõige kogukonnapäevaga, mille märksõnad on hea muusika, maitsev toit, kunst, tegemised noortele ja uued teadmised Kopli asumist. Festivali põhiline toimumiskoht on Mereakadeemia (Kopli 101) hoov. Festivali programm pakub avastamisvõimalusi terves Koplis. Festivali eesmärk on lihtne. Nagu nimigi ütleb, on tegemist KOPLIfestiga ja eesm",@koplifest5072,0,2983,6,False,2019-07-29T19:38:36Z,,,,UUW1J5Avj0jMzb9k6w8Zebmg,https://en.wikipedia.org/wiki/Music,eesti kunst
UCTNZ52yx_QuRlARXAuGCcNw,Tagurpidi torn,"Põnevik “Tagurpidi torn” räägib lastekamba suvest unises Lõuna-Eesti külas, kus ainukest lõbu pakub lihtsalt hängimine ja turnimine mahajäetud tootmiskompleksis. Seal viibimine keelatakse neile aga ära. Kamba pealik Kristjan ning tema sõbrad Ariel, Loore, Mia-Margot ja Siim otsustavad keelust üle astuda. Otsus muudab nende elu ning paneb sõbrad karmi vastasseisu. Jääbki lahendada küsimus - mis on õige ja mis on vale? Filmi osades on Nils Jaagup England (Kristjan), Rebeka Kask (Loore), Una Marta",@tagurpiditorn1580,47,115277,10,False,2021-10-06T09:22:37.586221Z,,,,UUTNZ52yx_QuRlARXAuGCcNw,"https://en.wikipedia.org/wiki/Entertainment, https://en.wikipedia.org/wiki/Film, https://en.wikipedia.org/wiki/Music, https://en.wikipedia.org/wiki/Pop_music",eesti meelelahutus
UCo1FD0FGIsZtVKq1wVAq-6w,yajsnakjw,"Tere tulemast minu kanalile! Selles kanalis õpetan ma teile, kuidas Roblox'is mänge teha.",@yajsnakjwkanal,7,601,2,False,2024-12-02T16:22:08.18902Z,,,,UUo1FD0FGIsZtVKq1wVAq-6w,https://en.wikipedia.org/wiki/Video_game_culture,kuidas teha
UC1kZGxIPCGjAzWBa32jKu9w,Pärnu Loomeliit,,@parnuloomeliit1019,34,7816,64,False,2013-11-15T12:57:52Z,,,,UU1kZGxIPCGjAzWBa32jKu9w,"https://en.wikipedia.org/wiki/Lifestyle_(sociology), https://en.wikipedia.org/wiki/Knowledge",pärnu
UC47l9PxOHRyEutSVPLWYHlA,Tallinna rattalinnapea | Bicycle Mayor of Tallinn,"ET: Palun külastage Facebooki või Instagrami lehte, kui soovite lisateavet.  EN: For more information, please visit my Facebook or Instagram page.   LINKS:  https://www.facebook.com/Tallinna-Rattalinnapea-102366902021557   https://bycs.org/partelpeeter-pere/?fbclid=IwAR2rJvyIliumKkQdQFZc9zUvurZAFL7nDkjPg_aWIwVgofkwdZ7_d6x5p48",@tallinnarattalinnapeabicyc8018,69,3340,9,False,2021-05-06T06:28:22.601728Z,,,,UU47l9PxOHRyEutSVPLWYHlA,"https://en.wikipedia.org/wiki/Society, https://en.wikipedia.org/wiki/Lifestyle_(sociology)",tallinn
UCCVp-kFlMuEPJXfzGk-y7Kw,Kaugseire RITA,"RITA KAUGSEIRE on Eesti Teadusagentuuri algatatud valdkondliku teadus-arendustegevuse toetamise programmi RITA projekt, mille eesmärgiks on kaugseire andmete laiem kasutuselevõtt avalike teenuste paremaks muutmiseks. Rakendusuuringu ettepanek tuli Keskkonna-, Maaelu, Sise- ning Majandus- ja Kommunikatsiooniministeeriumitelt. Rakendusuuringu läbiviijateks on Tartu Ülikooli Tartu observatooriumi juhitud konsortsium KAUGSEIRE, kuhu kuuluvad Eesti kõige tuntumad kaugseire eri aspektidega seotud ühek",@kaugseirerita5113,4,1092,8,False,2020-11-10T19:21:42.824343Z,,,,UUCVp-kFlMuEPJXfzGk-y7Kw,"https://en.wikipedia.org/wiki/Lifestyle_(sociology), https://en.wikipedia.org/wiki/Technology, https://en.wikipedia.org/wiki/Knowledge, https://en.wikipedia.org/wiki/Society",eesti teadus
UC0mVzKX0Zdhf6UhVXQF9b3w,MasterChef Eesti,Maailma suurim kokandusvõistlus MasterChef nüüd Eestis! 🔥 Toiduentusiastid või hobikokad panevad end proovile tulisel võistlusel ihaldusväärse MasterChef tiitli nimel. Võitjat ootab lisaks ka 10 000 € auhinnafond. 🏆🧑🏼‍🍳,@masterchefeesti,340,81997,85,False,2022-08-23T12:57:08.795016Z,,,,UU0mVzKX0Zdhf6UhVXQF9b3w,"https://en.wikipedia.org/wiki/Lifestyle_(sociology), https://en.wikipedia.org/wiki/Entertainment, https://en.wikipedia.org/wiki/Television_program, https://en.wikipedia.org/wiki/Food",eesti
UCxWQM2dFlOlc8fR_viCHr3g,Boonused,"Kasiino Boonused, Kampaaniad, Uudised; Pokker; Spordiennustus",@boonusedorg,7,4048,151,False,2014-12-15T01:07:51Z,,,"""Kasiino boonused"" kampaaniad pokker spordiennustus",UUxWQM2dFlOlc8fR_viCHr3g,"https://en.wikipedia.org/wiki/Video_game_culture, https://en.wikipedia.org/wiki/Casual_game",eesti korvpall
UCYlsUk7UP0mNZnG6OUPScYA,Kratt - Topic,,,11,6786,25,False,2022-07-14T14:58:37.76913Z,,,,UUYlsUk7UP0mNZnG6OUPScYA,"https://en.wikipedia.org/wiki/Electronic_music, https://en.wikipedia.org/wiki/Music, https://en.wikipedia.org/wiki/Pop_music, https://en.wikipedia.org/wiki/Independent_music",eesti rahvamuusika
UCItijWahBPFc0_f3yGuqRTg,Eesti Disainikeskus I Estonian Design Centre,,@eestidisainikeskus,142,7241,56,False,2017-08-07T14:09:58Z,,,,UUItijWahBPFc0_f3yGuqRTg,"https://en.wikipedia.org/wiki/Society, https://en.wikipedia.org/wiki/Knowledge, https://en.wikipedia.org/wiki/Lifestyle_(sociology)",eesti youtuber
UCBzt3vSx_iUTKTPR_adK0yA,Bitcoin Eesti,Bitcoinist ausalt ja keerutamata. Saatejuhid: Viljam Valdmaa ja Silver Zimmermann Soovid tulla jutustama? Võta ühendust! viljam.valdmaa@gmail.com silverzimmermann@gmail.com  Bitcoin Eesti FB: https://www.facebook.com/groups/870570437443487 Raamatud: https://www.liigalihtne.ee/pood Toeta meid: Bitcoin (Lightning Network): bitcoineesti@blink.sv Bitcoin (on-chain): bc1q8w45t44khpc0esqqkwpjcahympa0qvzjlztpgp,@bitcoineesti,455,23453,107,False,2023-01-29T15:08:02.536281Z,EE,,Bitcoin,UUBzt3vSx_iUTKTPR_adK0yA,https://en.wikipedia.org/wiki/Knowledge,eesti
UCcqrxtruJinuORGpXj2iniw,Sihtasutus Akadeemiake,,@sihtasutusakadeemiake3910,51,68213,7,False,2014-11-06T19:24:53Z,,,,UUcqrxtruJinuORGpXj2iniw,https://en.wikipedia.org/wiki/Knowledge,kuidas teha
UCKioNVw3-Nl7XQgK1PI3VxA,Tartu Ülikooli Narva kolledž,"Narva kolledž on Tartu Ülikooli regionaalne kolledž, kus saab lisaks õpetajakoolituse erialadele õppida noorsootööd, ettevõtlust, projektijuhtimist ja IT-süsteemide arendamist. Kolledž on tuntud kui mitmekeelse hariduse kompetentsikeskus ja on rahvusvaheliselt hinnatud keskkond vene keele õppimiseks. Aitame kaasa innovatsioonile ja ettevõtlikkusele, oleme eestluse aktiivne kujundaja ning kultuuri- ja ühiskonnaelu edendav vaimne liider Kirde-Eestis.",@unitartu_narvacollege,56,139646,63,False,2012-11-11T19:16:56Z,,,Tartu Ülikooli Narva Kolledž,UUKioNVw3-Nl7XQgK1PI3VxA,"https://en.wikipedia.org/wiki/Knowledge, https://en.wikipedia.org/wiki/Society",narva
UCMaDYt8G4wk3UvE51PxbPqQ,Dr. Oetker Eesti,,@dr.oetkereesti3860,50,594832,13,False,2023-02-01T14:20:25.540376Z,EE,,,UUMaDYt8G4wk3UvE51PxbPqQ,"https://en.wikipedia.org/wiki/Food, https://en.wikipedia.org/wiki/Lifestyle_(sociology)",eesti toit
UCY-he1iOc9KSekhxmzaYqaw,MeiMei in Estonia,,@meimeiinestonia,5,3142,4,False,2025-06-04T05:25:04.249541Z,,,,UUY-he1iOc9KSekhxmzaYqaw,"https://en.wikipedia.org/wiki/Lifestyle_(sociology), https://en.wikipedia.org/wiki/Food",kuidas teha
UC4_tQvIGFh5OsGQp5REt0Dw,Atea Eesti,,@ateaeesti,117,56791,129,False,2012-10-03T11:02:26Z,,,,UU4_tQvIGFh5OsGQp5REt0Dw,"https://en.wikipedia.org/wiki/Knowledge, https://en.wikipedia.org/wiki/Technology, https://en.wikipedia.org/wiki/Business, https://en.wikipedia.org/wiki/Lifestyle_(sociology)",eesti äri
UCienOVNTmzxptHkTGuHVAhA,Gaming Bros,Eesti Gaming Brothers! lükkake sub ;),@gamingbros6645,7,787,11,False,2015-08-31T01:44:23Z,EE,,,UUienOVNTmzxptHkTGuHVAhA,"https://en.wikipedia.org/wiki/Action_game, https://en.wikipedia.org/wiki/Strategy_video_game, https://en.wikipedia.org/wiki/Video_game_culture, https://en.wikipedia.org/wiki/Role-playing_video_game, https://en.wikipedia.org/wiki/Casual_game, https://en.wikipedia.org/wiki/Action-adventure_game",eesti gaming
UC0DIWzSghIRZD0OTyzS3M3w,EestiFilm100,"Eesti filmi sünnipäevaks loetakse 30. aprilli 1912 (uue kalendri järgi), mil Tartu kinos Illusion linastus Johannes Pääsukese esimene filmipala. See oli lühifilm Vene katselenduri Sergei Utotškini vigurlendudest Tartu kohal, mis toimusid mõni päev varem, 27. ja 28. aprillil 1912. Eesti film 100 on koostööprogramm, millele pandi alus 2. juunil 2005, mil seitsme kultuuri- ja filmivaldkonnas tegutseva institutsiooni esindajad allkirjastati ühiste kavatsuste kokkuleppe. Lepiti kokku, et tegutsetak",@eestifilm100,754,659405,59,False,2011-11-18T11:06:22Z,,,,UU0DIWzSghIRZD0OTyzS3M3w,"https://en.wikipedia.org/wiki/Entertainment, https://en.wikipedia.org/wiki/Film, https://en.wikipedia.org/wiki/Television_program",eesti filmid
UCMaQm66dSpwgYGWN8p0Qjlg,ESTpaanlased,"MEIE KANALIST 👇 Oleme eestlased, kes kolisid Hispaaniasse ja sealt edasi Dubisse ning hetkel oleme tagasi Eestis...🇪🇸 🇦🇪 🇪🇪 Meie kanalist leiad lõbusaid seikasid meie elust Hispaanias, Dubais ja nüüd ka kodumaal ning tulevastelt reisidelt. Jagame sinuga enda kolimisprotsessi Hispaaniasse, kutsume endale külla ja igale poole reisidele kaasa ning kindlasti näitame ka enda Eesti sõpru.  Ja kindlasti ära unusta meid jälgida!",@estpaanlased,158,21546,26,False,2020-05-01T18:07:35.707778Z,,,,UUMaQm66dSpwgYGWN8p0Qjlg,"https://en.wikipedia.org/wiki/Tourism, https://en.wikipedia.org/wiki/Lifestyle_(sociology)",eesti vlog
UCO6oeqV21yIW0RXxGzFpLNg,Pärnu-Jaagupi Põhikool,,@pjgymnaasium,24,1470,2,False,2013-01-07T18:59:19Z,,,,UUO6oeqV21yIW0RXxGzFpLNg,,pärnu
UCIYSg24pGTfmEuRwD9yPUnQ,Tallinn,,@tallinn6616,1,637,7,False,2015-02-12T13:12:03Z,,,,UUIYSg24pGTfmEuRwD9yPUnQ,"https://en.wikipedia.org/wiki/Lifestyle_(sociology), https://en.wikipedia.org/wiki/Society",tallinn
UCZqui-FBWkHR1yU8CnPAh0A,Stockholmi Eesti Segakoor,,@stockholmieestisegakoor911,65,11596,25,False,2020-06-10T08:52:19.495561Z,,,"""Stockholmi Eesti Segakoor""",UUZqui-FBWkHR1yU8CnPAh0A,"https://en.wikipedia.org/wiki/Christian_music, https://en.wikipedia.org/wiki/Music, https://en.wikipedia.org/wiki/Classical_music",eesti laulud
UCVxQ4r35B7NQmHTQpJtntWw,iluminatipleier,ei,@iluminatipleier9280,87,15014,87,False,2015-03-18T20:58:37Z,,,,UUVxQ4r35B7NQmHTQpJtntWw,"https://en.wikipedia.org/wiki/Lifestyle_(sociology), https://en.wikipedia.org/wiki/Action-adventure_game, https://en.wikipedia.org/wiki/Video_game_culture, https://en.wikipedia.org/wiki/Action_game, https://en.wikipedia.org/wiki/Role-playing_video_game, https://en.wikipedia.org/wiki/Entertainment",kuidas teha
UC8Wtwlz-a4lmESG6taGodAw,Eesti Transpordiamet,,@eestitranspordiamet,618,726052,267,False,2020-12-16T06:40:43.538788Z,EE,,,UU8Wtwlz-a4lmESG6taGodAw,https://en.wikipedia.org/wiki/Society,eesti
UCPtX6qXujse1VsUHcIsT-Vw,Tartu Elu Sõna Kogudus,"Jumalateenistused igal pühapäeval kell 11, nii kohapeal (Ööbiku 10a, Tartu) kui veebis.",@tartuelusonakogudus3752,165,543,1,False,2019-02-25T13:03:27Z,EE,,,UUPtX6qXujse1VsUHcIsT-Vw,,tartu
UCOyJixOcPi1nT7To_zUQlGw,Silver Film,Silver Film toob Eesti kinolinadele põnevad filmid ja animatsioonid laiast maailmast.,@silverfilmid,26,449141,36,False,2020-02-03T14:22:44.297603Z,EE,,Filmid kino filmilevitaja animatsioon,UUOyJixOcPi1nT7To_zUQlGw,"https://en.wikipedia.org/wiki/Entertainment, https://en.wikipedia.org/wiki/Film",eesti filmid
UC3Rqg6olQ3pavXACFmb4KSg,Hiiumaa Arenduskeskus,,@hiiumaaarenduskeskus7033,91,55952,176,False,2018-09-03T12:58:04Z,,,,UU3Rqg6olQ3pavXACFmb4KSg,"https://en.wikipedia.org/wiki/Society, https://en.wikipedia.org/wiki/Knowledge",hiiumaa
UCwux5j17xr6zTKAts4W5R4A,TheMeintz,Enamus Eesti koondise ja klubide mängud alates 1938.aastast :),@themeintz,892,1535068,255,False,2011-06-24T10:00:53Z,,,,UUwux5j17xr6zTKAts4W5R4A,"https://en.wikipedia.org/wiki/Sport, https://en.wikipedia.org/wiki/Association_football",eesti jalgpall
UCCZ-DS8DDN5XXFzix6kCOFQ,Mi home,Xiaomi Ametlik E-pood Eestis,@mihome-ee,12,56557,14,False,2024-09-27T11:33:30.999216Z,,,,UUCZ-DS8DDN5XXFzix6kCOFQ,"https://en.wikipedia.org/wiki/Lifestyle_(sociology), https://en.wikipedia.org/wiki/Technology",eesti tech
UCVUr10_cV4gubAfMMKBusCg,Ansambel Ahoi,"Ansambel Ahoi on rahvamuusika ansambel, mille repertuaarist võib leida nii tuliseid ja särtsakaid tantsulugusid kui ka mahedaid valsipalasid. Kogu kava on ehedat emotsiooni pakkuv ning eestikeelne. Muusika on ilma filtrita ning kohapeal sündiv vahetu energia jõuab kuulajateni läbi elava muusika. Vanadele rahvapärastele lugudele on antud rütmiline nägemus ning inspireeritult rahvamuusikast mängib ansambel ka omaloomingut. Ahoi alustas oma tegevust 2019 aasta sügisest, mil äsja ajateenistuse lõpe",@ansambelahoi,262,63269,8,False,2020-03-04T18:36:38.900621Z,EE,,ansambel ahoi rahvamuusika akordion kitarr trummid martin artur kaur,UUVUr10_cV4gubAfMMKBusCg,https://en.wikipedia.org/wiki/Music,eesti rahvamuusika
UCk0eC7k9PGzGhY_xLppEsEA,Robotniiduk Pro Eesti,"Robotniiduk.pro-s müüme, paigaldame ning hooldame kvaliteetseid Itaalia kaubamärgi Wiper Premium robotniidukeid. Valikust leiad sobiva mudeli igale krundile. Vali sobiv mururobot välja ning tuleme paigaldame selle Sulle tasuta.",@robotniidukproeesti4254,13,21604,14,False,2021-05-06T04:12:46.100465Z,,,,UUk0eC7k9PGzGhY_xLppEsEA,"https://en.wikipedia.org/wiki/Lifestyle_(sociology), https://en.wikipedia.org/wiki/Technology",eesti tech
UCO2614HG_vvp_E4pg19kiSA,Ergoway OÜ,"Ergonoomika on teadus inimesele kõige mugavamatest tegevusviisidest, töövahenditest ja töökeskkonnast, mis tagavad töötegevuse võimalikult suure turvalisuse ja tõhususe. Töökeskkonda kujundab ergonoom.",@ergowayergonoomika2311,7,3745,9,False,2017-11-06T08:00:26Z,,,,UUO2614HG_vvp_E4pg19kiSA,"https://en.wikipedia.org/wiki/Lifestyle_(sociology), https://en.wikipedia.org/wiki/Health, https://en.wikipedia.org/wiki/Technology",eesti teadus
UCN147JVr6pQA2LkeGLkikuA,Pärnu Sõudeklubi,"Tere tulemast Pärnu Sõudeklubi ametlikule youtube kanalile!  Siin saad osa treeningutest, klubielust ja vahetutest võistlushetkedest otseülekannete kaudu.  Ela meile kaasa ja püsi lainel!",@parnusoudeklubi7822,33,2882,8,False,2017-11-06T09:09:28Z,,,,UUN147JVr6pQA2LkeGLkikuA,"https://en.wikipedia.org/wiki/Physical_fitness, https://en.wikipedia.org/wiki/Lifestyle_(sociology)",pärnu
UCvAtxmCeFZSfk1xpJlhRFZA,Messy Express,"Tere tulemast kaosesse! Kuumad lood, ägedad peod ja piinlikud paljastused! Jagame kõige mahlakamaid hetki elust ning naerame üheskoos piinlike olukordade üle! Buckle up, sest see ekspress ei peatu kunagi! 🍒💋",@messyexpress,1150,166085,43,False,2023-12-29T12:23:43.624715Z,EE,,,UUvAtxmCeFZSfk1xpJlhRFZA,https://en.wikipedia.org/wiki/Lifestyle_(sociology),eesti podcast
UCB5ePu32vM2tKjShkfJ6ndQ,Ida-Harju Koostöökoda,,@idaharjukoostookoda,5,2017,24,False,2011-03-01T23:24:24Z,,,,UUB5ePu32vM2tKjShkfJ6ndQ,"https://en.wikipedia.org/wiki/Food, https://en.wikipedia.org/wiki/Lifestyle_(sociology), https://en.wikipedia.org/wiki/Knowledge",eesti toit
UCyyGNzpTLbzul7nBj0DkbcQ,Maricielo Narva llique,,@maricielonarvallique,0,1382,10,False,2023-12-08T20:05:14.453394Z,,,,UUyyGNzpTLbzul7nBj0DkbcQ,https://en.wikipedia.org/wiki/Knowledge,narva
UCwtpPA8vJGS628bgLUTTLrw,Cote de Pablo - Topic,,,918,82554,2,False,2013-07-29T00:06:31Z,,,,UUwtpPA8vJGS628bgLUTTLrw,https://en.wikipedia.org/wiki/Music,eesti äri
UCFJzEqYuHKr4Dd6AwDGFGgQ,Mazda Eesti,Aastakümnete vältel on Mazda loonud palju uut ning arendanud aktiivselt oma automudeleid. Lisaks mudelite arendamisele on Mazda teinud pidevalt tööd parema tuleviku ja ühiskonna ühisvastutuse nimel. Koostöös erinevate institutsioonidega on Mazdas arendatud uusi heitgaasivabu mudeleid ning meetodeid praeguste autode heitgaaside vähendamiseks. Seda tõendavad Mazda3 süsteem i-stop ja tulevikuautode Skyactiv tehnoloogia. Zoom-zoom!,@mazdaeesti,27,68667,23,False,2013-06-06T11:59:04Z,,,"""mazda eesti"" mazda mazda6 mazda3 ""mazda cx-5"" skyactiv auto",UUFJzEqYuHKr4Dd6AwDGFGgQ,"https://en.wikipedia.org/wiki/Lifestyle_(sociology), https://en.wikipedia.org/wiki/Vehicle",eesti tehnoloogia
UCW517jpxExlNVxmfY7nXxGQ,Lenna - Topic,,,302,305539,23,False,2013-12-20T18:44:50Z,,,,UUW517jpxExlNVxmfY7nXxGQ,"https://en.wikipedia.org/wiki/Music, https://en.wikipedia.org/wiki/Pop_music, https://en.wikipedia.org/wiki/Independent_music, https://en.wikipedia.org/wiki/Electronic_music",eesti laulud
UCEGK00SDtRjccvhC83V79wQ,Sven Lööndre,,@svenloondre6021,0,649,7,False,2011-10-26T17:20:19Z,,,,UUEGK00SDtRjccvhC83V79wQ,https://en.wikipedia.org/wiki/Knowledge,eesti äri
UC0q6kqgI8D_eKNkPWYo0spg,TimeWaver Eesti,"TimeWaver tehnoloogia annab võimaluse läbi suurema teadlikkuse muuta oma elu, leida probleemidele lahendused ja viia ellu oma unistused. Õppides TimeWaveri ning meie terapeutide ja mentorite abiga pühendumist, keskendumist ja fookuse seadmist-hoidmist, võid jõuda oma unistusteni kiiremini, kui täna arvata oskad. Lisaks pakume Sulle mõistvat ja toetavat seltskonda, kellega koos oma võimetele vastava kiirusega elus edasi liikuda. Meie terapeutide eesmärk on tervem, harmoonilisem ja õnnelikum inime",@timewavereesti7258,19,6340,21,False,2016-01-28T07:17:07Z,EE,,,UU0q6kqgI8D_eKNkPWYo0spg,"https://en.wikipedia.org/wiki/Lifestyle_(sociology), https://en.wikipedia.org/wiki/Health",eesti tehnoloogia
UCTI7XUw-8t3dABUG0T9LkzA,Tannupann,"Tere tulemast Tannupanni kanalile. Ma väga tahaksin teid lissalt naerma ajada. Ma teen naljakaid, robloxi ja mõni kord rääkimise videoid kaa :D loodan et teile meeldivad mu videod.",@tannupann,68,7863,87,False,2025-01-12T08:07:47.82071Z,,,,UUTI7XUw-8t3dABUG0T9LkzA,https://en.wikipedia.org/wiki/Lifestyle_(sociology),kuidas teha
UCvv0HY2rSwuHZOz1JcWEiCg,Reet Rand,,@reetchen,0,615,2,False,2011-10-31T06:36:06Z,,,,UUvv0HY2rSwuHZOz1JcWEiCg,https://en.wikipedia.org/wiki/Lifestyle_(sociology),eesti teater
UCcgIEUG4SVeZ8LMXl87bTOQ,saaremaa pelmeenid,,@pelmeeen2000,10,567,17,False,2014-12-23T19:45:34Z,,,,UUcgIEUG4SVeZ8LMXl87bTOQ,"https://en.wikipedia.org/wiki/Video_game_culture, https://en.wikipedia.org/wiki/Lifestyle_(sociology), https://en.wikipedia.org/wiki/Role-playing_video_game",saaremaa
UCxBuJWcfw567HfrLTrPGstQ,Traveller Tours,,@travellertours,41,42412,18,False,2012-10-25T09:12:04Z,,,,UUxBuJWcfw567HfrLTrPGstQ,"https://en.wikipedia.org/wiki/Tourism, https://en.wikipedia.org/wiki/Lifestyle_(sociology)",eesti reis
UCBZk6IR-SJ4svG3unB8e0yw,Eesti Rahvatantsu ja Rahvamuusika Selts,,@eestirahvatantsujarahvamuu208,91,16423,8,False,2016-02-09T10:45:25Z,,,,UUBZk6IR-SJ4svG3unB8e0yw,"https://en.wikipedia.org/wiki/Entertainment, https://en.wikipedia.org/wiki/Lifestyle_(sociology), https://en.wikipedia.org/wiki/Music, https://en.wikipedia.org/wiki/Performing_arts",eesti rahvamuusika
UCx7_qvSOM1aI2OlCdRWLetA,Meieeluilu,"Tere tulemast minu kanalile! Minu nimi on Marie. Ma olen 35-aastane kahe lapse ema, korrastaja ja produktiivsuskonsultant. Siit kanalilt leiad meie pere vloge, koristusvideoid ja igasuguseid nippe. Instagramist leiad mind @meieeluilu!",@meieeluilu5515,983,164169,130,False,2016-01-04T08:37:45Z,EE,,meieeluilu cleaning organizing,UUx7_qvSOM1aI2OlCdRWLetA,https://en.wikipedia.org/wiki/Lifestyle_(sociology),minu elu
UCB6dZGUXD5KumitBu5U7bzQ,Narva Fishing Team,"Narva Fishing Team - это команда рыбаков. Мы путешествуем по разным странам, пробуем новые водоемы, новые снасти, новые методы ловли. Ребята Вам покажут многое, расскажут о многом и посоветуют! Канал несет познавательную, а также развлекательную информацию. Связаться с нами Вы можете в любое время по электронному адресу hiiskuartyom@gmail.com или info@proformula.ee. Силиконовые приманки Z-man tel. +37255675747",@narvafishingteam4289,2930,890715,211,False,2018-01-08T13:10:05Z,EE,,,UUB6dZGUXD5KumitBu5U7bzQ,"https://en.wikipedia.org/wiki/Hobby, https://en.wikipedia.org/wiki/Lifestyle_(sociology), https://en.wikipedia.org/wiki/Pet",narva
UCpIKOLg1VAxc6l9lrCxirvw,WhirlpoolEesti,,@whirlpooleesti,3,3801,25,False,2010-06-16T19:22:15Z,,,,UUpIKOLg1VAxc6l9lrCxirvw,"https://en.wikipedia.org/wiki/Food, https://en.wikipedia.org/wiki/Lifestyle_(sociology)",eesti retseptid
UC71pOdpwoujNWQBX0VeHJxg,EKNK Pärnu kogudus,"Hea paik, kus olla!",@eknkparnu,172,26709,149,False,2013-08-15T17:22:39Z,EE,,eknk pärnu kogudus,UU71pOdpwoujNWQBX0VeHJxg,"https://en.wikipedia.org/wiki/Christian_music, https://en.wikipedia.org/wiki/Religion, https://en.wikipedia.org/wiki/Society, https://en.wikipedia.org/wiki/Music",pärnu
UCuzy8N-va7j-tl5lzHPHDpQ,ABREU - Topic,,,2400,11345647,230,False,2013-07-13T16:06:58Z,,,,UUuzy8N-va7j-tl5lzHPHDpQ,"https://en.wikipedia.org/wiki/Music, https://en.wikipedia.org/wiki/Pop_music, https://en.wikipedia.org/wiki/Soul_music",eesti äri
UCHuMEid_EAZPrXeML3rpvCg,Lauri Sibul,Sinu lugu filmiks! Kontakteeru meiega lauri.sibul@gmail.com Let's turn your story into a movie! Contact us at lauri.sibul@gmail.com,@laurisibul,2,780,8,False,2011-07-27T14:18:42Z,EE,,,UUHuMEid_EAZPrXeML3rpvCg,"https://en.wikipedia.org/wiki/Hobby, https://en.wikipedia.org/wiki/Lifestyle_(sociology)",eesti teater
UCdOlUf-WR92wXCNRVeYvkzw,Rochelle Lins,,@rochellelins5072,37,4417,12,False,2015-04-27T06:19:05Z,,,,UUdOlUf-WR92wXCNRVeYvkzw,"https://en.wikipedia.org/wiki/Performing_arts, https://en.wikipedia.org/wiki/Lifestyle_(sociology), https://en.wikipedia.org/wiki/Hobby, https://en.wikipedia.org/wiki/Sport",eesti kultuur
UC_SYawg0qlgywGwXhCvAxBA,SketsiWabriik,,@sketsiwabriik4797,646,183456,30,False,2019-02-21T21:32:34Z,,,,UU_SYawg0qlgywGwXhCvAxBA,"https://en.wikipedia.org/wiki/Film, https://en.wikipedia.org/wiki/Television_program, https://en.wikipedia.org/wiki/Entertainment",eesti komöödia
UCIr7Vllns1cKguHlwLoSx5Q,Kikimoorid podcast,"Eesti ühe populaarseima podcasti ""Külmavärinad"" autorid Dagmar Lamp ja Heidi Ruul on nüüd Kikimoorid, kes räägivad kõhedaid ja verdtarretavaid tõsielulugusid. Toome sinuni paeluvad seiklused ajaloost ja tänapäevast, krimi- ja paranormaalsete nähtuste vallast nii Eestist kui välismaalt. Ja neid lugusid pole sa kindlasti varem kuulnud! Saada meile oma lugu: kikimoorid@gmail.com.  Külmavärinad on garanteeritud!",@kikimoorid,1880,230472,171,False,2023-03-18T10:00:38.29193Z,EE,,#truecrime #paranormal #storytime #eesti #estonia #krimi #kummitused #podcast #ghosts,UUIr7Vllns1cKguHlwLoSx5Q,https://en.wikipedia.org/wiki/Society,eesti taskuhääling
UCm1g5kp9m24_XmBWlMB3JWA,TRUE4EST,"True4est is Estonia's own product, inspired by ambitious goals. ""Let's get it"" is the motto we want to pass on, because we believe that everything starts with the first step. Find our merch from our home page (www.true4est.com) and follow us on other platforms like Spotify, TikTok, Instagram, Facebook and Threads.",@true4est,170,13570,18,False,2009-04-21T10:23:08Z,EE,,podcast merch,UUm1g5kp9m24_XmBWlMB3JWA,"https://en.wikipedia.org/wiki/Health, https://en.wikipedia.org/wiki/Lifestyle_(sociology), https://en.wikipedia.org/wiki/Physical_fitness",kuidas teha
UCMQrMOue5dzn9MgUGefgnRA,Life of Mondela,Here's my story for the history books 🩶,@lifeofmondela,519,24443,16,False,2020-09-29T16:21:24.818846Z,EE,,"Mondela ""Mondela Urbala"" ""Life of Mondela"" Urbala ""Life of""",UUMQrMOue5dzn9MgUGefgnRA,https://en.wikipedia.org/wiki/Lifestyle_(sociology),eesti vlog
UCcySriytWvE3Cga3bT9vz3w,Tõrva Noortekeskus,"Hei, oled jõudnud Tõrva Avatud Noortekeskuse YouTube`i kanalile! :)",@torvanoortekeskus6711,41,2487,10,False,2021-01-02T18:45:26.821788Z,EE,,,UUcySriytWvE3Cga3bT9vz3w,"https://en.wikipedia.org/wiki/Performing_arts, https://en.wikipedia.org/wiki/Hobby, https://en.wikipedia.org/wiki/Lifestyle_(sociology), https://en.wikipedia.org/wiki/Entertainment, https://en.wikipedia.org/wiki/Film",kuidas teha
UCp1uu6cxBnnk9Sw2uPUd7Jg,VisitVoru,Eesti lõunapoolseim maakond Võrumaa üllatab teid Eestimaa looduse tippmarkidega. Siin laiub Eestimaa mägisemaid paiku – Haanja kõrgustik. Võrumaal kõrgub Eestimaa kõrgeim tipp – Suur Munamägi (318 m merepinnast). Mäel asuvast vaatetornist avaneb suurepärane vaade Lõuna-Eesti mitmekesisele loodusele.,@tourismvorumaa2011,72,26121,77,False,2011-09-12T12:50:26Z,,et,,UUp1uu6cxBnnk9Sw2uPUd7Jg,"https://en.wikipedia.org/wiki/Lifestyle_(sociology), https://en.wikipedia.org/wiki/Society",võrumaa
UC0NLXZI7dKmTabOB1jxgLXQ,UPGREAT Eesti,"""E-pood ja teeninduspunkt. Apple kasutatud MacBookide, kasutatud iPhone’de ja muude kasutatud seadmete müük. Macbook, iPhone, iPad, Apple Watch. Kõik seadmed tulevad garantiiga 2 aastat ja on kontrollitud ametliku Apple hoolduskeskuse Valge Klaar poolt.""",@upgreateesti2684,7,23162,11,False,2022-08-18T17:05:38.976672Z,EE,,"apple macbook iphone ipad applewatch nutikellad nutiseadmed taaskasutatud remont upgreat ""kasutatud iphone"" mobipunkt ""iphone 8"" ""iphone xs"" ""iphone 11 pro"" upgrade swappie ""iphone x"" ""iphone xr"" ""iphone 7"" ""kasutatud iphone müük"" ""iphone 11"" ""iphone müük"" ""kasutatud macbook"" plazamobiil ""kasutatud telefonid"" ""kasutatud iphone 11"" ""iphone 6s"" ""kasutatud apple"" ""kasutatud apple watch"" ""iphone 8 müük"" ""iphone kasutatud"" ""iphone xr müük"" ""iphone xs müük"" ""kasutatud macbook"" ""kasutatud tehnika""",UU0NLXZI7dKmTabOB1jxgLXQ,"https://en.wikipedia.org/wiki/Lifestyle_(sociology), https://en.wikipedia.org/wiki/Technology",eesti tech
UCKMzHQgngIz2rMWRNzCUJ1A,EMÜ Basketball,,@emubasketball9222,15,2629,7,False,2017-10-12T12:02:57Z,,,,UUKMzHQgngIz2rMWRNzCUJ1A,"https://en.wikipedia.org/wiki/Lifestyle_(sociology), https://en.wikipedia.org/wiki/Basketball, https://en.wikipedia.org/wiki/Sport",eesti korvpall
UCAV9T-Yrltg9VUqHUABTJCQ,Fiona Shaw - Topic,,,2,994,12,False,2022-03-30T01:45:14.812994Z,,,,UUAV9T-Yrltg9VUqHUABTJCQ,"https://en.wikipedia.org/wiki/Independent_music, https://en.wikipedia.org/wiki/Music, https://en.wikipedia.org/wiki/Pop_music",eesti teater
UCB4NdfdmUsaHU1R329mgthw,Private Tours in Estonia,"We at Private Tours In Estonia love to create customized travel itineraries for individual travelers, families and small groups of friends. The service consists of absolutely everything from planning the program in details with you in order to find out more about your interests up to welcome you and care for you during your day trip in Estonia. Your day with us is always about you and the destination. It’s built around your interests. You’ll have the freedom to decide on every part of your jour",@privatetoursinestonia,37,4023,88,False,2019-10-03T10:17:45Z,EE,,"""private tours"" Estonia Tallinn visitestonia day-trip guide nature hiking ""city break""",UUB4NdfdmUsaHU1R329mgthw,"https://en.wikipedia.org/wiki/Hobby, https://en.wikipedia.org/wiki/Lifestyle_(sociology), https://en.wikipedia.org/wiki/Tourism",eesti reis
UCNao-krtb9ar_8oZiS6boWw,Tartu katoliku kirik,,@tartukatolikukirik205,99,4085,30,False,2020-04-04T10:56:49.361509Z,,,,UUNao-krtb9ar_8oZiS6boWw,"https://en.wikipedia.org/wiki/Christian_music, https://en.wikipedia.org/wiki/Religion, https://en.wikipedia.org/wiki/Lifestyle_(sociology), https://en.wikipedia.org/wiki/Music, https://en.wikipedia.org/wiki/Society",tartu
UCpHls_6TMSJ50E0LLRf4hJg,Lauri Jalukse,,@laurijalukse,7,3930,24,False,2012-01-01T00:39:12Z,,,,UUpHls_6TMSJ50E0LLRf4hJg,https://en.wikipedia.org/wiki/Music,eesti teater
UCPyejPDQuNer464ECyUolyQ,Visit Tartu,The official account of Visit Tartu. Get inspired by the city and county of Tartu! 💛🧡 #visittartu,@visittartu,453,385236,35,False,2016-06-15T09:12:23Z,,,,UUPyejPDQuNer464ECyUolyQ,"https://en.wikipedia.org/wiki/Lifestyle_(sociology), https://en.wikipedia.org/wiki/Tourism, https://en.wikipedia.org/wiki/Society",tartu
UCOloDPDjb5_5G4_NE1oho1g,Viaplay Eesti,,@viaplayeesti,29,9070,4,False,2022-06-09T06:47:31.190247Z,,,,UUOloDPDjb5_5G4_NE1oho1g,"https://en.wikipedia.org/wiki/Entertainment, https://en.wikipedia.org/wiki/Film, https://en.wikipedia.org/wiki/Television_program",eesti meelelahutus
UCDNYgfIQhQE0rGwnzS4jiSQ,Artur Rinne - Topic,,,80,39934,60,False,2023-03-22T10:41:47.132169Z,,,,UUDNYgfIQhQE0rGwnzS4jiSQ,"https://en.wikipedia.org/wiki/Pop_music, https://en.wikipedia.org/wiki/Music, https://en.wikipedia.org/wiki/Classical_music",eesti laulud
UCoQ6KCoT0to1yr3hFp80R6Q,Võrumaa Teataja,,@vorumaateataja,214,164167,126,False,2013-10-21T12:40:50Z,EE,,Võru Võrumaa Rõuge Misso Haanja Antsla,UUoQ6KCoT0to1yr3hFp80R6Q,"https://en.wikipedia.org/wiki/Lifestyle_(sociology), https://en.wikipedia.org/wiki/Society",võrumaa
UC2WcWab8VwrFmEx2Fat_2RQ,Andrus Toom,,@andrustoom1,17,15051,4,False,2011-10-03T10:59:23Z,,,,UU2WcWab8VwrFmEx2Fat_2RQ,"https://en.wikipedia.org/wiki/Sport, https://en.wikipedia.org/wiki/Lifestyle_(sociology), https://en.wikipedia.org/wiki/Vehicle, https://en.wikipedia.org/wiki/Motorsport",võrumaa
UCDhY_WjdG2TMGhWyS1vhR7g,OÜ Helikast,,@ouhelikast9008,18,6723,19,False,2018-11-30T21:14:30Z,EE,,,UUDhY_WjdG2TMGhWyS1vhR7g,"https://en.wikipedia.org/wiki/Music, https://en.wikipedia.org/wiki/Lifestyle_(sociology)",eesti laulud
UCSGGlLBSzjbt5yVnyhXj6yQ,K&B olen,,@kbolen9033,75,69539,3,False,2015-12-30T21:12:30Z,,,,UUSGGlLBSzjbt5yVnyhXj6yQ,"https://en.wikipedia.org/wiki/Pop_music, https://en.wikipedia.org/wiki/Music",eesti loodus
UC0W2bSQjjVEJzuj8s41mzLQ,KAJ - Topic,"We’re KAJ – a Finnish-Swedish comedy trio from Ostrobothnia, the Swedish-speaking part of Finland. Our names are Kevin, Axel, and Jakob, and together we create music and stories filled with humor, heart, and a healthy dose of Ostrobothnian culture. On this channel, you’ll find everything from catchy songs to live performances and behind-the-scenes moments – all with our signature twist. Thanks for stopping by – we hope you enjoy the ride!",,6190,16718049,129,False,2022-10-14T23:22:18.679796Z,,,,UU0W2bSQjjVEJzuj8s41mzLQ,"https://en.wikipedia.org/wiki/Pop_music, https://en.wikipedia.org/wiki/Music",eesti komöödia
UCpqvEKfJ9FmzFqVLOA5sLiA,Heleka vlogid,www.helekas.ee Instagram: @ht4mm // @helekas.ee,@helekavlogid,7510,1708100,274,False,2014-09-25T20:23:14Z,EE,,,UUpqvEKfJ9FmzFqVLOA5sLiA,https://en.wikipedia.org/wiki/Lifestyle_(sociology),eesti vlog
UC4zgB2CRDV-CRVoTAvpX5ZQ,Imre Vain,,@immikene1,1,1752,19,False,2010-06-22T12:17:54Z,,,streaming and testing,UU4zgB2CRDV-CRVoTAvpX5ZQ,"https://en.wikipedia.org/wiki/Entertainment, https://en.wikipedia.org/wiki/Music, https://en.wikipedia.org/wiki/Performing_arts, https://en.wikipedia.org/wiki/Lifestyle_(sociology)",eesti komöödia
UCnQSKDYjf4xa1XQeiNvH7zg,Pärnu Saalemi Vabakogudus,,@parnusaalemivabakogudus4455,20,1475,18,False,2021-03-02T07:59:53.228742Z,,,,UUnQSKDYjf4xa1XQeiNvH7zg,"https://en.wikipedia.org/wiki/Christian_music, https://en.wikipedia.org/wiki/Religion, https://en.wikipedia.org/wiki/Society",pärnu
UCoeDjXImz2p1D0MYeGBuDmw,Eesti Youtuberid,Eesti YouTuberid kanalilt leiad noorte sisuloojate poolt toodetud põnevaid formaate. Eesmärgiks ikka pakkuda põhjust subscribemiseks.,@eestiyoutuberid,9400,1564000,55,False,2016-06-14T19:42:42Z,,,"""Eesti Youtuberid"" Youtuberid ""Eesti parimad youtuberid""",UUoeDjXImz2p1D0MYeGBuDmw,"https://en.wikipedia.org/wiki/Hobby, https://en.wikipedia.org/wiki/Lifestyle_(sociology)",eesti youtuber
UCKVEuzYd3xPRHPUypEV9gpQ,Ekspordime,"""Ekspordime"" on podcast tublidest Eesti ettevõtjatest, juhtidest ja turundajatest, kes on kodumaa piiridest välja astunud ning kogunud õppetunde või saanud eduelamusi. Saadete eesmärk on alati sama: need aitavad muuta mõttelaadi, annavad kasulikke nõuandeid ja näitavad, et eksportimine on võimalik.  Paneme seljad kokku, õpime üksteiselt ning müüme oma tooteid ja teenuseid Eestist kaugemale. Mina olen Timo Porval Laviist. Minu roll on ägedad tegijad saatesse kutsuda ja praktilised teadmised sinu",@ekspordime,661,31652,41,False,2020-09-17T12:58:55.349414Z,EE,,"Eksportimine turundus müük ""Timo Porval"" Ekspordime ""Marathon Studios"" Toode Teenus podcast",UUKVEuzYd3xPRHPUypEV9gpQ,"https://en.wikipedia.org/wiki/Business, https://en.wikipedia.org/wiki/Society",eesti taskuhääling
UCaO428olJ6fVqymsdVbX12w,Õpetajate Leht,,@opetajate_leht,608,64768,220,False,2016-02-17T10:55:11Z,EE,,"Keelekümblus Õppemeetod Ukraina Üleminek ""Language immersion"" ""Content and Language Integrated Learning"" CLIL ""orff method of teaching music"" ""ukrainian students in Estonia"" ""Classical guitar""",UUaO428olJ6fVqymsdVbX12w,"https://en.wikipedia.org/wiki/Knowledge, https://en.wikipedia.org/wiki/Music",eesti korvpall
UCOC7Y5SuzRue9X08NRNXZhA,Kes Mis aias?,"Taskuhääling “Kes aias? Mis aias?” kajastab alushariduse teemasid ja tähistab Eesti Lasteaednike Liidu 30. tegutsemisaastat. Podcasti nimi viitab loomulikult populaarsele ja ajatule ringmängule, mida igas lasteaias mängitakse. Teemadering: Kes on aias?  koosneb persoonilugudest meie ala spetsialistidega.  Mis on aias?  annab vastuseid, milliseid meetodeid, töövõtteid, vahendeid lasteaednikud kasutavad oma igapäevatöös.  Saatejuhid-toimetajad on Silja Järve ja Kätlin Tanin.",@kesmisaias,353,18905,45,False,2021-03-04T21:13:20.396912Z,,,,UUOC7Y5SuzRue9X08NRNXZhA,"https://en.wikipedia.org/wiki/Lifestyle_(sociology), https://en.wikipedia.org/wiki/Knowledge, https://en.wikipedia.org/wiki/Health",eesti taskuhääling
UCU2Ipz73XJ12HmEf1tkOjfg,EKN haridus,,@eknharidus9519,363,62617,296,False,2014-08-12T15:53:08Z,,,,UUU2Ipz73XJ12HmEf1tkOjfg,"https://en.wikipedia.org/wiki/Religion, https://en.wikipedia.org/wiki/Society",eesti haridus
UCURUsQGeyb9wM3sLiNPovGA,Eesti Tervisemuuseum,"Eesti Tervisemuuseum aitab värvikal moel tundma õppida oma keha ja selle toimimist ning seeläbi püsida terve ja rõõmsana. Lisaks ekspositsioonidele, teemanäitustele ja tuuridele viime muuseumis läbi kaasahaaravaid haridusprogramme. Meie juures saab korraldada omanäolisi sünnipäevi, sisustada asutuse-, kooli- või firmaüritusi tervist ning tervishoidu puudutavate õpetlik-kasulike teemadega. Estonian Health Museum’s primary objective is to offer our visitors fascinating discoveries and new informa",@eestitervisemuuseum,247,426089,56,False,2014-12-06T14:33:30Z,EE,,"muuseum museum tervishoid healthcare ""vaba aeg"" ""free time"" tervis health kultuur culture eesti estonia tallinn sightseeing vaatamisväärsus lapsed kids perekond family haridus education meditsiin medicine anatoomia anatomy füsioloogia fysiology inimene human",UUURUsQGeyb9wM3sLiNPovGA,"https://en.wikipedia.org/wiki/Health, https://en.wikipedia.org/wiki/Knowledge, https://en.wikipedia.org/wiki/Lifestyle_(sociology)",eesti
UCk5l3RSh3tm0LmLGbWA9gEw,Miele Eesti,"Miele – Immer Besser.  Alates asutamisest 1899. aastal on Miele järginud erinevate kodumasinate, sealhulgas pliidiplaatide ja ahjude, külmikute ja sügavkülmikute, pesumasinate, tolmuimejate, kohvimasinate ning nii kaubanduslikult kui ka meditsiinis kasutatavate masinate tootmisel oma kaubamärgi lubadust """"Immer Besser"""" – """"Alati parem"""". Miele on võtnud eesmärgiks saavutada suurepäraseid tulemusi võimalikult väikese energiakuluga. See käib nii teie pesu, põrandate ja söögiriistade eest hoolit",@mieleeesti807,102,1557329,63,False,2017-03-02T09:04:14Z,EE,,"majapidamistarbed köögiseadmed kodumasin kodumasinad toiduvalmistamine kokandus köök puhastamine tolmuimeja ""parim tolmuimeja"" robottolmuimeja pesumasin kohvimasin kohviaparaat ""Miele ahi"" nõudepesumasin ahi auruahi kuivati ""pliidi õhupuhasti"" külmik külmutuskapp sügavkülmik energiatõhusus energiatõhus ""ohutu energia"" kaubanduslik reklaam tv-reklaam reklaamklipp",UUk5l3RSh3tm0LmLGbWA9gEw,"https://en.wikipedia.org/wiki/Technology, https://en.wikipedia.org/wiki/Lifestyle_(sociology)",eesti youtuber
UC15uJ-bAUoDNCSyrpB2JKOA,Koduomanike Kongress,,@koduomanikekongress1501,0,867,12,False,2012-04-04T10:46:17Z,,,,UU15uJ-bAUoDNCSyrpB2JKOA,"https://en.wikipedia.org/wiki/Politics, https://en.wikipedia.org/wiki/Society",eesti poliitika
UCAgIYoJ7Dq6f7jq_LxSh7PA,skaugur,"Spordiklubi Augur on üks Eesti juhtivaid spordiklubisid, mis tegeleb nii saalihoki, saalijalgpalli, rannajalgpalli kui ka tavajalgpalliga.",@spordiklubiaugur,19,8820,22,False,2012-02-26T10:59:59Z,EE,,"augur ""spordiklubi augur"" Augur ""SK Augur""",UUAgIYoJ7Dq6f7jq_LxSh7PA,"https://en.wikipedia.org/wiki/Sport, https://en.wikipedia.org/wiki/Association_football",eesti jalgpall
UCZWO35LbG588N6JLDLkGsUg,Kaspar Wang,"Jah, see on minu UUS YOUTUBE CHANNEL",@kasparwang,386,7459,5,False,2018-09-11T13:44:02Z,EE,,,UUZWO35LbG588N6JLDLkGsUg,"https://en.wikipedia.org/wiki/Lifestyle_(sociology), https://en.wikipedia.org/wiki/Food",eesti toit
UCO6azKujECIySNhcdpto2OQ,Eesti Sportliku Vabavõitluse Liit,,@eestisportlikuvabavoitluseliit,190,92216,64,False,2015-04-11T08:00:12Z,,,,UUO6azKujECIySNhcdpto2OQ,"https://en.wikipedia.org/wiki/Sport, https://en.wikipedia.org/wiki/Mixed_martial_arts, https://en.wikipedia.org/wiki/Lifestyle_(sociology)",eesti sport
UCLpTe_7iB_GZfxg4AXz44qQ,Stockmann Eesti,"Stockmann Eesti Youtube kanal. Esimene Stockmanni kauplus avati Eestis aastal 1993. Tänaseks on Stockmannil kaubamaja Tallinna keskuses (avati aastal 1996, müügipind 12 200 m2). Seppälä alustas oma tegevust Eestis aastal 1999 ning on tänaseks avanud mitmeid kauplusi üle Eesti. Aadress: Liivalaia 53 10145 Tallinn Kontaktid: Püsiklienditeenindus, info + 372 633 9539 Faks: + 372 633 9556 E-post: klient@stockmann.com",@stockmanneesti,35,159866,41,False,2014-01-22T13:57:16Z,,,Stockmann Eesti,UULpTe_7iB_GZfxg4AXz44qQ,https://en.wikipedia.org/wiki/Lifestyle_(sociology),eesti teater
UC9TiFUTHME5ZGRCwxDZeHGQ,Eesti Muusika Päevad,"7.-16. aprillil 2016 toimuv Eesti heliloojate uudisloomingut tutvustav festival Eesti Muusika Päevad toob kuulajani üle 30 esiettekande. Festivali teemaks on “Roheline heli”, kunstilised juhid on heliloojad Helena Tulve ja Timo Steiner.",@eestimuusikapaevad5904,13,2593,12,False,2015-12-15T20:20:56Z,,,,UU9TiFUTHME5ZGRCwxDZeHGQ,"https://en.wikipedia.org/wiki/Music, https://en.wikipedia.org/wiki/Lifestyle_(sociology)",eesti muusika
UC7eDUvhLrVI4vwJMfexJ3CQ,Jalgpalliklubi Tallinna Kalev,www.jkkalev.ee 1911. aastal asutatud JK Tallinna Kalev on Eesti vanim tegutsev jalgpalliklubi.,@jktallinnakalev,572,230432,386,False,2010-09-13T20:22:31Z,EE,,"kalev ""kalev tallinn"" ""tallinna kalev"" ""jk tallinna kalev"" meistriliiga ""estonian football"" jalgpall eesti estonia football soccer",UU7eDUvhLrVI4vwJMfexJ3CQ,"https://en.wikipedia.org/wiki/Sport, https://en.wikipedia.org/wiki/Association_football",eesti jalgpall
UC5-lUutNTjcQc305OkbBiPA,Viasat World TV Eesti,,@viasatworldtveesti-1850,100,905905,150,False,2023-02-22T09:05:43.096771Z,EE,,,UU5-lUutNTjcQc305OkbBiPA,"https://en.wikipedia.org/wiki/Knowledge, https://en.wikipedia.org/wiki/Television_program, https://en.wikipedia.org/wiki/Entertainment, https://en.wikipedia.org/wiki/Film",eesti ajalugu
UCJmTp23Sb7DlREDjBlBSU3Q,Tartu observatoorium,"Tartu observatoorium on Tartu Ülikooli loodus- ja täppisteaduste valdkonna koosseisu kuuluv instituut. Tartu observatooriumi põhiülesanne on õppe-, teadus- ja arendustöö  ning ühiskonnale vajalike teenuste osutamine astronoomia, kaugseire ja kosmosetehnoloogia alal ning nende siduserialadel.  Tartu observatoorium asub Tartumaal Nõo vallas Tõraveres.",@tartuobservatoorium,456,90008,194,False,2014-10-09T05:45:51Z,EE,et,,UUJmTp23Sb7DlREDjBlBSU3Q,"https://en.wikipedia.org/wiki/Knowledge, https://en.wikipedia.org/wiki/Technology",tartu
UCquzs4ol0llYmeTfoC43U4w,Allan Kivimaa,Siin kanalil kajastan ma eelkõige ajalugu ja mälestussündmusi!,@allankivimaa7367,160,45776,81,False,2020-11-01T14:37:06.234373Z,,,,UUquzs4ol0llYmeTfoC43U4w,"https://en.wikipedia.org/wiki/Lifestyle_(sociology), https://en.wikipedia.org/wiki/Society",eesti ajalugu
UCiDhkf-rtnEQAbDy9WmYkpA,Eesti Muusika I Estonian Music,,@eestimuusikaiestonianmusic2580,163,143364,47,False,2016-10-15T12:12:54Z,,,,UUiDhkf-rtnEQAbDy9WmYkpA,"https://en.wikipedia.org/wiki/Rock_music, https://en.wikipedia.org/wiki/Music, https://en.wikipedia.org/wiki/Pop_music",eesti muusika
UCtZGXqsmmWAe22ymXHG5Sgw,TulePood ilutulestikud,"PyroShow OÜ on professionaalsete ja kogenud pürotehnikute meeskond Eestist ning TulePood.ee ilutulestikud on parim ilutulestikupood , mis on avatud aastaringselt! Meie töötame üle kogu Eesti ja tegevusvaldkonnad on mitmekülgsed: pulmad, firmapeod, sünnipäevad, suured ja väiksemad pühad, kontserdid, tulefestival ja linna üritused. - Tavaline ilutulestik ja ilutulestiku show; - Muusikaline ilutulestik; - Tuletantsijad, eriefektid ja tuleshow; - Tuleskulptuurid; - Valgusshow ja dekoratsioonid; -",@tulepoodilutulestikud,255,137528,277,False,2017-11-25T17:59:00Z,EE,et,Pulm Pidu tuleshow pyroshow firework wedding firmapidu фейерверки fireshow ilutulestik tulepood reveal genderparty revealparty genderfirework revealfirework daylightfirework #WeddingFireworks #FireworksDisplay #JustMarriedShow #FountainFireworks #IndoorFireworks #SparkFountains #WeddingVolcano #Pulmailutulestik #PulmadEestis #Ilutulestik #PulmaShow #Taevasära #EestiPulmad #VulkaanIlutulestik #PurskkaevIlutulestik #Eriefektid #PulmaEfektid #Sädemeshow #IlutulestikPulmadeks #eesti #estonia,UUtZGXqsmmWAe22ymXHG5Sgw,https://en.wikipedia.org/wiki/Lifestyle_(sociology),eesti jalgpall
UCqX2Cof-hzGoaT25iL8G0CA,Korner,Värske melu vutiväljakutelt 🎦⚽️ Vajalikud jalgpallitarvikud ja fännitooted leiad nüüd  meie vastavatud e-poest ⤵️,@kornerjalgpall,535,395756,396,False,2011-09-04T17:30:31Z,,,Jalgpall football soccer eesti vassiljev konstantin cristiano ronaldo sport uudisteportaal,UUqX2Cof-hzGoaT25iL8G0CA,"https://en.wikipedia.org/wiki/Sport, https://en.wikipedia.org/wiki/Association_football",eesti jalgpall
UCEKHpx8rHH3ET0F27QEJT0Q,Steveni mängud ja muinasjutud #eesti keeles#,Laste mängud ja muinasjutud eesti keeles.,@27exso,16,943,18,False,2011-09-12T23:58:06Z,EE,,,UUEKHpx8rHH3ET0F27QEJT0Q,"https://en.wikipedia.org/wiki/Role-playing_video_game, https://en.wikipedia.org/wiki/Action_game, https://en.wikipedia.org/wiki/Video_game_culture, https://en.wikipedia.org/wiki/Action-adventure_game",eesti keeles
UCR6OO0ySDT0R3UuJM-0PYcg,Kati & Eduard,Kati ja Eduardi kanalilt leiate videoid meie  tegemiste kohta. Lõppemas on seiklused Norras ja ees veel suuremad seiklused Austraalias. Proovime kaamerat alati endaga kaasas hoida ja kõik imelised hetked teieni tuua! Hoia end kursis meie tegemistega SIIN sellel kanalil!  Kati & Eduard,@katieduard7961,12,743,4,False,2017-08-18T13:14:07Z,,,,UUR6OO0ySDT0R3UuJM-0PYcg,https://en.wikipedia.org/wiki/Lifestyle_(sociology),proovime
UCFnNn4WcCQCE9KDs8Fj6KUg,Disainiöö / Tallinn Design Festival,XX Disainiöö / XX Tallinn Design Festival www.tallinndesignfestival.com/en #disainiöö #tallinndesignfestival,@tallinn.design.festival,61,24875,100,False,2014-09-24T17:36:23Z,EE,,,UUFnNn4WcCQCE9KDs8Fj6KUg,"https://en.wikipedia.org/wiki/Lifestyle_(sociology), https://en.wikipedia.org/wiki/Hobby, https://en.wikipedia.org/wiki/Fashion",tallinn
UCgj6DTEsSVz3lc5tROTvHEw,Leaf Gaming,Hey guys! Our videos are funmade. We hope you are enjoying our youtube videos and streams here or twitch.,@leafgaming2312,67,2629,21,False,2015-12-29T15:12:25Z,,,,UUgj6DTEsSVz3lc5tROTvHEw,"https://en.wikipedia.org/wiki/Action_game, https://en.wikipedia.org/wiki/Casual_game, https://en.wikipedia.org/wiki/Video_game_culture, https://en.wikipedia.org/wiki/Action-adventure_game, https://en.wikipedia.org/wiki/Role-playing_video_game",eesti gaming
UCkt2b0SddhVYg1Uo61cGv_A,Eesti K-1 Liiga - Kickboxing Estonia,Kikkpoksi amatöörvõistluste sari Esimene etapp juba sel nädalavahetusel!,@eestik-1liiga,182,8462,2,False,2024-10-01T11:06:08.232138Z,,,,UUkt2b0SddhVYg1Uo61cGv_A,"https://en.wikipedia.org/wiki/Lifestyle_(sociology), https://en.wikipedia.org/wiki/Sport",eesti
UC1GyRHI4PN04qGwGxj8huGg,Kabbalah Akadeemia Eesti,"Bnei Baruch, Kabbalah Akadeemia Haridus ja Uurimisinstituut",@kabbalahakadeemiaeesti,31,2022,106,False,2016-04-25T14:22:41Z,,,,UU1GyRHI4PN04qGwGxj8huGg,"https://en.wikipedia.org/wiki/Society, https://en.wikipedia.org/wiki/Religion",eesti haridus
UC0lx78JJoLSJhvigXONYsaw,Kaver-3 Ameerika Jalgpalli Podcast,"Ameerika jalgpalli podcast, kus põhiliselt keskendume NFL-is toimuvale, kuid hoiame silma peal ka kohalikel (nii Eesti kui ka Euroopa) Ameerika jalgpalli puudutavatel teemadel.",@kaver3podcast,68,15445,335,False,2020-09-16T02:26:35.465581Z,EE,,,UU0lx78JJoLSJhvigXONYsaw,"https://en.wikipedia.org/wiki/Sport, https://en.wikipedia.org/wiki/American_football, https://en.wikipedia.org/wiki/Association_football",eesti taskuhääling
UCNN1xlXaNeMP4F2mfLjqctg,Teadlikum Ema,"Teadlikuma ema eesmärk on: jagada teadmisi inspireerida toetada Ema: elu, mida armastad. Mentorlus, klubi ja eratunnid.",@teadlikumema,1510,374959,428,False,2013-04-15T17:29:00Z,EE,,"jooga tervis emad loengud seminarid logopeedia kõneharjutused ""speach therapy"" koduõpe homeschooling yoga health",UUNN1xlXaNeMP4F2mfLjqctg,https://en.wikipedia.org/wiki/Lifestyle_(sociology),kuidas teha
UCA8GlnTD3ArBMSUkdfAwRxQ,Fire Artist World Cup,"Fire Artist World Cup Chanel. Follow Artists from all over the world and they competition. Event is held every year, on second weekend of the February! Started in Estonia. But already this year could be in your home town!",@fireartistworldcup8071,8,2236,8,False,2015-01-15T20:43:10Z,,,Fire Artist World Cup Competition Firepoi Firestaff Pyro,UUA8GlnTD3ArBMSUkdfAwRxQ,"https://en.wikipedia.org/wiki/Electronic_music, https://en.wikipedia.org/wiki/Music, https://en.wikipedia.org/wiki/Performing_arts, https://en.wikipedia.org/wiki/Lifestyle_(sociology), https://en.wikipedia.org/wiki/Hobby",eesti kunst
UCCDJH1ZVPrLJ-cBePBFdUfQ,Eesti keel ja veel,"Tervitusi kõigile! Mu nimi on Marina 🙋 ja olen diplomeeritud eesti filoloog üle 10-aastase õpetamise ja uurimise kogemusega. Sellel kanalil leidub kõigile eesti keele huvilistele kohta. Siin me õpime tähtsaid grammatika teemasid, avastame uut sõnavara ja lihtsalt naudime eesti keelt. Liituge ja jälgige! Meie Telegram'is: https://t.me/eesti_keel_ja_veel  Eesti keele taseme test https://forms.gle/zxt7G13L3cjRa3Fv7",@eesti_keel_ja_veel,168,5399,12,False,2012-12-01T11:29:05Z,,,,UUCDJH1ZVPrLJ-cBePBFdUfQ,"https://en.wikipedia.org/wiki/Entertainment, https://en.wikipedia.org/wiki/Lifestyle_(sociology)",eesti keeles
UClTAr9TPh6Cff-rfs44cKfA,Andmebaasid,"Olen õppejõud Tallinna Tehnikaülikoolis. Õpetan andmebaaside teemalisi kursuseid ""Andmebaasid I"" ja ""Andmebaasid II"". See kanal koondab videoid andmebaaside teooria ja kasutamise praktika teemadel, mis on nende kursuste lisamaterjaliks. Enamik nendest on eesti keeles, kuid on ka mõned ingliskeelsed videod, sest õpetan andmebaase ka välisüliõpilastele. Kui soovite andmebaasidest ülikooli pakutava raames veel rohkem teada saada, siis Avatud Ülikooli või mikrokraadide mehhanismi kaudu saab iga soo",@erkie77,55,11031,57,False,2009-03-13T17:45:01Z,EE,,,UUlTAr9TPh6Cff-rfs44cKfA,"https://en.wikipedia.org/wiki/Technology, https://en.wikipedia.org/wiki/Knowledge, https://en.wikipedia.org/wiki/Lifestyle_(sociology)",eesti programmeerimine
UC4mqxmyaWrhieZX6B1Yc8nw,Eesti Sport,,@eestisport5760,71,1116236,9,False,2016-01-07T23:33:07Z,,,,UU4mqxmyaWrhieZX6B1Yc8nw,"https://en.wikipedia.org/wiki/Lifestyle_(sociology), https://en.wikipedia.org/wiki/Video_game_culture, https://en.wikipedia.org/wiki/Sports_game, https://en.wikipedia.org/wiki/Sport, https://en.wikipedia.org/wiki/Vehicle, https://en.wikipedia.org/wiki/Motorsport",eesti sport
UCl_-2mbkUiv6033B1r42IXw,Joosep Teeb Asju,Koostööpakkumised: joosepteebasju@gmail.com,@joosepteebasju,6460,762968,220,False,2017-10-09T11:41:15Z,EE,,Mänguväli Joosep Uusväli Naljakas Eesti Vlog,UUl_-2mbkUiv6033B1r42IXw,"https://en.wikipedia.org/wiki/Action-adventure_game, https://en.wikipedia.org/wiki/Video_game_culture, https://en.wikipedia.org/wiki/Role-playing_video_game",kuidas teha
UC1DPSMTkN2h0sSqUjSI5BRg,Meie Eesti,,@meieeesti7102,4,704,2,False,2018-02-11T08:49:00Z,,,,UU1DPSMTkN2h0sSqUjSI5BRg,,eesti ajalugu
UCGilLkbbUL9WKXm2rRwL6_Q,Saaremaa meeskoor SÜM,"Üks öige meeskoor :)  Mees ära kuiva, tule laulma!",@saaremaameeskoorsum6303,17,5417,12,False,2018-03-19T20:05:50Z,,,,UUGilLkbbUL9WKXm2rRwL6_Q,"https://en.wikipedia.org/wiki/Christian_music, https://en.wikipedia.org/wiki/Music, https://en.wikipedia.org/wiki/Lifestyle_(sociology), https://en.wikipedia.org/wiki/Classical_music",saaremaa
UCSB51fuFiG_MlFg9YUvU90g,Untsakad - Topic,,,1490,2785818,97,False,2022-10-18T11:08:08.816Z,,,,UUSB51fuFiG_MlFg9YUvU90g,https://en.wikipedia.org/wiki/Music,eesti rahvamuusika
UCne8u1sDmdm3jdt-avxKDLw,Eesti Raskemuusikaliit,"Eesti Raskemuusikaliit on siin, et aidata luua võimalusi Eesti raskemuusika õppimiseks, loomiseks, tarbimiseks ja ekspordiks. Oma eesmärgi saavutamiseks korraldame üritusi, seminare, kogume andmeid ja jagame informatsiooni ja kogemusi, mis aitavad arendada Eesti raskemuusikat. Raskemuusikaliit esindab raskemat rokki, metalit, tumedat elektroonilist muusikat ja nende stiilide alaliike. Me ei esinda popmuusikat, klassikalist muusikat, folki ega jazzi. Küll aga eelnimetatud stiilide mõjutustega ra",@raskemuusikaliit,44,3862,16,False,2023-04-23T06:21:08.18125Z,,,,UUne8u1sDmdm3jdt-avxKDLw,"https://en.wikipedia.org/wiki/Music, https://en.wikipedia.org/wiki/Rock_music",eesti muusika
UCnryrtCLhHTbcFM0drPnyOw,Podcast Aeg Maha,Saade elust ja enesearengust 🌱,@aegmaha,1530,163476,30,False,2023-10-17T16:07:36.246684Z,EE,,teadlikkus kainus eneseareng jooga hingamine sport toitumine liikumine puhtus vesi tervis,UUnryrtCLhHTbcFM0drPnyOw,"https://en.wikipedia.org/wiki/Health, https://en.wikipedia.org/wiki/Lifestyle_(sociology)",eesti podcast
UCKqTM0VLJ-BZuN4AST-A2Cw,Eesti Pimedate Liit,"Eesti Pimedate Liit on nägemispuudega inimeste ühingute ja nägemispuudega inimestega tegelevate ühingute ning sihtasutuste katusorganisatsioon. Liidu eesmärk on kaitsta nägemispuudega inimeste huve, esindada nägemispuudega inimesi riiklikul ja rahvusvahelisel tasandil.",@eesti_pimedate_liit,9,2162,21,False,2022-01-24T11:15:24.1028Z,EE,,,UUKqTM0VLJ-BZuN4AST-A2Cw,"https://en.wikipedia.org/wiki/Technology, https://en.wikipedia.org/wiki/Lifestyle_(sociology)",eesti tech
UC7B0xsCgblbfq1BPrOpYidQ,Voru Pensionar,,@vorupensionar4505,3,3322,12,False,2013-11-10T09:16:03Z,,,,UU7B0xsCgblbfq1BPrOpYidQ,https://en.wikipedia.org/wiki/Lifestyle_(sociology),võrumaa
UCZwsEJdsQjxqR--PVwXcTpw,Ahto Klooster,,@ahtoklooster3512,12,14025,9,False,2013-09-13T09:30:59Z,,,,UUZwsEJdsQjxqR--PVwXcTpw,"https://en.wikipedia.org/wiki/Lifestyle_(sociology), https://en.wikipedia.org/wiki/Music, https://en.wikipedia.org/wiki/Sport, https://en.wikipedia.org/wiki/Basketball, https://en.wikipedia.org/wiki/Electronic_music",eesti korvpall
UCswlZZk-0iE5QHViKRQFwbA,Ferdinandid,Proovime igasuguseid söödavaid asju ja teeme muid lollusi,@ferdinandid2771,21,1532,6,False,2017-06-14T12:40:46Z,,,,UUswlZZk-0iE5QHViKRQFwbA,"https://en.wikipedia.org/wiki/Lifestyle_(sociology), https://en.wikipedia.org/wiki/Vehicle",proovime
UCiKyj-7oRm11R2vu0Tu1pvQ,sohver21,,@sohver21,56,241365,4,False,2010-10-31T18:45:09Z,,,,UUiKyj-7oRm11R2vu0Tu1pvQ,"https://en.wikipedia.org/wiki/Association_football, https://en.wikipedia.org/wiki/Sport, https://en.wikipedia.org/wiki/Music",eesti jalgpall
UCGFu9XY0k4V35rrsVTD51Ug,Eesti Ajalugu,Siit leiad kõik vajaliku ühele õigele eestlasele!,@eestiajalugu8737,52,10087,15,False,2017-12-20T15:09:39Z,EE,,,UUGFu9XY0k4V35rrsVTD51Ug,"https://en.wikipedia.org/wiki/Knowledge, https://en.wikipedia.org/wiki/Film, https://en.wikipedia.org/wiki/Society, https://en.wikipedia.org/wiki/Entertainment",eesti ajalugu
UChdF9CmNo6FQ10je70_ef2A,Plaan B,"Liitu meiega: www.plaanb.ee/astu-liikmeks Plaan B erakond on rahvaliikumine neile, kes tunnevad, et tänane poliitika on kaugenenud inimlikkusest, mõistmisest ja lihtsast talupojaloogikast. Me usume, et Eesti saab olla õiglane, kodune ja tark riik – selline, kus inimest ei mõõdeta tema üksikute puuduste, vaid tema töö ja tegevuse järgi. Meie ideoloogia keskmes on kogukond, pere, väärikus, julge tõearmastus ja usaldus inimese ja Jumala vastu.",@uhistegevuseuudised1691,2680,1101549,828,False,2013-10-04T13:31:34Z,EE,,plaanb,UUhdF9CmNo6FQ10je70_ef2A,https://en.wikipedia.org/wiki/Society,eesti poliitika
UCoWA5XtFkKqr_fWnx0CCyLw,Eesti Kindlustusühistu ÜKS,Meie videod tutvustavad vaatajatele Eesti Kindlustusühistu ÜKS mõttekaaslaste arvamusi ning nägemust ühistu vajalikkusest ja kasulikkusest nii üksikisikule kui ka Eesti ühiskonnale tervikuna.,@eestikindlustusuhistuuks9247,19,3715,34,False,2020-02-11T15:13:08.429696Z,EE,,Kindlustus Kindlustusühistu Kindlustusselts Ühistu Kodukindlustus Kaskokindlustus Liikluskindlustus Reisikindlustus,UUoWA5XtFkKqr_fWnx0CCyLw,"https://en.wikipedia.org/wiki/Society, https://en.wikipedia.org/wiki/Politics",eesti podcast
UCWXzIiCt1qVbHguORFhQmwQ,Pärnu Immaanuel,,@parnuimmaanuel5535,141,39083,559,False,2015-03-03T09:49:30Z,,,,UUWXzIiCt1qVbHguORFhQmwQ,"https://en.wikipedia.org/wiki/Religion, https://en.wikipedia.org/wiki/Society",pärnu
UCPjKdhDCXDG2ZO2XRtH1M9w,estoned,,@estoned,72,121144,25,False,2007-01-25T14:42:05Z,,,,UUPjKdhDCXDG2ZO2XRtH1M9w,"https://en.wikipedia.org/wiki/Politics, https://en.wikipedia.org/wiki/Society, https://en.wikipedia.org/wiki/Knowledge",eesti ajalugu
UCScVmSJE7DW8B9wuMB5DTVQ,Sigrit Aberthal,Minu elu / Tule ela kaasa kõigele põnevale / Tule reisi koos minuga / Tule ja naera koos minuga / Piilu kaamera taha,@iluvolu4297,135,14172,32,False,2013-12-27T20:22:19Z,EE,,,UUScVmSJE7DW8B9wuMB5DTVQ,"https://en.wikipedia.org/wiki/Lifestyle_(sociology), https://en.wikipedia.org/wiki/Tourism",eesti reis
UCvNB_bz4L5R8khKoYDUhH4A,Konrad Mägi Foundation,"The Konrad Mägi Foundation was established in 2018. Its aim, in the public interest, is to present and perpetuate, in Estonia and abroad, the life, work and legacy of Konrad Mägi, the most important painter in the history of Estonian art. To this end, the Foundation promotes and supports research work, the holding of exhibitions, and the issue of publications, coordinates the search for lost works by Konrad Mägi, and organises various activities associated with the life and creative legacy of Ko",@konradmagifoundation6369,46,12636,32,False,2018-10-31T11:36:56Z,,,,UUvNB_bz4L5R8khKoYDUhH4A,"https://en.wikipedia.org/wiki/Lifestyle_(sociology), https://en.wikipedia.org/wiki/Knowledge, https://en.wikipedia.org/wiki/Society, https://en.wikipedia.org/wiki/Hobby",eesti kunst
UCGKZ0oCeAJ8_U9QZbdUNbcw,Rasmuskel,👆 - Online Treener 🏋️‍♂️ - Aitan Kasvatada Lihast,@rasmuskel,359,22947,44,False,2023-07-21T09:39:17.136249Z,EE,,,UUGKZ0oCeAJ8_U9QZbdUNbcw,"https://en.wikipedia.org/wiki/Physical_fitness, https://en.wikipedia.org/wiki/Lifestyle_(sociology), https://en.wikipedia.org/wiki/Health",eesti toit
UCowlHHHnHnwhkdv4KPlwZpQ,Eesti Hoki,,@eestihoki8718,673,70630,115,False,2015-06-15T06:50:29Z,,,,UUowlHHHnHnwhkdv4KPlwZpQ,"https://en.wikipedia.org/wiki/Sport, https://en.wikipedia.org/wiki/Ice_hockey",eesti sport
UCumjY_jvWJWXLb0w4e27h7w,No Komment,,@nokomment3969,3,1154,6,False,2021-05-03T13:24:16.207332Z,,,,UUumjY_jvWJWXLb0w4e27h7w,https://en.wikipedia.org/wiki/Lifestyle_(sociology),eesti loodus
UCG9vMivwJAl7kCJf78-WypQ,Bachata Studio Tallinn,"Welcome to Bachata Studio Tallinn! We represent Bachata and other social Latin Dance styles in Estonia.  We organise classes, hold social parties and share love everywhere we go.  Subscribe to our channel to keep yourself updated! ♡",@bachatastudiotallinn,2180,834389,182,False,2021-03-02T08:09:52.775467Z,EE,,bachata salsa bachatamusic bachatadance music dance tallinn estonia bachatastudiotalinn #Bachata #Bachatadance #Bachatasensualdance #Bachatasongs #Bachatatiktok #Bachatasensual #Bachatadancesenorita #Bachatamusic #Bachatadanceperformance #Bachatadancetiktok #Bachatadancetutorial #Bachatatiktoksong #Bachatadancemusic #Bachatamix2,UUG9vMivwJAl7kCJf78-WypQ,"https://en.wikipedia.org/wiki/Music, https://en.wikipedia.org/wiki/Music_of_Latin_America, https://en.wikipedia.org/wiki/Performing_arts, https://en.wikipedia.org/wiki/Lifestyle_(sociology), https://en.wikipedia.org/wiki/Pop_music",tallinn
UCcAOSaT5ziY_ii0cR9tqZ5g,Эстонский с Лерой,Практичные советы по изучению эстонского языка для начинающих и продолжающих,@eestilera,11500,540273,51,False,2015-03-27T18:02:28Z,EE,,,UUcAOSaT5ziY_ii0cR9tqZ5g,"https://en.wikipedia.org/wiki/Lifestyle_(sociology), https://en.wikipedia.org/wiki/Knowledge",eesti haridus
UC6O4b64BaArTyJa9uyvmP6A,Afke,"Kõike võtta sarkasmiga, sest komöödia jne! Discord: https://discord.gg/AVNvY3gKs4 https://afke.ee/ Kui sind häirib minu avaldatud meedias midagi, siis palun kirjuta mulle discordi (""afke"") või meilile: (""tauri.vali@gmail.com"")",@afkest,670,81604,33,False,2019-08-23T09:40:26Z,EE,,"afke Afke ""eesti youtube"" ""eesti kontent"" ""eesti content"" estonia eesti ""eesti keeles""",UU6O4b64BaArTyJa9uyvmP6A,"https://en.wikipedia.org/wiki/Action-adventure_game, https://en.wikipedia.org/wiki/Video_game_culture, https://en.wikipedia.org/wiki/Role-playing_video_game",eesti komöödia
UCEZDGZubzcyLiQ2xZSrD5Tg,Eesti Toiduainetööstuse Liit,,@toiduliit,35,306208,42,False,2011-02-16T10:45:48Z,,,,UUEZDGZubzcyLiQ2xZSrD5Tg,"https://en.wikipedia.org/wiki/Lifestyle_(sociology), https://en.wikipedia.org/wiki/Food",eesti toit
UCJdnJ_YWat8tYjM7QjgClmg,Looking for Cowslips,"Looking for Cowslips is a citizen science campaign which started in Estonia in 2019. Our team uses the cowslip (Primula veris), a characteristic grassland plant, as a model for exploring the effects of grassland loss on grassland plants. We found that a seemingly small botanical detail, i.e. heterostyly, found in cowslips may have substantial consequences for the future and well-being of our nice grassland plant. With the help of thousands of people, we gathered lots of valuable information from",@lookingforcowslips3627,49,12085,35,False,2021-03-03T12:30:53.038019Z,EE,,"""citizen science"" cowslips ""looking for cowslips"" ""natural science""",UUJdnJ_YWat8tYjM7QjgClmg,https://en.wikipedia.org/wiki/Knowledge,eesti teadus
UC4mqkWqLIfDU2Nvvks3r0qg,Saaremaa vesi,,@monicakitsing826,4,2054,2,False,2021-07-25T15:48:49.819038Z,,,,UU4mqkWqLIfDU2Nvvks3r0qg,,saaremaa
UCJvu3n9dBzMr7cUDT7K7J0A,EestiChallenge,Tere Tulemast EestiChallenge kanalile. Tahad saada oma challenged siia  ? NÕUDED :  1) Fuuu mustad ääred. 2) Video ei tohiks sisaldata copyright muusikad. 3)Video peab olema Creative Commons. 4)Oma video tuleb saada EestiChallenge postkasti ja nimeks panna ''Challengi nimi'' 5) Vaatame kohe su challengi üle ja laeme üless :) Kui saadad kuus vähemalt 2 videod saad meiega partneriks.   By : HDustyGaming TYY !,@eestichallenge,160,9587,15,False,2013-05-21T14:31:24Z,,,,UUJvu3n9dBzMr7cUDT7K7J0A,https://en.wikipedia.org/wiki/Lifestyle_(sociology),vaatame
UCu8kNizEipkIZ3oMl95cRkw,Hiiumaa Kristlik Misjonikogudus,,@hiiumaakristlikmisjonikogu1777,166,35835,285,False,2020-03-13T12:00:20.974475Z,EE,,,UUu8kNizEipkIZ3oMl95cRkw,"https://en.wikipedia.org/wiki/Music, https://en.wikipedia.org/wiki/Christian_music, https://en.wikipedia.org/wiki/Religion, https://en.wikipedia.org/wiki/Society",hiiumaa
UCrsrda9sQM2PJCul-sKrWhQ,Narva,,@n_a_r_v_a,43,15263,2,False,2013-12-25T21:51:50Z,,,Андрей Жалнин,UUrsrda9sQM2PJCul-sKrWhQ,,narva
UCagcqG_LzzsYeV64RHn1DMw,Valio Eesti,,@valioeestias,310,2057419,468,False,2012-11-20T06:38:23Z,EE,,,UUagcqG_LzzsYeV64RHn1DMw,"https://en.wikipedia.org/wiki/Food, https://en.wikipedia.org/wiki/Lifestyle_(sociology)",eesti
UCpk0nUuS4sb92xPeO67S6pg,Eesti Moslem,,@eestimoslem,89,7995,35,False,2022-07-23T14:55:51.569657Z,,,,UUpk0nUuS4sb92xPeO67S6pg,"https://en.wikipedia.org/wiki/Religion, https://en.wikipedia.org/wiki/Tourism, https://en.wikipedia.org/wiki/Lifestyle_(sociology), https://en.wikipedia.org/wiki/Society",eesti reis
UClrWJUevqnjxN8c5siXDl1w,T&C Fishing,"Fish, fishes and a lot of fish - what's even better than staying in nature? To catch fish! While catching a young fish, friend says: ""Take his grandmother also..."". Awesome! We are capturing fishing at the different parts of Estonian rivers and lakes. SUBSCRIBE & You will be like a part of our great and funny fishing adventures.",@tcfishingest,28,25042,13,False,2022-03-30T16:26:47.946707Z,EE,,fishing nature hobby angler estonia pike lure fish eesti river lake bait youtube content lures fun,UUlrWJUevqnjxN8c5siXDl1w,"https://en.wikipedia.org/wiki/Lifestyle_(sociology), https://en.wikipedia.org/wiki/Pet, https://en.wikipedia.org/wiki/Hobby",eesti loodus
UCRpGc-oRdc7yS2viAtApS8g,EESTI LAULUD,,@eestilaulud639,6,824,2,False,2018-11-05T18:10:20Z,,,,UURpGc-oRdc7yS2viAtApS8g,"https://en.wikipedia.org/wiki/Music, https://en.wikipedia.org/wiki/Hip_hop_music, https://en.wikipedia.org/wiki/Electronic_music",eesti laulud
UCd8ENY81XmYsA4CwKNA3E3Q,Tallinn Airport,,@tallinnairport,655,132965,79,False,2012-05-29T07:58:01Z,,,,UUd8ENY81XmYsA4CwKNA3E3Q,"https://en.wikipedia.org/wiki/Lifestyle_(sociology), https://en.wikipedia.org/wiki/Vehicle",tallinn
UC8h6upZd0trjQcRp9m9cp_Q,GRANDIOSA Eesti,,@grandiosaeesti4589,38,475916,13,False,2017-02-21T08:00:04Z,,,grandisoa pizza,UU8h6upZd0trjQcRp9m9cp_Q,"https://en.wikipedia.org/wiki/Food, https://en.wikipedia.org/wiki/Lifestyle_(sociology)",eesti toit
UCF0PcSovr11Yjv4YVl2VAVA,KELLUKESED,"KELLUKESED. Eesti Multikad. Meiega on kõigil lastel lõbus.  Lastele | Tere tulemast Kellukeste linna. See on rahumeelne muinasjutulinn, kus elavad tillukesed inimese moodi kellukesed ja armsad karvased loomakesed, kes järgivad üht ja ainsat reeglit – ei ühtki päeva ilma seikluseta!",@kellukesed,3130,1788482,63,False,2021-01-12T06:56:42.106998Z,EE,et,"multifilmid lastele KELLUKESED ""eesti keeles"" laste eestikeelsed multikad multfilm disney ""bolalar uchun"" naljakad muinasjutud keelsed animafilm animatsioon animeeritud naljad huumor Estonian cartoons kids эстонские мультфильмы детей эстонском ""Ingliskeelsed subtiitrid"" 2025",UUF0PcSovr11Yjv4YVl2VAVA,"https://en.wikipedia.org/wiki/Television_program, https://en.wikipedia.org/wiki/Entertainment, https://en.wikipedia.org/wiki/Film",eesti komöödia
UCfhNl7SbX3rL0ZERRFe7icg,Eesti Muusika Kuulsuste Koda,Eesti Muusika Kuulsust Koja kanali eesmärgiks on levimuusika näituse ja kuulsuste koja loomisega kaasneva info levitamine ja kõikide huvilise kursishoidmine.,@eestimuusikakuulsustekoda5816,85,32571,33,False,2015-09-28T19:34:56Z,EE,,,UUfhNl7SbX3rL0ZERRFe7icg,"https://en.wikipedia.org/wiki/Music, https://en.wikipedia.org/wiki/Rock_music",eesti muusika
UCfipwDD-Jwcy8AzNX1iplNQ,Tipp,,@tipp336,54,154712,4,False,2014-12-16T18:42:00Z,EE,,,UUfipwDD-Jwcy8AzNX1iplNQ,"https://en.wikipedia.org/wiki/Pop_music, https://en.wikipedia.org/wiki/Music",minu elu
UCw2ikwE0-4SALM8YRGpUKTw,Eia jõulud Tondikakul,"“Eia jõulud Tondikakul” on seiklusrikas laste jõulufilm 10-aastasest Eiast, kelle plaanid võtavad ootamatu pöörde, kui linnatüdruk viiakse talvevaheajaks ürgse loodusega salapärasesse Lõuna-Eesti tallu. Eia ei oska esialgu aimatagi, et õige pea asub ta päästma hukule määratud põlismetsa, kokku viima kaht armastavat inimest ning lahti harutama oma pere kiivalt hoitud saladust. Vaata lisa: www.eiafilm.ee või www.facebook.com/eiafilm",@eiajouludtondikakul5045,1150,219439,3,False,2017-03-26T13:17:03Z,EE,,"""Eia jõulud Tondikakul"" eiafilm",UUw2ikwE0-4SALM8YRGpUKTw,"https://en.wikipedia.org/wiki/Entertainment, https://en.wikipedia.org/wiki/Film",eesti meelelahutus
UCKa0JSRdGCmkUMPHVM-q5Gw,UEM - Uus Eesti Muusika,"Uus Eesti Muusika on kanal, kus kohtuvad täiesti uus muusika ja vanade tegijate uued hitid.",@uem-uuseestimuusika7063,10,4241,2,False,2016-11-10T20:19:53Z,,,,UUKa0JSRdGCmkUMPHVM-q5Gw,https://en.wikipedia.org/wiki/Music,eesti muusika
UCqgO37llTN1vr6MqQ-6o3sw,Kadi Aedma,,@kadiaedmareining,4,10803,14,False,2007-10-17T12:41:54Z,,,,UUqgO37llTN1vr6MqQ-6o3sw,"https://en.wikipedia.org/wiki/Lifestyle_(sociology), https://en.wikipedia.org/wiki/Pet",eesti korvpall
UC4XuzU8vHWuPo7Qcusoae9w,Kristjan Ilves,,@kristjanilvesnordic,1100,93622,40,False,2022-07-22T07:34:19.296562Z,,,,UU4XuzU8vHWuPo7Qcusoae9w,"https://en.wikipedia.org/wiki/Sport, https://en.wikipedia.org/wiki/Lifestyle_(sociology)",eesti vlog
UCGsjglAJuHCs8aiyXFuD-9g,BoosterRent,"BoosterRent on mobiilsete akupankade rentimise teenus.  Kasutamiseks lae alla rakendus ""ChargeNow""",@boosterrent,2,619,6,False,2023-08-08T07:50:43.672023Z,,,,UUGsjglAJuHCs8aiyXFuD-9g,"https://en.wikipedia.org/wiki/Technology, https://en.wikipedia.org/wiki/Lifestyle_(sociology)",eesti toit
UCo_nDxQR58Y81_ohmH5CzxQ,Kuldne Ajastu Eesti,"Kuldne Ajastu Eesti - Golden Age Estonia (endine Ühtsuse Keskus) on valgustunud õpetajate Sri Amma ja Sri Bhagavani loodud rahvusvahelise liikumise “Golden Age Movement” ametlik esindaja Eestis. 2012. aastal Tallinnas asutatud transformatsiooni- ja meditatsioonikeskuse eesmärk on viia selles kiiresti muutuvas maailmas inimesteni sisemiseks arenguks, õnneks ja heaoluks vajalikke teadmisi ja pakkuda võimsaid “protsesse”, mis tõstavad osalejate teadvuse taset ja kingivad virgumise – laienenud tead",@kuldneajastueesti7306,171,18817,44,False,2015-04-22T07:01:49Z,EE,,"Eneseareng meditatsioon tervis küllus transformatsioon protsessid kasv suhted raha ""teadvuse kasv"" ""sisemine ausus"" ""tõeline mina"" Eneseareng ""teadvuse kasv"" raha suhted karjäär tervis virgumine töö probleemid vabadus transformatsioon tutvustus pealkiri kirjeldus meditatsioonid ""meditatsioon eesti keeles"" ""meditatsioon algajatele"" ""meditatsiooni harjutused"" ""Sri AmmaBhagavan"" Meedia ""Kuldne Ajastu Eesti"" edu pere jooga",UUo_nDxQR58Y81_ohmH5CzxQ,"https://en.wikipedia.org/wiki/Religion, https://en.wikipedia.org/wiki/Society, https://en.wikipedia.org/wiki/Health, https://en.wikipedia.org/wiki/Lifestyle_(sociology)",eesti
UCarDa5K8UneV2Hz02P0h2SA,Knauf Eesti,"Tere tulemast YouTube’i ametlikule kanalile Knauf Eesti. Järgnege meile, et saada infot KNAUFi viimaste uudiste, süsteemide ja toodete ning töö kohta.  KNAUFi Eesti esinduse peamiseks eesmärgiks on levitada teavet KNAUFi süsteemide ja toodete kasutamise kohta, samuti praeguste ja potentsiaalsete klientide nõustamine. Tahame, et partnerid ja kliendid usaldaksid KNAUFi ja teaksid, et just meie saame aidata teil leida vastuseid küsimustele ja lahendada tekkivaid probleeme.   „Knauf Tallinn ÜU”, Jär",@knaufeesti,385,608661,29,False,2014-11-05T20:36:04Z,EE,,,UUarDa5K8UneV2Hz02P0h2SA,https://en.wikipedia.org/wiki/Lifestyle_(sociology),eesti
UCGiLEUmn28Q-DtKIY0I7lyw,Olus | Manufacturer of feed additives,"Olus is a Dutch family company specialised in the development and production of feed additives. Our innovative nutrition solutions support the health, well-being, and performance of farm animals.",@olusplusbv3498,33,2867,54,False,2014-11-08T12:53:31Z,,,,UUGiLEUmn28Q-DtKIY0I7lyw,"https://en.wikipedia.org/wiki/Lifestyle_(sociology), https://en.wikipedia.org/wiki/Knowledge, https://en.wikipedia.org/wiki/Health, https://en.wikipedia.org/wiki/Business",mängime
UCcqCtWgh1KbXtONGe0pLhxA,Tuulikki Bartosik - Topic,,,6,3814,19,False,2022-04-02T20:38:14.737037Z,,,,UUcqCtWgh1KbXtONGe0pLhxA,"https://en.wikipedia.org/wiki/Electronic_music, https://en.wikipedia.org/wiki/Independent_music, https://en.wikipedia.org/wiki/Music, https://en.wikipedia.org/wiki/Jazz",eesti rahvamuusika
UCIaCAzBw8HtSrpJgIsWPXLQ,EESTI POP,,@eestipopp,3640,4324952,254,False,2013-02-14T18:12:46Z,,,,UUIaCAzBw8HtSrpJgIsWPXLQ,"https://en.wikipedia.org/wiki/Rock_music, https://en.wikipedia.org/wiki/Music, https://en.wikipedia.org/wiki/Pop_music",eesti muusika
UCYJEdaeBFitOh0KnYkLyvfQ,Tartu Kolgata Baptistikogudus,Tartu Kolgata baptistikoguduse ametlik YouTube kanal,@tartukolgatabaptistikogudus,439,126313,568,False,2012-02-10T17:05:05Z,EE,,"Kolgata kogudus kirik teenistus jumalateenistus Tartu noored noorteõhtu lapsed perekond piibel muusika palve suhted ""elu mõte"" alfa ""alfa kursus""",UUYJEdaeBFitOh0KnYkLyvfQ,"https://en.wikipedia.org/wiki/Religion, https://en.wikipedia.org/wiki/Society",tartu
UCtDqGWg12FAwxrkO57Myzuw,Estoniaball Vlogs,"This is the Estoniaball Animations vlog and IRL channel, subscribe if you haven't! For making vlogs I use: My phone & GoPro Hero8 (recording) Adobe Premiere Pro (editing)",@estoniaballvlogs8224,29700,1720964,26,False,2020-02-20T12:50:27.611203Z,EE,,"""estoniaball animations"" estoniaball ""estoniaball irl"" ""estoniaball vlogs"" travel",UUtDqGWg12FAwxrkO57Myzuw,"https://en.wikipedia.org/wiki/Lifestyle_(sociology), https://en.wikipedia.org/wiki/Tourism, https://en.wikipedia.org/wiki/Society",eesti vlog
UC6otubPLiv59XlwNI23CIeA,Helena vlog,Tere tulemast minu eesti keelsele kanalile! Mina olen Helena ja Mina teen oma kanalil vloge. Head vaatamist teile! 🎀🧸,@helenaraudjalg,4,1318,6,False,2025-03-23T07:50:49.601868Z,,,,UU6otubPLiv59XlwNI23CIeA,https://en.wikipedia.org/wiki/Lifestyle_(sociology),eesti vlog
UCC1cQU8eh3saKv-XJaVabag,Eesti Koolispordi Liit,Official YouTube page of the ISF World Schools Championship Basketball 3x3 in Tallinn: http://www.basketball2016.com,@eestikoolispordiliit4630,583,414416,97,False,2013-12-17T08:49:34Z,EE,,"isf ""school sport"" koolisport",UUC1cQU8eh3saKv-XJaVabag,"https://en.wikipedia.org/wiki/Lifestyle_(sociology), https://en.wikipedia.org/wiki/Sport, https://en.wikipedia.org/wiki/Basketball, https://en.wikipedia.org/wiki/Health",eesti sport
UCgjRRjLokpOxXCzSTMF_PRw,Levila,"Levila on Eesti meediaväljaanne, mis teeb põhjalikke lugusid Eestist ja Eesti inimestest: www.levila.ee",@levila,4610,835718,61,False,2020-02-09T06:45:52.170444Z,EE,,uudised poliitika ajakirjandus komöödia uuriv tasuta,UUgjRRjLokpOxXCzSTMF_PRw,https://en.wikipedia.org/wiki/Society,eesti teater
UCx2RLgnIM19hYYOm-XE8qpg,Catherine Zeta-Jones - Topic,,,15100,41094190,38,False,2013-07-22T13:11:36Z,,,,UUx2RLgnIM19hYYOm-XE8qpg,"https://en.wikipedia.org/wiki/Pop_music, https://en.wikipedia.org/wiki/Music, https://en.wikipedia.org/wiki/Classical_music, https://en.wikipedia.org/wiki/Jazz",eesti teater
UCUGVzA4ifw103Pm3SngbEKA,KuidasSedaTehaTiim,,@kuidassedatehatiim,4,1525,8,False,2009-08-27T19:02:46Z,,,,UUUGVzA4ifw103Pm3SngbEKA,"https://en.wikipedia.org/wiki/Lifestyle_(sociology), https://en.wikipedia.org/wiki/Technology",kuidas teha
UC9jwbwHuB16_D-maxRQebOg,Hiiu Folk Festival,"Hiiu Folk Festival has been held on Estonian second biggest island Hiiumaa since 2005. Today, it has spread all across the wonderful island. The Festival features 4 days full of concerts and workshops and engages in its dealings all the regions of Hiiumaa – Käina, Kõrgessaare, Pühalepa, Emmaste and Kärdla. The Festival lets you hear folk music, learn old Estonian dances, play musical instruments, sing and take walks along nature trails to get an idea of the island. While the focus of Hiiu Folk i",@hiiufolkfestival5454,7,824,9,False,2021-06-25T14:11:40.823082Z,,,,UU9jwbwHuB16_D-maxRQebOg,"https://en.wikipedia.org/wiki/Lifestyle_(sociology), https://en.wikipedia.org/wiki/Music",hiiumaa
UCtreKzfK5KexwnxRnsOayxg,Paabel - Topic,,,11,3362,38,False,2024-02-23T22:19:31.183124Z,,,,UUtreKzfK5KexwnxRnsOayxg,https://en.wikipedia.org/wiki/Music,eesti rahvamuusika
UCLDi_F2xNnOJ4b8VrelrR0w,Börsijutud,"Börsijutud - investor vs kaupleja Saatejuhid on investor Märten Kress (Dividend Investor) ja kaupleja Markus Tamm (Trader Markus). Võtame ette parasjagu laineid löövad ja aktuaalsed börsiteemad. Märten ei tea, mida Markus temalt küsib ning Markus ei tea, mida Märten temalt küsib. Selleks, et kõik värsked episoodid jõuaksid koheselt sinuni vajuta ""Telli"" või ""Subscribe"" ja ära unusta sisse vajutada ka märguannete nuppu. Saated on meelelahutusliku sisuga. Me ei soovita osta ega müüa ühtegi fin",borsijutud,2040,104246,91,False,2020-09-30T09:55:02.125356Z,EE,,börs aktsiad finantsturud investeerimine kauplemine,UULDi_F2xNnOJ4b8VrelrR0w,"https://en.wikipedia.org/wiki/Society, https://en.wikipedia.org/wiki/Business, https://en.wikipedia.org/wiki/Knowledge",eesti taskuhääling
UCmDfuj4oEVFXPIiUDASq2yg,Müstika Stuudio,Müstika Dance Studio is the most alternative and the most exotic dance studio in Estonia!  Oleme Eesti suurim alternatiivseid treeninguid pakkuv stuudio!,mustikastuudioshow,1130,353883,383,False,2009-07-28T20:14:16Z,,,Müstika Maagiline Teater Berit Eesti Kõhutants Idamaine tants Oriental dance belly Estonia,UUmDfuj4oEVFXPIiUDASq2yg,"https://en.wikipedia.org/wiki/Entertainment, https://en.wikipedia.org/wiki/Lifestyle_(sociology), https://en.wikipedia.org/wiki/Performing_arts, https://en.wikipedia.org/wiki/Music",eesti teater
UCAFeaZX-KGNuvIESZ-DF44g,Eesti Teatri Agentuur,,@eestiteatriagentuur,5,657,10,False,2011-11-09T10:21:14Z,,,,UUAFeaZX-KGNuvIESZ-DF44g,"https://en.wikipedia.org/wiki/Knowledge, https://en.wikipedia.org/wiki/Society, https://en.wikipedia.org/wiki/Performing_arts, https://en.wikipedia.org/wiki/Entertainment, https://en.wikipedia.org/wiki/Lifestyle_(sociology)",eesti teater
UCCzeOnIGGIGqpEcx_TibDHg,Narva-Jõesuu,,@narva-joesuu,139,39128,154,False,2018-10-26T08:29:04Z,EE,,,UUCzeOnIGGIGqpEcx_TibDHg,"https://en.wikipedia.org/wiki/Society, https://en.wikipedia.org/wiki/Politics",narva
UCk2o-vzbYQKeRsLq2Yqu6Og,King of Spades Eesti,"King of Spades on loodud, aitamaks sul päevast päeva realiseerida oma kogu naturaalset potentsiaali seatud eesmärkide saavutamisel. Parem Füüsis. Teravam fookus. Püsiv energia. https://www.kingofspades.ee",@kingofspadeseesti8728,332,19146,30,False,2017-05-08T13:30:08Z,EE,,,UUk2o-vzbYQKeRsLq2Yqu6Og,"https://en.wikipedia.org/wiki/Physical_fitness, https://en.wikipedia.org/wiki/Health, https://en.wikipedia.org/wiki/Lifestyle_(sociology)",eesti õppimine
UCdz-dk_24Ll77BcKviI8J7w,Tartu Ülikooli Kliinikum,,@kliinikum,661,236088,104,False,2012-04-13T08:11:06Z,EE,,"""Hoolivus Pädevus Usaldusväärsus""",UUdz-dk_24Ll77BcKviI8J7w,"https://en.wikipedia.org/wiki/Society, https://en.wikipedia.org/wiki/Health, https://en.wikipedia.org/wiki/Lifestyle_(sociology), https://en.wikipedia.org/wiki/Knowledge",tartu
UC_NT-VjnsroY8zugd6ekw5g,Podcast Ausad Naised,"Saa tuttavaks Elis Liivaruga, särtsakas enesearengu entusiast, kes juhib Ausad Naised podcasti. Ausad Mehed podcasti inspiratsioonil jagan kuulajatele ausat, autentset ja ehedat olemist, mis inspireeriks ka teisi hingelisi olema oma elus teadlikum, tundma elu täisväärtuslikku naudingut ja liikuma enesearengu radadel. Selleks, et minuga koos saaks nii nutta, kui naerda, olen alati samm mugavustsoonist väljas seda koos täieliku läbipaistvusega.",@ausadnaised,247,12145,23,False,2023-02-03T21:15:54.818192Z,,,,UU_NT-VjnsroY8zugd6ekw5g,"https://en.wikipedia.org/wiki/Health, https://en.wikipedia.org/wiki/Lifestyle_(sociology)",eesti taskuhääling
UC3flwYwPwP3JdwgMvaNgmcw,Amperly AI,"Praktilised näpunäited ja tööriistad tehisintellekti tõhusaks kasutamiseks töökeskkonnas. Kuidas AI abil rutiinseid ülesandeid automatiseerida, parandada töö kvaliteeti ja tõsta meeskonna produktiivsust. Lihtsad lahendused, mis aitavad säästa aega ja keskenduda olulisele",@amperlyai,234,3808,14,False,2024-12-23T09:36:49.523437Z,EE,,ai tehisintellek chatgpt,UU3flwYwPwP3JdwgMvaNgmcw,"https://en.wikipedia.org/wiki/Knowledge, https://en.wikipedia.org/wiki/Technology, https://en.wikipedia.org/wiki/Society, https://en.wikipedia.org/wiki/Lifestyle_(sociology)",eesti programmeerimine
UClizX8GDAeVa9gC93Mwf3zQ,Petrolheads,"Me oleme meediakanal bensiinipeadelt teistele bensiinipeadele. Neile, keda ei huvita uute ostukärude proovisõidud või parima töökinda ostukoha valimine, vaid (auto)sõidust saadav emotsioon!  Meie seniseks selgrooks on videopodcasti formaat, mille igas episoodis aitab (auto)kultuuri lahata mõni sellel teemal meist veel pädevam külaline, kellel temaatilisi lõbusaid, huvitavaid või harivaid lugusid. Lisaks kajastame ka ägedaid builde, seiklusi, reise ja muud. Meie partnerid:  Baltyre - Let's rota",@petrolheads_ee,2760,399724,134,False,2022-06-15T19:58:50.611074Z,EE,et,"petrolheads petrolheadid bensiinipead podcast autohuvi autohuvilised autod tehnika tehnikahuvilised cars gearheads ""car build"" ""car trips"" automotive ""automotive events"" ""car relatec merchandise"" estonia autokultuur autoüritused autosõidud petrolfest",UUlizX8GDAeVa9gC93Mwf3zQ,"https://en.wikipedia.org/wiki/Vehicle, https://en.wikipedia.org/wiki/Lifestyle_(sociology), https://en.wikipedia.org/wiki/Motorsport",eesti vlog
UChonGbhZAhlF6RQvo5lCkng,Tartu 2024,Tartu together with Southern Estonia was the European Capital of Culture 2024.,@tartu2024,369,1944210,291,False,2018-11-19T12:12:34Z,EE,,,UUhonGbhZAhlF6RQvo5lCkng,"https://en.wikipedia.org/wiki/Music, https://en.wikipedia.org/wiki/Society",tartu
UCVDfvADq_1sxkkmooYvKd_Q,Shipit24,"SmartSwap channel explains how www.smartswap.com works, why it was developed and what we aim to achieve.",@smartswap7716,15,142112,14,False,2019-12-17T10:01:11.216695Z,EE,,,UUVDfvADq_1sxkkmooYvKd_Q,"https://en.wikipedia.org/wiki/Lifestyle_(sociology), https://en.wikipedia.org/wiki/Technology",eesti tech
UCsNcyPY9SB63nRunYpQPuPA,krispoiss,1 sub = 1 winning,@krispoissyuh,31000,5850439,119,False,2022-09-15T15:25:59.625524Z,,,,UUsNcyPY9SB63nRunYpQPuPA,"https://en.wikipedia.org/wiki/Lifestyle_(sociology), https://en.wikipedia.org/wiki/Video_game_culture",eesti kokkamine
UCFHabz9QFBHV5EmILUdF6bw,Tallinn Walks,"Welcome to Tallinn Walks — your go-to channel for relaxing 4K walking tours through the cobbled streets, medieval towers, and scenic coastlines of Estonia’s capital. Whether you're planning a trip, missing the Baltic charm, or just want to relax with calming city sounds, our videos let you wander Tallinn’s Old Town, Kadriorg, Telliskivi, and beyond — anytime, anywhere. 🎥 No commentary. No music. Just pure ambient sounds. 🏰 Filmed in 4K UHD 📍 Locations: Old Town • Seaside • Markets • Winter • Su",@tallinnwalks,218,4743,19,False,2025-05-06T13:43:35.738987Z,,,,UUFHabz9QFBHV5EmILUdF6bw,"https://en.wikipedia.org/wiki/Tourism, https://en.wikipedia.org/wiki/Lifestyle_(sociology)",tallinn
UCzqkXDojPbclOL5JN15Sn5g,Blacklist Tallinn,Supercar group based out of Estonia with 50 members and 100+ eye-catching supercars.  If you wish for your car to be featured on the channel then feel free to contact us at blacklisttallinn@gmail.com . Join the closed circle of Blacklist:  https://www.blacklisttln.com/,@blacklist_tln,2920,773462,50,False,2022-06-27T10:08:55.845933Z,EE,,"car supercar ""pov drive"" supercars ""car pov""",UUzqkXDojPbclOL5JN15Sn5g,"https://en.wikipedia.org/wiki/Vehicle, https://en.wikipedia.org/wiki/Lifestyle_(sociology)",tallinn
UCiIauE714a-gdM2-j0OmYtA,MyLifeAsTerry,,@mylifeasterry9945,10,3335,13,False,2015-03-09T22:58:54Z,,,,UUiIauE714a-gdM2-j0OmYtA,"https://en.wikipedia.org/wiki/Tourism, https://en.wikipedia.org/wiki/Lifestyle_(sociology)",eesti reis
UCHcKSR-Acf5yCr73m9Gugww,Estonia from Above,"Estonia is so small that can keep a special place in your heart :) However, you cannot even imagine how many attractions there are.  Instagram: https://www.instagram.com/arturrieznik/",@estoniafromabove2638,22,2920,12,False,2021-04-22T18:22:23.253955Z,EE,,"estonia drone travel tripp europe ""from above"" reviews эстония eesti путишествия таллинн tallinn beautiful nature",UUHcKSR-Acf5yCr73m9Gugww,"https://en.wikipedia.org/wiki/Tourism, https://en.wikipedia.org/wiki/Lifestyle_(sociology), https://en.wikipedia.org/wiki/Hobby",eesti reis
UCac6B3ZRHPAq2F0q9ehO09w,Marko Kiljak,,@mrkiljak,84,107868,53,False,2010-09-03T08:20:40Z,,,,UUac6B3ZRHPAq2F0q9ehO09w,"https://en.wikipedia.org/wiki/Lifestyle_(sociology), https://en.wikipedia.org/wiki/Music, https://en.wikipedia.org/wiki/Sport, https://en.wikipedia.org/wiki/Basketball",eesti korvpall
UCM93vTE4a4R9MbMebhPxP1A,Uus Ühiskond,"Saale Kareda alustab konverentside sarja, et kutsuda kokku hea tahte, avatud südamega, tasakaalukad ja julged inimesed, kes on valmis tegema koostööd paralleelsete struktuuride loomisel, mis toetaksid inimeste elukorraldust. Konverentside eesmärk on hoida visiooni inimväärse ühiskonna loomise võimalikkusest, tutvustada erinevaid uue ühiskonna kontseptsioone, anda strukturaalseid, süsteemseid ja praktilisi nõuandeid uute võrgustike loomisel ning esitleda juba toimivaid võrgustikke. Rohkem infot",@uusuhiskond1730,669,127976,21,False,2015-09-06T06:40:46Z,,,,UUM93vTE4a4R9MbMebhPxP1A,"https://en.wikipedia.org/wiki/Knowledge, https://en.wikipedia.org/wiki/Society",eesti haridus
UCeUa5hSjYKNMJIFFhu4Rb6A,Tartu Variku Kool - Koolitelevisioon,Tartu Variku Kooli Koolitelevisiooni YouTube kanal,@tartuvarikukool-koolitelev9116,264,38381,42,False,2019-01-29T13:17:54Z,EE,,"Kool Tartu ""Tartu Variku Kool"" Õpilased õpetajad põhikool jõuluball üheksakümnendad",UUeUa5hSjYKNMJIFFhu4Rb6A,"https://en.wikipedia.org/wiki/Society, https://en.wikipedia.org/wiki/Lifestyle_(sociology)",tartu
UC346JMglWpy79Nmxm2Fgxmg,Orelo Eesti,"Orelo on brändina olnud kuulmiskaitsmete valdkonnas aastast 2009 tegutsedes peamiselt Soomes. 2016. aastal jõuti ka Eestisse ja siin esindab brändi SL Tech OÜ. personaalsete kuulmiskaitsmete tootmise jaoks võetakse kasutaja kõrvakanalitest silikoonjäljendid, mille põhjal valmistatakse ideaalselt sobivad kaitsmed, mis varustatakse spetsiaalsete summutusfiltritega. Jäljendite võtmise protsess võtab aega umbes 15-20 minutit, lisatasu selle eest ei rakendu. Jäljendite võtmiseks palume eelnevalt br",@oreloeesti7253,3,1073,3,False,2021-04-26T10:45:37.65529Z,EE,,Kuulmiskaitsed kuulmine kõrvaklapid Orelo kuulmistervis kõrvatropid,UU346JMglWpy79Nmxm2Fgxmg,"https://en.wikipedia.org/wiki/Technology, https://en.wikipedia.org/wiki/Lifestyle_(sociology)",eesti tech
UCyuTeSI8XFUKejtHn3dEMHA,Eesti Mööblitootjate Liit MTÜ,,@eestimooblitootjateliitmtu1230,5,3480,25,False,2015-11-12T21:12:39Z,,,EFIA,UUyuTeSI8XFUKejtHn3dEMHA,"https://en.wikipedia.org/wiki/Knowledge, https://en.wikipedia.org/wiki/Business, https://en.wikipedia.org/wiki/Society",eesti haridus
UCx0aLKEfNWTGeLSUZbqirug,Tartu Väntorel,,@tartuvantorel487,4,612,3,False,2018-02-02T20:09:10Z,,,,UUx0aLKEfNWTGeLSUZbqirug,"https://en.wikipedia.org/wiki/Lifestyle_(sociology), https://en.wikipedia.org/wiki/Music",tartu
UCVQP-_fsNDuaOt0BEiVgwkA,LAULUD MEREST,LAULUD MEREST Eesti folkmuusika,@lauludmerest5817,8,3360,3,False,2014-05-20T15:07:11Z,,,,UUVQP-_fsNDuaOt0BEiVgwkA,https://en.wikipedia.org/wiki/Music,eesti laulud
UC8loCEFxfvyRau7oWQFHVaA,Meie Hispaania Lugu 🇪🇸,"Hola! Meie oleme Britta ja Aivo. Oleme nüüd kolinud Costa Calidale. Elame siin Hispaanias aastast 2023.  Meie kanal on täpselt meie nägu. Lõbus, meeleolukas, täis sisu millega me siin igapäevaselt tegeleme.  Oleme ehedad , päris meie ise . Meie perega on liitunud ka Yorkshire Terrier - Churro! 🇪🇸 Hispaanias on äge!",@meiehispaanialugu,898,71829,57,False,2013-08-27T16:11:36Z,,,,UU8loCEFxfvyRau7oWQFHVaA,"https://en.wikipedia.org/wiki/Tourism, https://en.wikipedia.org/wiki/Lifestyle_(sociology)",eesti vlog
UChRzH7fiWWxrK7nZ-6-RDEg,Ecovacs Eesti,"Enne “nutika kodu” kontseptsiooni populaarseks muutumist, oli ECOVACS juba nutikate kodurobotite valdkonnas innovatsiooni esirinnas, uurides uusi võimalusi koduomanike elu muutmiseks. ECOVACS on nutikate kodurobotite valdkonnas töötanud üle 20 aasta ja otsib pidevalt uuenduslikke viise, kuidas robotid saaksid tarbijate elu lihtsustada. Alustanud visioonilise idufirmana, on ECOVACSist kujunenud ülemaailmne ettevõte, mille missiooniks on luua maailmatasemel roboteid kodude puhastamiseks ning inime",@ecovacseesti8032,12,513323,15,False,2022-02-09T12:46:12.896611Z,,,,UUhRzH7fiWWxrK7nZ-6-RDEg,"https://en.wikipedia.org/wiki/Lifestyle_(sociology), https://en.wikipedia.org/wiki/Technology",eesti tech
UCRly6ifYg0EDDrzDdgTOl3w,Estnisch lernen,,@ytestnischlernen,22,1169,239,False,2014-02-15T16:07:34Z,,,,UURly6ifYg0EDDrzDdgTOl3w,https://en.wikipedia.org/wiki/Lifestyle_(sociology),eesti õppimine
UCJWriGVvu6qhdy_Z3myiWtQ,Grandliiga,,@grandliiga,1400,599038,769,False,2017-05-17T09:32:05Z,EE,,Sport Grandliiga Minifootball SEM Futsal Baltic Cup,UUJWriGVvu6qhdy_Z3myiWtQ,"https://en.wikipedia.org/wiki/Sport, https://en.wikipedia.org/wiki/Association_football",eesti sport
UCZWv4PW7yvO0VDfpXFKF2qg,Nikal Travel Eesti,,@nikaltravel-mr9bd,7,1627,5,False,2023-07-14T13:36:30.383656Z,,,,UUZWv4PW7yvO0VDfpXFKF2qg,"https://en.wikipedia.org/wiki/Lifestyle_(sociology), https://en.wikipedia.org/wiki/Tourism",eesti reis
UCCMVwYOWned0bMzSt0dzUig,Eesti Looduseuurijate Selts,,@eestilooduseuurijateselts4473,33,3264,40,False,2015-11-03T09:28:38Z,,,,UUCMVwYOWned0bMzSt0dzUig,"https://en.wikipedia.org/wiki/Knowledge, https://en.wikipedia.org/wiki/Society",eesti ajalugu
UCIpK8cJEs_jqKBwkV0cTv-A,Eesti värk 4,,@eestivark4,8,2312,73,False,2025-09-18T07:56:59.213136Z,EE,,,UUIpK8cJEs_jqKBwkV0cTv-A,"https://en.wikipedia.org/wiki/Music, https://en.wikipedia.org/wiki/Film, https://en.wikipedia.org/wiki/Entertainment, https://en.wikipedia.org/wiki/Pop_music",eesti keeles
UCxig-rJaDVGXBdAJJ8bBz3g,Avon Eesti OÜ,"Avon Eesti Youtube konto on loodud kõigile, kes peavad lugu väga heast kosmeetikast, soovivad jagada kogemusi ja olla kursis ilumaailma värskeimate uudistega https://my.avon.ee/",@avoneestiou9358,292,577803,277,False,2014-01-29T11:33:57Z,EE,,Avon eesti,UUxig-rJaDVGXBdAJJ8bBz3g,"https://en.wikipedia.org/wiki/Fashion, https://en.wikipedia.org/wiki/Lifestyle_(sociology)",eesti uudised
UCqZmdvKVvsbxG-UDmWDDYDQ,Kõrvauss Stuudio,,@korvaussstuudio5397,19,4026,18,False,2019-10-18T16:24:16.719144Z,EE,,"""Podcastide loomine ja muud audiolahendused""",UUqZmdvKVvsbxG-UDmWDDYDQ,"https://en.wikipedia.org/wiki/Pop_music, https://en.wikipedia.org/wiki/Music",eesti taskuhääling
UCWAJWg_ht_pAsp8fpwKethQ,Karin,https://www.instagram.com/karinlarven/,@karinlarven,16000,5328475,355,False,2013-07-08T15:59:22Z,EE,,,UUWAJWg_ht_pAsp8fpwKethQ,https://en.wikipedia.org/wiki/Lifestyle_(sociology),eesti vlog
UCtxMOXYvakqXNOTHZfNGTGw,M1Muusika,"M1Muusika on Eesti muusikute, räpparite ja artistide edastaja! Kui tahad olla kursis kõikide oma lemmikute viimaste lauludega siis vajuta julgelt ""Telli/Subscribe"" ja kõik sinu lemmikud ongi meie poolt sulle edastatud! Ole aktiivne jälgija, ent kindlasti vajuta ""Kellukesele"", et kõik meie poolt edastatud artistid oleksid sul ka teavituste all. Ohjeldamatult head muusikat! Külasta meid ka: ★ Koduleht http://m1muusika.ee/ ★ Facebook https://www.facebook.com/M1Muusika/ ★ Soundcloud https://soundc",@m1muusika683,85,21776,27,False,2017-02-06T17:24:44Z,EE,,Muusika Eesti Artistid Lauljad Räpparid,UUtxMOXYvakqXNOTHZfNGTGw,"https://en.wikipedia.org/wiki/Lifestyle_(sociology), https://en.wikipedia.org/wiki/Pop_music, https://en.wikipedia.org/wiki/Music, https://en.wikipedia.org/wiki/Electronic_music",eesti sketš
UC0n6pu3LQoVG0mTgpo7qtGw,Tartu Kunstimuuseum,"Tartmus is an open-minded and welcoming museum filled with interesting meet-ups with newer and also older art from the 20th and 21st century. Tartmus builds bridges between the past and the future and has a say on important topics with modern people. Tartmus is an interesting and inspiring place to spend leisure time. Tartmus house was built in 1793. Due to the soggy bank of the River Emajõgi the house has tilted 5,8 degrees, which is greater than the Pisa tower.",@tartmus,154,29423,112,False,2011-02-17T20:23:11Z,EE,,,UU0n6pu3LQoVG0mTgpo7qtGw,"https://en.wikipedia.org/wiki/Knowledge, https://en.wikipedia.org/wiki/Lifestyle_(sociology), https://en.wikipedia.org/wiki/Hobby",eesti kunst
UCCl_OUPp_QFOzzKRet2OBzg,Pärnu City Orchestra (Pärnu Linnaorkester),"PÄRNU CITY ORCHESTRA was established in 1994. The orchestra has been conducted by Neeme Järvi, Paavo Järvi, Kristjan Järvi, Jorma Panula, Eri Klas, Olari Elts, Paul Mägi, Vello Pähn, Arvo Volmer, Erki Pehk, György Selmeczi, Marcello Rota and others. The orchestra’s first chief conductor was Loit Lepalaan. From 1998-2017 the orchestra’s chief conductor was Jüri Alperten. From 2019 the chief conductor is Kaspar Mänd. https://parnuorkester.ee/en/ www.facebook.com/ParnuLinnaorkester",@parnucityorchestra1781,64,9039,20,False,2020-05-26T20:16:22.4257Z,EE,,"""Pärnu City Orchestra"" orchestra pärnu ""pärnu linnaorkester"" linnaorkester",UUCl_OUPp_QFOzzKRet2OBzg,"https://en.wikipedia.org/wiki/Classical_music, https://en.wikipedia.org/wiki/Music, https://en.wikipedia.org/wiki/Lifestyle_(sociology)",pärnu
UCMhCcQlzQV8T1EeJqCp3v2A,Maakondlikud arenduskeskused,"Tere tulemast Maakondlike Arenduskeskuste YouTube'i kanalile! Siit leiad väärtuslikku ja praktilist infot, mis aitab Sul ja Sinu ettevõttel kasvada ja areneda – olgu Sul unistus alustada ettevõtlusega, seda arendada või viia oma äri järgmisele tasemele. 📌 Mida me pakume? * Koolitused ja seminarid videopildis kui Sul polnud mahti online´is osaleda, sh info erinevate toetusmeetmete kohta * Kasulikke nõuandeid ja juhiseid alustavatele ja tegutsevatele ettevõtjatele. * Inspireerivad lood Eesti ett",@maakondlikudarenduskeskuse7326,170,24058,129,False,2022-10-27T04:20:24.020585Z,EE,,,UUMhCcQlzQV8T1EeJqCp3v2A,"https://en.wikipedia.org/wiki/Society, https://en.wikipedia.org/wiki/Knowledge",eesti äri
UCXM2578W00_R_Wogbvk9d4g,SMN Eesti,,@smneesti9025,22,5777,48,False,2016-06-21T08:33:48Z,,,,UUXM2578W00_R_Wogbvk9d4g,"https://en.wikipedia.org/wiki/Society, https://en.wikipedia.org/wiki/Knowledge, https://en.wikipedia.org/wiki/Technology, https://en.wikipedia.org/wiki/Business, https://en.wikipedia.org/wiki/Lifestyle_(sociology)",eesti tech
UCFiS48ZBizFuPJD_WNPXQyw,Lendr2stik,EESTI KÕIGE HALVEM JA EBAPRODUKTIIVSEM HIP-HOP / KOMÖÖDIA CREW,@lendr2stik,21,9378,11,False,2012-06-17T20:01:14Z,,,,UUFiS48ZBizFuPJD_WNPXQyw,https://en.wikipedia.org/wiki/Music,eesti komöödia
UCLIvuORk-_o6ld7PsVLE9vg,Puhas Loodus,"At the heart of our Puhas Loodus brand are centuries of age and respect for nature. We are dedicated to hair and skin care that can be found in the gifts of nature, in the woods and in the backyard. The Puhas Loodus range is known for its selected medicinal plants, which include chamomile, nettle, sea buckthorn, juniper, rose hip, marigold and other healing ingredients offered by nature. Our products are mainly made from ingredients of natural origin and their production is environmentally frie",@puhas-loodus,4,76645,10,False,2023-11-09T08:28:59.2578Z,EE,,puhasloodus looduskosmeetika,UULIvuORk-_o6ld7PsVLE9vg,https://en.wikipedia.org/wiki/Lifestyle_(sociology),eesti loodus
UCogN7x_eIO5g2vkGQtMiLKQ,Katuse ja parapeti plekksepatööd,"Vaatame kõik teie probleemsed katused üle, ning anname omapoolse hinnangu tööde vajaduse ja ulatuse osas. Roland +372 5127669 Arvi +372 55589449 aknaplekid sokliplekid räästaplekid parapetiplekid korstnamütsid jpm.",@katusejaparapetiplekksepat683,5,4093,8,False,2020-05-14T17:09:57.516792Z,,,,UUogN7x_eIO5g2vkGQtMiLKQ,https://en.wikipedia.org/wiki/Lifestyle_(sociology),vaatame
UCRDlxMggSHTLjEJmt6g7onQ,Tagasi Kooli,"Õppimine ja õpetamine ongi elu. Sestap kasvatame kooli ja ülejäänud ühiskonna koostööd. Alustame ühest külalistunnist, kus kohtuvad õpilased, õpetaja ja külalisõpetaja.",@tagasikooli,2340,694438,705,False,2012-09-27T23:36:15Z,EE,,,UURDlxMggSHTLjEJmt6g7onQ,https://en.wikipedia.org/wiki/Knowledge,kuidas teha
UC4B-euTDkijyFQnKGmdKUMQ,Ants Suurmürsk,"Lõbusad laulud, mis on valminud tõestisündinud lugudel või luulude tagajärjel.",@antssuurmursk2359,4500,2222297,47,False,2013-09-23T15:58:32Z,,,,UU4B-euTDkijyFQnKGmdKUMQ,https://en.wikipedia.org/wiki/Music,eesti laulud
UC-DO0Y1SdmXk7pyoAgj3ewQ,siquu,,@siquu,9,10127,11,False,2011-10-02T09:43:12Z,,,,UU-DO0Y1SdmXk7pyoAgj3ewQ,"https://en.wikipedia.org/wiki/Music, https://en.wikipedia.org/wiki/Performing_arts, https://en.wikipedia.org/wiki/Lifestyle_(sociology), https://en.wikipedia.org/wiki/Entertainment",eesti haridus
UC7KYq5AIBLalgdH9m9FiMKw,Narva Mtz,,@narvamatienzo,70,1490,13,False,2023-08-05T22:42:26.003049Z,,,,UU7KYq5AIBLalgdH9m9FiMKw,"https://en.wikipedia.org/wiki/Hip_hop_music, https://en.wikipedia.org/wiki/Music, https://en.wikipedia.org/wiki/Music_of_Latin_America, https://en.wikipedia.org/wiki/Pop_music",narva
UC65Eq6kioOHsxDKah7disfQ,EstMagicz,"Ma mängin väga palju mänge, videomänge!",@estmagicz,48400,32980618,422,False,2016-07-25T19:35:13Z,EE,,"gaming videomängud õudus minecraft roblox raft estonia eesti ""eesti keeles"" ""oliver hollo"" phasmophobia ""eesti youtube"" jalgpall õudusmängud ""horror games"" krispoiss tondipüüdjad",UU65Eq6kioOHsxDKah7disfQ,"https://en.wikipedia.org/wiki/Role-playing_video_game, https://en.wikipedia.org/wiki/Action_game, https://en.wikipedia.org/wiki/Video_game_culture, https://en.wikipedia.org/wiki/Action-adventure_game, https://en.wikipedia.org/wiki/Casual_game",eesti keeles
UCsfWzQvUg4BlQcWXSBaMi4A,Kaupmees,"Kaupmees on Eesti toitlustussektori suurim ja tuntuim toidukaupadega varustaja (Kantar Emor, 2022). Meie suurimaks tugevuseks on pikaajalised, head ja inimlikud suhted meie partnerite ja klientidega, kelle igapäevast toitlustus- ja kaubandusäri aitame korraldada. 30 tegutsemisaasta tulemusena teame hästi, kuidas olla oma kliendile parim partner. Kaupmees, Tridens, Karisma Food, VegeLog ja Jahelogistika kuuluvad ettevõtete kontserni Kaupmees Grupp AS.  Kaupmees - kõik ühest kohast! Oma YouTube'i",@kaupmeesko,54,18456,25,False,2014-12-01T07:56:26Z,EE,,,UUsfWzQvUg4BlQcWXSBaMi4A,"https://en.wikipedia.org/wiki/Lifestyle_(sociology), https://en.wikipedia.org/wiki/Food",eesti äri
UClYpFzl_hYM2xL438vA7mtg,Kalle Grünthal,Eesti vabariigi parlamendi liige,@kallegrunthal2532,548,55468,12,False,2021-03-15T19:40:51.869912Z,EE,,"riigikogu ""kalle grünthal"" parlament eesti ekre",UUlYpFzl_hYM2xL438vA7mtg,"https://en.wikipedia.org/wiki/Society, https://en.wikipedia.org/wiki/Politics",eesti poliitika
UCUIcP_W1hMdl68CCiiIlHzQ,ARIIX Estonia,,@ariixestonia7393,43,13541,17,False,2016-02-05T12:56:54Z,,,Ariix Estonia,UUUIcP_W1hMdl68CCiiIlHzQ,"https://en.wikipedia.org/wiki/Health, https://en.wikipedia.org/wiki/Lifestyle_(sociology)",eesti äri
UCANxbtAcXUaioj77HzQbVQg,Donna Murphy - Topic,,,4970,22906225,27,False,2013-07-20T15:06:56Z,,,,UUANxbtAcXUaioj77HzQbVQg,"https://en.wikipedia.org/wiki/Pop_music, https://en.wikipedia.org/wiki/Music",eesti teater
UC7SFk85gvkTgs05Kt2J2Lxg,Airi Looman,,@kosmokas,88,28055,18,False,2006-12-01T04:12:16Z,EE,,,UU7SFk85gvkTgs05Kt2J2Lxg,"https://en.wikipedia.org/wiki/Lifestyle_(sociology), https://en.wikipedia.org/wiki/Knowledge",eesti õppimine
UCBnEzFgXCQCA6YateYFbjHQ,NARVA,INSTAGRAM: narvapr,@-lanave-,1090,211054,14,False,2013-06-25T03:12:37Z,,,,UUBnEzFgXCQCA6YateYFbjHQ,"https://en.wikipedia.org/wiki/Pop_music, https://en.wikipedia.org/wiki/Music_of_Latin_America, https://en.wikipedia.org/wiki/Hip_hop_music, https://en.wikipedia.org/wiki/Music",narva
UCZYBGmTfl-kfNaoiIF3gc5Q,Big Green Egg Eesti,"See on Big Green Eesti YouTube’i kanal. Siit leiad kõige maitsvamaid retsepte, imelisi roogasid, inspireerivaid videoid ning nippe ja nõuandeid oma söeküttega kamado parimaks kasutamiseks. Grillimine, küpsetamine, aurutamine, vokkimine või suitsutamine – Big Green Eggis saab kõike teha. See on rohkem kui lihtsalt grill. 1974. aastast alates loome me kauneid mälestusi. Ja teeme seda ka edaspidi.",@biggreeneggeesti7374,262,120280,143,False,2017-08-15T12:37:52Z,EE,,,UUZYBGmTfl-kfNaoiIF3gc5Q,"https://en.wikipedia.org/wiki/Food, https://en.wikipedia.org/wiki/Lifestyle_(sociology)",eesti toit
UCixHLi6JKq6ftBI-YBn9JjQ,Tallinn Beach Tennis Open,"Tallinn BT Open is ITF Beach Tennis World Tour tournament taking place in Tallinn Estonia on July 15-20, 2025. 6 tournaments in 6 days: ITF BT10, U18 BTJ100, ITF BT200 $15k, ITF Mixed $1.5k and Estonian Beach Tennis Championships.",@tallinnbtopen,29,1659,5,False,2024-07-22T14:40:24.689514Z,EE,,,UUixHLi6JKq6ftBI-YBn9JjQ,"https://en.wikipedia.org/wiki/Sport, https://en.wikipedia.org/wiki/Tennis, https://en.wikipedia.org/wiki/Volleyball, https://en.wikipedia.org/wiki/Lifestyle_(sociology)",tallinn
UCbS7rEBMcd6nEwDeR2aiuxg,Imbi Mihheljus,,@imbimyhelios1757,76,6081,10,False,2020-04-05T16:51:09.404357Z,,,,UUbS7rEBMcd6nEwDeR2aiuxg,"https://en.wikipedia.org/wiki/Lifestyle_(sociology), https://en.wikipedia.org/wiki/Knowledge, https://en.wikipedia.org/wiki/Hobby",eesti haridus
UCOlMspuk3lmPpfK4Lth5kjA,Tallinna Ülikool,,@tallinnaulikool6306,2,652,13,False,2017-04-26T20:26:48Z,,,,UUOlMspuk3lmPpfK4Lth5kjA,"https://en.wikipedia.org/wiki/Knowledge, https://en.wikipedia.org/wiki/Society",eesti teadus
UClywwytb2BjXNKl-or5D8oA,Ansambel Rüüt,"RÜÜT has made characteristic arrangements to quite a few of Estonian traditional folk tunes and songs. In addition the ensemble also arranges their own compositions. And the search for piece’s final arrangement does not end until all the members are entranced by it. To achieve that the band conjures all kinds of ideas and solutions that will form the music. The band is characterized by mystical atmosphere, intricate harmonic, melodic and rhythmic combinations, precision and a common feel. This i",ansambelruut,428,139497,29,False,2015-03-19T22:07:56Z,,,,UUlywwytb2BjXNKl-or5D8oA,"https://en.wikipedia.org/wiki/Music, https://en.wikipedia.org/wiki/Independent_music",eesti rahvamuusika
UCLQpWv5QrNtkscORHoKO6rQ,trinxuful,,@trinxuful,3,1545,13,False,2011-12-19T16:18:04Z,,,,UULQpWv5QrNtkscORHoKO6rQ,"https://en.wikipedia.org/wiki/Lifestyle_(sociology), https://en.wikipedia.org/wiki/Hobby",võrumaa
UCRF56ROJjC0-jXYHBNQs7hw,Biocodex Eesti,"Biocodex on rahvusvaheline pereomandis olev ravimfirma, mis asutati Prantsusmaal 1953. aastal. Ettevõtte esialgne fookus oli gastroenteroloogia valdkonnal, kui töötati välja ainulaadne probiootikum: Saccharomyces boulardii CNCM I-745® - esimene probiootiline ravim. Läbi paljude tegutsemisaastate on Biocodex laiendanud oma tegevust ka teistesse ravivaldkondadesse, nagu valu, neuroloogia ja naiste tervis. Biocodex'i põhipädevuseks on mikrobioota ja selle lipulaeva Saccharomyces boulardii CNCM I-",@biocodexeesti,2,219088,22,False,2022-05-31T10:17:42.142046Z,EE,,,UURF56ROJjC0-jXYHBNQs7hw,"https://en.wikipedia.org/wiki/Health, https://en.wikipedia.org/wiki/Lifestyle_(sociology)",eesti toit
UC6fzlVHdqHMsaxz4oFV4yUQ,GO-Ferries,"GO-Ferries is a Roblox Ferry- Company or Line, we are primarly based in Estonia (Eesti).",@go-ferriesrblx,3,771,17,False,2023-04-01T20:26:53.2004Z,,,,UU6fzlVHdqHMsaxz4oFV4yUQ,"https://en.wikipedia.org/wiki/Lifestyle_(sociology), https://en.wikipedia.org/wiki/Technology",eesti tech
UCN_1WrSSwCM3j8b1g_mPMLg,Eesti Filmi Instituut,,@eestifilmiinstituut8133,6,4575,13,False,2014-11-26T12:10:32Z,,,,UUN_1WrSSwCM3j8b1g_mPMLg,"https://en.wikipedia.org/wiki/Film, https://en.wikipedia.org/wiki/Entertainment",eesti meelelahutus
UCzvIqRJa9aHJomteyn7f2Yw,Narva Voice - новости и движ,"Narva Voice — независимый канал о позитивных событиях в Нарве. Мы публикуем городские новости, рассказываем о проектах, людях и инициативах, которые развивают и улучшают городскую среду. Редакция: Анна Чистоделова - журналист, музыкант. Вениамин Юхименко - блогер, ведущий. Николай Махов - блогер, оператор, режиссер видеомонтажа. Контакты для сотрудничества: narvavoice@gmail.com",@narvavoice,39,5154,19,False,2025-05-29T09:33:08.027437Z,EE,,,UUzvIqRJa9aHJomteyn7f2Yw,"https://en.wikipedia.org/wiki/Lifestyle_(sociology), https://en.wikipedia.org/wiki/Entertainment",narva
UCwupNWN6mLKp-xl1e_piNhA,Ajuvabadus Podcast,"Tere tulemast kuulama Ajuvabadus Podcasti! Siin räägime põnevatel ja elulistel teemadel ning jagame mitmekesist informatsiooni.  Saatejuhtid on Joonas Särplep ja co-host Juhani Särglep,  lisaks on saatesse oodata külalisi erinevatest eluvaldkondadest.",@ajuvabaduspodcast4464,475,46743,13,False,2019-10-16T21:33:37.569641Z,EE,,"podcast eesti eestipodcast podcasting eestlased estonia huvitav ajuvabadus ajuvaba ajuvabaduspodcast ajuvabaduseesti eestiajuvabadus joonas juhani Särglep särglep Joonas Juhani Juss ajuvabadusepodcast ajuvabaduse estonian estonianpodcast meelelahutus komöödia jutusaade ""eesti podcast"" ""estonia podcast"" ""estonian podcast"" ""ajuvabadus podcast"" ""ajuvabaduse podcast"" ""joonas särglep"" ""juhani särglep"" ""parim eesti podcast"" parim ""eesti parim podcast"" ""kuulatuim podcast"" ""youtube podcast"" youtube ""video creator"" ""youtube video creator"" channel video",UUwupNWN6mLKp-xl1e_piNhA,"https://en.wikipedia.org/wiki/Society, https://en.wikipedia.org/wiki/Lifestyle_(sociology)",eesti taskuhääling
UCovPQ0p17yS-rnQthdNofng,Starfish Academy Eesti,"Näitame sulle teekonda rahalise sõltumatuseni. Kuidas mõtlevad ja tegutsevad teisiti need, kellel on piisavalt raha oma parima elu elamiseks? Kuidas mõtlevad ja käituvad teisiti need, kes ei pea raha pärast päevagi tööl käima ja kelle varad loovad passiivset tulu ka siis, kui nad magavad?  Rahaline sõltumatus ei ole ainult unistus. See on distsiplineeritud ja järjepideva tegutsemise tulemus.",@starfishacademyeesti,372,28412,128,False,2016-02-22T07:08:15Z,EE,,,UUovPQ0p17yS-rnQthdNofng,"https://en.wikipedia.org/wiki/Society, https://en.wikipedia.org/wiki/Knowledge",eesti investeerimine
UC9agdLhsry31UpIW52Qaybw,Elusväli,,@elusvali-eesti-144,42,2481,9,False,2023-03-23T09:00:19.929915Z,,,,UU9agdLhsry31UpIW52Qaybw,"https://en.wikipedia.org/wiki/Lifestyle_(sociology), https://en.wikipedia.org/wiki/Food",kuidas teha
UCoS-Mw0k4RteSFfwcjANEeg,Eesti Käsipalliliit,,@esthandball,2130,901858,887,False,2014-05-29T11:44:47Z,EE,,käsipall,UUoS-Mw0k4RteSFfwcjANEeg,"https://en.wikipedia.org/wiki/Association_football, https://en.wikipedia.org/wiki/Sport, https://en.wikipedia.org/wiki/Volleyball",eesti
UCpum_OMWfxXLlK8Oaci7Gew,BMX Tallinn,,@bmxtallinnestonia,115,15787,18,False,2019-05-26T05:44:12Z,EE,,"""bmx racing"" bmx",UUpum_OMWfxXLlK8Oaci7Gew,"https://en.wikipedia.org/wiki/Sport, https://en.wikipedia.org/wiki/Lifestyle_(sociology)",tallinn
UCf-3lG8nf07fxWMwL7AYPQQ,Tallinn Cup Football Tournament,"The Tallinn Cup Youth Football Tournament official channel! July, Estonia!!",@tallinncup,101,153251,34,False,2016-07-21T20:26:21Z,EE,,"""youth football tournament"" ""youth tournament"" ""youth cup"" ""football cup"" ""youth soccer"" jalgpall ""eesti football"" ""tallinn cup"" ""international football cup"" ""jalgpalliturniir Tallinn Cup""",UUf-3lG8nf07fxWMwL7AYPQQ,"https://en.wikipedia.org/wiki/Association_football, https://en.wikipedia.org/wiki/Sport",tallinn
UCHuylMkJzhGo-zWRRrsTG4w,Tallinn Truck Show,"Tallinn Truck Show is the ultimate destination for all truck enthusiasts! Our YouTube channel features an array of videos showcasing the latest and greatest in trucking technology and design, as well as exciting coverage of the annual Tallinn Truck Show event. From custom builds to industry news and updates, our channel has something for every truck lover. Subscribe now and join the community of truckers and fans who love the power and beauty of these beasts on wheels.",@tallinntruckshow,373,193242,23,False,2019-10-20T10:52:44.486622Z,EE,,"""Tallinn Truck Show"" ""Truck Show"" Trucking ""Truck Event""",UUHuylMkJzhGo-zWRRrsTG4w,"https://en.wikipedia.org/wiki/Lifestyle_(sociology), https://en.wikipedia.org/wiki/Vehicle",tallinn
UCbsyoLvE52eqoVU5IS5IM-Q,Tribüün,Tribüüni tegemisi saab toetada siin: https://www.buymeacoffee.com/tribuun Jalgpalli kodu.,@jalkatribuun,1290,414283,426,False,2021-12-26T09:10:40.932983Z,EE,et,"jalgpall ""eesti jalgpall"" ""a le coq arena"" ""ivan špol"" ""mario tromp"" 4-4-2 ""jalgpalli podcast"" flora ""nõmme kalju"" levadia ""paide linnameeskond"" ""aivar pohlak"" ""kuno tehva"" sport ""12. mängija"" ""kes on parem"" ""sportland arena"" jalkatribuun",UUbsyoLvE52eqoVU5IS5IM-Q,"https://en.wikipedia.org/wiki/Sport, https://en.wikipedia.org/wiki/Association_football",eesti podcast
UC0mwo9M9JKFFDHT6liv6BzQ,Meelis Maran,köielkõndija,@meelismaran,33,36225,42,False,2011-08-08T20:23:38Z,,,,UU0mwo9M9JKFFDHT6liv6BzQ,"https://en.wikipedia.org/wiki/Music, https://en.wikipedia.org/wiki/Pop_music",võrumaa
UCnI9h0gS2pu4x5aXDhFXUew,Airi Liiva Lastelaulud - Topic,,,1890,2601564,70,False,2019-08-02T14:09:29Z,,,,UUnI9h0gS2pu4x5aXDhFXUew,https://en.wikipedia.org/wiki/Music,eesti korvpall
UC7bSs93C79O-dgDHcUHODqw,Vennaskond - Topic,,,1960,5116111,394,False,2013-12-20T20:16:55Z,,,,UU7bSs93C79O-dgDHcUHODqw,"https://en.wikipedia.org/wiki/Independent_music, https://en.wikipedia.org/wiki/Music, https://en.wikipedia.org/wiki/Rock_music",eesti teater
UC4qxrnHUT2IPwO-2f_spm5A,Pärnu Sõudeklubi,,@parnusoudeklubi9187,5,529,1,False,2016-05-26T20:24:57Z,,,,UU4qxrnHUT2IPwO-2f_spm5A,,pärnu
UCcH1hhBThvG-MjQlcSyRqJg,Kerli Dello,,@kerlidello4748,802,147524,48,False,2013-11-02T05:54:55Z,EE,,,UUcH1hhBThvG-MjQlcSyRqJg,"https://en.wikipedia.org/wiki/Lifestyle_(sociology), https://en.wikipedia.org/wiki/Hobby",kuidas teha
UCX82r-3olg4mV31BStFaYYg,iika eesti,,@iikaeesti8086,448,30720,30,False,2014-08-02T09:17:11Z,EE,,,UUX82r-3olg4mV31BStFaYYg,"https://en.wikipedia.org/wiki/Health, https://en.wikipedia.org/wiki/Lifestyle_(sociology)",eesti õppimine
UClYIDogaJVwshn6yEgmBwMg,Konservatiivne Motiskleja,,@konservatiivnemotiskleja,1260,349190,534,False,2023-05-07T06:34:57.770506Z,,,,UUlYIDogaJVwshn6yEgmBwMg,"https://en.wikipedia.org/wiki/Politics, https://en.wikipedia.org/wiki/Society",eesti uudised
UCCsDI4rEOA7RsSVLmGKQUJA,Karel Saarna,,@karelsaarna5743,38,24589,84,False,2011-09-30T05:24:06Z,,,,UUCsDI4rEOA7RsSVLmGKQUJA,"https://en.wikipedia.org/wiki/Volleyball, https://en.wikipedia.org/wiki/Lifestyle_(sociology), https://en.wikipedia.org/wiki/Sport",võrumaa
UC_chEwvF4t2HO-INLsuo0MQ,Kapten Grant,,@kaptengrant2022,3,1799,7,False,2013-04-12T11:14:33Z,,,,UU_chEwvF4t2HO-INLsuo0MQ,"https://en.wikipedia.org/wiki/Food, https://en.wikipedia.org/wiki/Lifestyle_(sociology)",eesti retseptid
UCkrccXBAAbWN9mwDu_6gXAA,Saaremaa Mölkky,,@saaremaamolkky9227,15,942,2,False,2020-02-26T07:43:46.530167Z,,,,UUkrccXBAAbWN9mwDu_6gXAA,https://en.wikipedia.org/wiki/Lifestyle_(sociology),saaremaa
UCU-yXIwHe_C3iSHyhjSTg9g,EESTI ESO,Uus episood igal teisipäeval!,@eestieso,8180,1142662,193,False,2023-01-11T13:15:54.482957Z,EE,,,UUU-yXIwHe_C3iSHyhjSTg9g,"https://en.wikipedia.org/wiki/Society, https://en.wikipedia.org/wiki/Knowledge",eesti
UCrQMhenDgz2i9VaLlm9oAHA,Narva linn,,@narvalinn-jf5py,10,1092,41,False,2023-03-07T07:40:36.791664Z,EE,,,UUrQMhenDgz2i9VaLlm9oAHA,"https://en.wikipedia.org/wiki/Knowledge, https://en.wikipedia.org/wiki/Society, https://en.wikipedia.org/wiki/Business",narva
UCwm12L_OHqo1jPlMRU7-Pjg,Eesti Vabariigi Rahandusministeerium,,@eestivabariigirahandusmini7205,85,23048,36,False,2013-06-27T13:37:03Z,,,,UUwm12L_OHqo1jPlMRU7-Pjg,"https://en.wikipedia.org/wiki/Knowledge, https://en.wikipedia.org/wiki/Society, https://en.wikipedia.org/wiki/Politics",eesti investeerimine
UC0MTqvuY0DrvLrAR9qawKFw,MEIE AJA LOOD,"Kajastame isemoodi ajalugu - lood, mida kooliõpikutest ja Wikipediast ei leia!",@meieajalood,6880,1354221,152,False,2012-05-20T20:17:06Z,EE,,"Eesti Ajalugu ""Tunne Eesti ajalugu"" Ajaloominutid Ajaloofilm ""Unustatud suurmehed"" Ärkamisaeg ""Eesti ajalugu"" Venemaa ""Venemaa ajalugu"" History ""Maailma ajalugu""",UU0MTqvuY0DrvLrAR9qawKFw,"https://en.wikipedia.org/wiki/Politics, https://en.wikipedia.org/wiki/Society, https://en.wikipedia.org/wiki/Knowledge",eesti ajalugu
UCqFZ9_LCUZRm11pKqozEYLA,Võrumaa Puuetega Inimeste Koda,Võrumaa Puuetege Inimeste Koja Videokanal toimunud üritustest.,@vorukoda,20,8344,96,False,2016-03-14T14:44:20Z,EE,,Võrumaa Puuetega Inimeste Koda,UUqFZ9_LCUZRm11pKqozEYLA,"https://en.wikipedia.org/wiki/Lifestyle_(sociology), https://en.wikipedia.org/wiki/Music",võrumaa
UCz6KDnMrZ9fUFo7POE5CVLA,Lastegametsas,"Meile meeldib metsas. Oma iga vaba hetke veedame pigem looduses, kui diivanil. Nüüd aga on lisandunud võrrandisse üks variatsioon - pisike laps. Testime, õpime ja vaatame kuidas lapsega mõnusasti kämpaplatsil ja metsaradadel aega veeta. Tule ka! :)",@lastegametsas,121,5310,8,False,2020-06-21T15:18:00.656509Z,EE,,lastega metsas kämping telkimine matk matkamine lapsed tegevus aktiivsus telkimine telk,UUz6KDnMrZ9fUFo7POE5CVLA,"https://en.wikipedia.org/wiki/Tourism, https://en.wikipedia.org/wiki/Lifestyle_(sociology), https://en.wikipedia.org/wiki/Hobby",vaatame
UCnnmVGoXOT_JmXobuD2sFLg,Car Patrol in Car City - Eestlane,"Õnnelikult koos. Järgi alati abivalmis puksiirauto Tom-i seikluseid ning seda, kuidas ta aitab oma sõpru politseiauto Mat-i, tuletõrjeautot Franck-i ja kartmatuid detektiive, kiireimat rongi Troy-d ja superauto Carl-i ning paljusid teisi põnevaid seikluseid.",@carcitycartoons_estonian,11600,14978671,313,False,2017-05-11T15:44:24Z,EE,,,UUnnmVGoXOT_JmXobuD2sFLg,"https://en.wikipedia.org/wiki/Television_program, https://en.wikipedia.org/wiki/Film, https://en.wikipedia.org/wiki/Entertainment",eesti meelelahutus
UCzsUWo6yozsjPOrc5xoyfIQ,Tumedad Tunnid Podcast,"Tumedad Tunnid Podcast on järjejutu- ja kuuldemängusaade, milles jutustame eesti- ja välismaiste tippkirjanike põnevus-, õudus- ja ulmejutte. Lisame neile heliefektid ja muusika. Kokku saab film, millele pilt tuleb ise juurde mõelda.  Kuula meid www.tumedadtunnid.ee Jälgi meid Facebookis ja Instagramis",@tumedadtunnidpodcast6704,313,60960,77,False,2019-05-05T12:01:13Z,EE,,,UUzsUWo6yozsjPOrc5xoyfIQ,https://en.wikipedia.org/wiki/Music,eesti taskuhääling
UCW1bCBveSXDrBlqch619PlA,GPS Eesti OÜ,GPS Eesti OÜ www.garmineesti.ee,@gpseestiou2025,14,16094,36,False,2015-11-02T11:41:00Z,EE,,Garmin Eesti GPS EESTI OÜ,UUW1bCBveSXDrBlqch619PlA,"https://en.wikipedia.org/wiki/Lifestyle_(sociology), https://en.wikipedia.org/wiki/Technology",eesti tech
UCc2NQqglH_OIR2vKGhnXoYg,Kalevipoeg Vlog,,@kalevipoeg_vlog,23,4209,7,False,2025-06-11T20:37:25.355563Z,,,,UUc2NQqglH_OIR2vKGhnXoYg,https://en.wikipedia.org/wiki/Lifestyle_(sociology),eesti vlog
UCw0xt_AvC_d3OSYVMWUavbQ,Eesti Välissuhete Nõukoda,,@eestivalissuhetenoukoda,271,20141,9,False,2023-05-23T10:57:09.699046Z,,,,UUw0xt_AvC_d3OSYVMWUavbQ,"https://en.wikipedia.org/wiki/Politics, https://en.wikipedia.org/wiki/Society",eesti poliitika
UCZs4ujH01AUIR9a6lhXhLTg,Hundijutud – Tales of the Wolf,"🎙 Hundijutud – lood teadusest ja loodusest Tere tulemast Hundijuttude kanalile – siin räägime ausalt, põnevalt ja süvitsi Eesti looduse võludest ja valudest. Fookuses on kiskjad nagu hundid, karud ja ilvesed, aga jutt viib ka soodesse, metsadesse ja öötaevasse. Podcasti ja kanali eestvedaja on Eleri Lopp, loodushoidja, suurkiskjate uurija ja tundliku pilguga looduse jutustaja. Saated põimivad teaduslikku analüüsi ja tunnetuslikku vaadet, tuues kuulajani nii ekspertide teadmised kui elulised lo",@hundijutudtalesofthewolf,11,2068,2,False,2025-06-11T11:10:51.554368Z,,et,,UUZs4ujH01AUIR9a6lhXhLTg,,eesti loodus
UCAeCVO7PcuU4wEt7VRd4GQw,Ülle Kreos,,@ullekreos185,2,688,14,False,2016-10-03T12:41:42Z,,,,UUAeCVO7PcuU4wEt7VRd4GQw,"https://en.wikipedia.org/wiki/Tourism, https://en.wikipedia.org/wiki/Lifestyle_(sociology), https://en.wikipedia.org/wiki/Hobby",eesti kunst
UCWW77aRnsZ_EyOpb1-m1XUA,Eesti Muusika,,@eestimuusika6054,144,188149,1,False,2012-03-19T15:19:11Z,,,,UUWW77aRnsZ_EyOpb1-m1XUA,,eesti muusika
UCzn3mKJ_bwdovUKbmYw8EQg,Põhja-Eesti kohalik toit,"Väärtustame, tutvustame ja arendame kohalikku toitu. Tegutseme sõbraliku ja aktiivse koostöövõrgustikuna.",@pohja-eestikohaliktoit4694,18,43410,30,False,2020-05-04T11:25:34.95687Z,,,,UUzn3mKJ_bwdovUKbmYw8EQg,"https://en.wikipedia.org/wiki/Lifestyle_(sociology), https://en.wikipedia.org/wiki/Food",eesti toit
UCjD4gJoBbgoIC9DOp2erpLg,PallyMagnet_J.A,,@pallymagnet_j.a2557,12,1655,10,False,2014-04-12T09:56:47Z,,,,UUjD4gJoBbgoIC9DOp2erpLg,"https://en.wikipedia.org/wiki/Action-adventure_game, https://en.wikipedia.org/wiki/Video_game_culture, https://en.wikipedia.org/wiki/Role-playing_video_game",vaatame
UC5qhXZny-0NbJ7X0eFDK_CQ,Hiiumaa Motoharidus,,@hiiumaamotoharidus4400,13,825,1,False,2022-02-18T13:13:01.941408Z,,,,UU5qhXZny-0NbJ7X0eFDK_CQ,,hiiumaa
UC_Ouq1VjgpFvXiloDrop1Tw,Admirals Estonia,"Tere tulemast meie YouTube'i kanalile! Oleme Admirals. Admirals on ülemaailmne finantskeskus, mis pakub finantsvabaduse saavutamiseks mitmeid tooteid ja teenuseid. Sellelt YouTube'i kanalilt leiab videoid ja õpetusi, mis tutuvustavad erinevaid võimalusi oma finantside haldamiseks.  • Reaalajas kauplemine • Veebiseminarid kauplemisstrateegiate kohta • Õpetused ja juhised • Toodete uuendused, näiteks Admirals Card ja Social Trading 🟥 Telli meie kanal! CFD-d on keerulised instrumendid ja neil",@admiralsestonia,816,54969,199,False,2015-06-04T14:36:16Z,EE,,"Forex Trading CFD ""Stock Markets"" ""Spread Betting"" ""Financial Markets""",UU_Ouq1VjgpFvXiloDrop1Tw,https://en.wikipedia.org/wiki/Knowledge,eesti investeerimine
UChxNxhnLv45Ig22POwaHXYQ,Tallinn City,"Welcome to the capital on Estonia! Explore the enchanting beauty and rich history of Tallinn with us! Capturing the charm of Tallinn's historic streets and breathtaking panoramas, our channel showcases the city's rich heritage and stunning landscapes. Subscribe now for your passport to Tallinn's wonders!",@tallinncityonline,187,53511,167,False,2023-09-14T17:13:43.743404Z,EE,,"tallinn ""tallinn old town"" ""the capital of estonia"" estonia ""estonian republic"" ""old tallinn"" ""old town"" unesco ""unesco world heritage"" sightseeing ""baltic states"" baltics ""medieval city"" ""tallinn city"" ""medieval town"" medieval ""northern europe"" travel traveling travelling journey ""medieval architecture"" trip holidays holiday est tln ""tallinn city online"" ""i love tallinn"" vanalinn ""vana tallinn"" таллинн эстония ""эстонская республика"" прибалтика cobbled ""cobble stone"" ""my tallinn"" panorama",UUhxNxhnLv45Ig22POwaHXYQ,"https://en.wikipedia.org/wiki/Lifestyle_(sociology), https://en.wikipedia.org/wiki/Tourism",tallinn
UCiQcuEdI-XK72JkYQ1YtZoQ,Epicbet Eesti,Epic mängukogemus ja kõrgel tasemel meelelahutus.,@epicbeteesti,25,1356,20,False,2024-10-23T10:51:58.140114Z,EE,,"Epic epicbet sport ""eepiline spordielamus""",UUiQcuEdI-XK72JkYQ1YtZoQ,"https://en.wikipedia.org/wiki/Sport, https://en.wikipedia.org/wiki/Basketball",eesti sport
UCuPQL5XYIyaKwF84K-l4yZA,Filmimaailm,Imelise maailma parimad palad,@filmimaailm4415,35,32679,10,False,2015-07-24T11:49:32Z,EE,,,UUuPQL5XYIyaKwF84K-l4yZA,"https://en.wikipedia.org/wiki/Entertainment, https://en.wikipedia.org/wiki/Film",eesti meelelahutus
UCpQ4_j_NEpZpoxItCasns2A,Eesti Geoloogiateenistus,,@geoloogiateenistus,331,30901,60,False,2018-10-24T05:06:33Z,EE,,,UUpQ4_j_NEpZpoxItCasns2A,"https://en.wikipedia.org/wiki/Knowledge, https://en.wikipedia.org/wiki/Society",eesti ajalugu
UCzo8bepQxJKDGm4zdbr1Crg,Terminaator - Topic,,,3590,9121559,116,False,2018-09-14T03:50:28Z,,,,UUzo8bepQxJKDGm4zdbr1Crg,"https://en.wikipedia.org/wiki/Independent_music, https://en.wikipedia.org/wiki/Rock_music, https://en.wikipedia.org/wiki/Music, https://en.wikipedia.org/wiki/Pop_music",eesti laulud
UCWRX36JX9Qxa-PUryQLXQdg,Lidl Eesti,"Tere tulemast Lidl Eesti kanalile! 🤗 Telli meie teavitused, et saada üllatavaid kokkamisnippe ja kergeid retsepte ning teha tutvust Lidli tublide tarbekaupadega! 👀 Jagame ka palju muid põnevaid sündmusi ja pakkumisi. 😉 Jälgi meid sotsiaalmeedias: IG: instagram.com/lidleesti FB: facebook.com/lidleesti Parimad pakkumised leiad Lidli kodulehelt 👇 lidl.ee/et Privaatsuspoliitika:  https://www.lidl.ee/c/et-EE/privaatsuspoliitika/s10022272 https://www.lidl.ee/c/et-EE/sotsiaalmeedia-privaatsuspoliiti",@lidleesti,6700,5613128,269,False,2021-06-03T09:36:53.342277Z,EE,,"""cooking tips"" ""recipe ideas"" ""kitchen hacks"" ""easy recipes"" ""lidl eesti"" ""cooking tutorials"" ""delicious dishes"" ""lidl kitchen"" ""food preparation"" ""lidl employees"" ""Cooking Challenges"" ""Kitchen Essentials"" ""Lidl Careers"" ""Kitchen Appliances"" ""how to"" ""tips and tricks"" ""how to fix"" ""how-to tutorials"" ""DIY Projects""",UUWRX36JX9Qxa-PUryQLXQdg,"https://en.wikipedia.org/wiki/Lifestyle_(sociology), https://en.wikipedia.org/wiki/Food",eesti
UCgKRTDZjlzdrNkUCtyClVJQ,Kriptomat Eesti,,@kriptomateesti,3000,26177,24,False,2025-03-04T12:04:57.957843Z,EE,,,UUgKRTDZjlzdrNkUCtyClVJQ,"https://en.wikipedia.org/wiki/Knowledge, https://en.wikipedia.org/wiki/Society",eesti investeerimine
UCheexsIWM0Lb0-IYrR4OuOg,Saaremaa Toidufestival,,@saaremaatoidufestival7982,2,2687,9,False,2016-09-03T11:14:20Z,,,,UUheexsIWM0Lb0-IYrR4OuOg,"https://en.wikipedia.org/wiki/Tourism, https://en.wikipedia.org/wiki/Lifestyle_(sociology), https://en.wikipedia.org/wiki/Food",saaremaa
UCPFOmFVeSWQDbC7E2KZeh-Q,OhoTV Eesti,Iga hetk on otseülekannet väärt. Oho.ee on otseülekannete kodu.,@ohotveesti,636,139342,251,False,2019-09-18T08:30:34Z,,,,UUPFOmFVeSWQDbC7E2KZeh-Q,"https://en.wikipedia.org/wiki/Ice_hockey, https://en.wikipedia.org/wiki/Sport, https://en.wikipedia.org/wiki/Association_football",eesti sport
UCtuGYaHVqOcf5fDn_oYrL-A,Eesti Noorsooteatri raamaturiiul,"Siit leiad igas vanuses noortele ja nooruslikele raamatusoovitusi, mida jagavad oma kogemuse ja lugemuse põhjal Eesti Noorsooteatri ja Eesti Lastekirjanduse Keskuse inimesed.",@eestinoorsooteatriraamatur3478,72,15919,31,False,2020-03-19T11:49:59.45191Z,EE,,,UUtuGYaHVqOcf5fDn_oYrL-A,"https://en.wikipedia.org/wiki/Music, https://en.wikipedia.org/wiki/Lifestyle_(sociology), https://en.wikipedia.org/wiki/Society",eesti youtuber
UC2aZXPxK7y5dAaVb8sm4b_A,Brita Ja Kelli,"Tere, me oleme Brita ja Kelli ja hakkame siia tegema lühifilme.",@britajakelli448,9,604,6,False,2016-10-05T13:07:14Z,,,,UU2aZXPxK7y5dAaVb8sm4b_A,https://en.wikipedia.org/wiki/Lifestyle_(sociology),eesti kunst
UCE2hjIYtdG1wCg8fkzzFktQ,Fobez,Just three Estonian boys who search fun own life!😉 https://www.facebook.com/crazycruiserT/,@tarviolen11,75,20163,16,False,2012-01-01T15:24:32Z,,,,UUE2hjIYtdG1wCg8fkzzFktQ,"https://en.wikipedia.org/wiki/Motorsport, https://en.wikipedia.org/wiki/Lifestyle_(sociology), https://en.wikipedia.org/wiki/Vehicle",võrumaa
UCAVos6YLEYdc2_pyQl1FT0A,Ardo Asperk,"Stand-up koomik, Õ-listi kuulsus, Huumoriklubi liige Eraesinemistega seotud päringud saatke info@huumoriklubi.ee",@ardoasperk,3270,763344,44,False,2012-10-08T15:32:13Z,EE,,stand-up,UUAVos6YLEYdc2_pyQl1FT0A,"https://en.wikipedia.org/wiki/Entertainment, https://en.wikipedia.org/wiki/Humour, https://en.wikipedia.org/wiki/Film",eesti komöödia
UCznkW4wpw_OcOcGQq3CYemg,Pärnu Linnaorkester,,@parnulinnaorkester6328,9,1200,13,False,2014-05-27T12:47:18Z,,,,UUznkW4wpw_OcOcGQq3CYemg,"https://en.wikipedia.org/wiki/Classical_music, https://en.wikipedia.org/wiki/Music, https://en.wikipedia.org/wiki/Lifestyle_(sociology)",pärnu
UCNIlhunp09YE-qdy8xTrsFw,Fortnite hälvarid,,@fortnitehalvarid,14,2396,3,False,2023-12-04T08:38:02.543966Z,,,,UUNIlhunp09YE-qdy8xTrsFw,https://en.wikipedia.org/wiki/Entertainment,eesti gaming
UCPuYrIXpgAzKssBFxMaE4Qw,Käsipalliklubi HC Tallinn,Käsipalliklubi HC Tallinn ametlik YouTube'i kanal.,@hctallinn,259,126430,180,False,2013-01-16T11:16:29Z,EE,,,UUPuYrIXpgAzKssBFxMaE4Qw,"https://en.wikipedia.org/wiki/Lifestyle_(sociology), https://en.wikipedia.org/wiki/Basketball, https://en.wikipedia.org/wiki/Sport, https://en.wikipedia.org/wiki/Association_football",tallinn
UCw8wdYrQcit2Aqj79ZZefww,Visit Estonia,"We're the official international Youtube page for visitestonia.com, bringing you travel ideas, offers, attractions & events, competitions, fun facts and more from Estonia! Travel. Holiday. Tourism. Medieval charm, northern quality, western mindset. Facebook: http://www.facebook.com/visitestonia Twitter: https://twitter.com/visitestonia @visitestonia Instagram: @visitestonia #visitestonia Pinterest: http://pinterest.com/visitestonia/ #visitestonia Linkedin: https://www.linkedin.com/company/visit",@visitestoniaofficial,5590,7332346,542,False,2007-11-24T13:41:52Z,EE,,"Tourism Travel Holiday Vacation Estonia Tallinn „travel ideas „visit „trip to „nature tourism Citybreak Pärnu Tartu Kuressaare Saaremaa Jazz Opera baltic baltics ""northern europe"" ""baltic states""",UUw8wdYrQcit2Aqj79ZZefww,"https://en.wikipedia.org/wiki/Lifestyle_(sociology), https://en.wikipedia.org/wiki/Tourism",eesti reis
UCWnsteb2ZiJjyr-LCQicl5Q,TalTech Tartu Kolledž,,@taltechtartukolledz4373,22,6102,21,False,2013-10-14T18:26:04Z,,,,UUWnsteb2ZiJjyr-LCQicl5Q,"https://en.wikipedia.org/wiki/Lifestyle_(sociology), https://en.wikipedia.org/wiki/Knowledge, https://en.wikipedia.org/wiki/Technology",tartu
UC9TczXEoh0AHo_-RePVGGHQ,Mängime mänge,"Teretulemast ""Mängime mänge"" YouTube Channelile! Kanalilt leiate videosid erinevatest mängudest, ning programmidest...  Ära unusta panna ka meile SUBSCRIE :)  Meie Facebook lehekülg - https://www.facebook.com/M%C3%A4ngime-m%C3%A4nge-734153980017231/?fref=ts",@mangimemange6123,31,2212,6,False,2016-01-09T11:57:36Z,,,,UU9TczXEoh0AHo_-RePVGGHQ,"https://en.wikipedia.org/wiki/Action-adventure_game, https://en.wikipedia.org/wiki/Video_game_culture, https://en.wikipedia.org/wiki/Role-playing_video_game, https://en.wikipedia.org/wiki/Action_game",mängime
UCc6fORLC0OfDVM9G7TZjOXw,Est Chilli,"Brawl starsi eestikeelne kanal, lihtsalt gameplay ja ka õpetused ning uudised.",@estchilli4961,16,711,3,False,2020-03-11T08:27:45.352878Z,,,,UUc6fORLC0OfDVM9G7TZjOXw,"https://en.wikipedia.org/wiki/Action_game, https://en.wikipedia.org/wiki/Video_game_culture, https://en.wikipedia.org/wiki/Action-adventure_game",eesti uudised
UCCM-UdjHIQaYE3odQkGIHJQ,Võlusopi Muinasjutud,"Võlusopi Muinasjutud Tere tulemast Võlusopi Muinasjutud kanalile! Siit saavad alguse põnevad ja rahustavad muinasjutud lastele ja täiskasvanutele, mis viivad kuulajad ühisele teekonnale täis avastusi, mängu ja õppimist. Kuula meie kanalil eestikeelseid unejutte, rahulikke audio muinasjutte ja looduse inspireeritud lugusid, mis toetavad laste arengut ja õpetavad väärtusi, nagu emotsionaalne intelligentsus, loovus, sõprus ja rahatarkus. Iga lugu pakub rahulikku kuulamishetke, fantaasiarikast seik",@volusopi,7,569,6,False,2025-07-17T12:20:44.08778Z,EE,et,,UUCM-UdjHIQaYE3odQkGIHJQ,"https://en.wikipedia.org/wiki/Music, https://en.wikipedia.org/wiki/Entertainment, https://en.wikipedia.org/wiki/Film",eesti kunst
UCQDcB4CrJKYjXQVRiYKxfQQ,Focus On Estonia,We love our homeland and aim to show it's best hidden and postcard places from unusual angle of drone camera.,@focusonestonia,47,12284,44,False,2023-12-23T19:01:25.679424Z,EE,en,,UUQDcB4CrJKYjXQVRiYKxfQQ,"https://en.wikipedia.org/wiki/Lifestyle_(sociology), https://en.wikipedia.org/wiki/Tourism, https://en.wikipedia.org/wiki/Hobby",eesti loodus
UCaTONGJQK9No9MTh1h5E-Rg,leiutajafactor,leiutamine ja kuidas teha-d,@leiutajafactor,40,23438,13,False,2011-10-03T17:07:39Z,,,leiutamine factor kuidas teha lahe suurepärane,UUaTONGJQK9No9MTh1h5E-Rg,"https://en.wikipedia.org/wiki/Hobby, https://en.wikipedia.org/wiki/Lifestyle_(sociology), https://en.wikipedia.org/wiki/Technology",kuidas teha
UCwwRPt3HM8nmzKP474JsH1A,Johannakejärveke,Johannakejärveke,@johannakejarveke6518,15,2319,40,False,2021-11-19T19:53:55.688907Z,,,,UUwwRPt3HM8nmzKP474JsH1A,"https://en.wikipedia.org/wiki/Lifestyle_(sociology), https://en.wikipedia.org/wiki/Hobby",proovime
UCuqskJ9b6oYYXZeCfZcsE7g,Fopaa!,,@fopaa7180,1230,538997,16,False,2014-04-25T12:16:20Z,,,,UUuqskJ9b6oYYXZeCfZcsE7g,"https://en.wikipedia.org/wiki/Entertainment, https://en.wikipedia.org/wiki/Performing_arts, https://en.wikipedia.org/wiki/Humour, https://en.wikipedia.org/wiki/Music, https://en.wikipedia.org/wiki/Film",eesti komöödia
UCaQF8wfSQnFfequIoimMUwA,Beach44,,@beach44,208,22660,32,False,2023-02-01T10:17:39.605947Z,,,,UUaQF8wfSQnFfequIoimMUwA,"https://en.wikipedia.org/wiki/Sport, https://en.wikipedia.org/wiki/Volleyball",eesti taskuhääling
UCwyXZWe_qNT5InawFFUxmkw,Tartu Rahvaülikool,"Tartu Rahvaülikooli on oodatud kõik täiskasvanud, kel soov õppida midagi uut või end täiendada. See on täienduskoolitusasutus, mis pakub kultuuriteadlikkust, enesearendust ja loovust soodustavat õpikeskkonda professionaalseks ja isiksuslikuks arenguks.",@tarturahvaylikool,121,53297,58,False,2010-10-07T08:13:17Z,EE,,"""liberal Adult education"" vabaharidus rahvaülikool ""folk high school"" täiskasvanuharidus täienduskoolitus",UUwyXZWe_qNT5InawFFUxmkw,"https://en.wikipedia.org/wiki/Hobby, https://en.wikipedia.org/wiki/Lifestyle_(sociology), https://en.wikipedia.org/wiki/Knowledge",tartu
UCfUtNXIp1i1vhOlOz_A_jvQ,"EMPOWERMENT - MORE MONEY, MORE TIME, MORE FUN","Empowering tomorrow’s champions of change! GET BIG FAST is most efective training programm for leadership team’s who want to be champions of tomorrow’s changes. We help build your company X-Factor as the 10-100x competitive advantage that organizations gain by solving an industry bottleneck or revolutionizing the marketplace with a new way to create customer value or conduct business.  GET BIG FAST is an integrated programme that upgrades individual, team and organizational capability in this wa",@empoweringtomorrowschampio8071,149,13629,43,False,2022-01-07T17:40:57.471259Z,EE,,"äriarendus ""agile mindset"" ""team building"" empowerment juhtimine ""eesmärkide saavutamine"" eesmärgid juhtimismetoodika innovatsioon ""get big faster"" meeskond ""meeskonna loomine"" ""meeskonna juhtimine"" ""meeskonna ehitamine"" ""kiirem eesmärkide saavutamine"" tulemuslikkus ""õiged inimesed õigetes rollides"" pühendumus ""agiilne juhtimine"" Framm ""Holm Bank"" Pipelife Icefire Tuum ""Harju Elekter"" Admirals Timbeco Kodumaja Oixio Smartecon",UUfUtNXIp1i1vhOlOz_A_jvQ,"https://en.wikipedia.org/wiki/Knowledge, https://en.wikipedia.org/wiki/Society, https://en.wikipedia.org/wiki/Business",eesti äri
UCiHlVaMDNXQHfo34T2wOj5Q,Konstellatsioonidest Professionaalselt,"Eesti Professionaalsete Konstellööride Assotsiatsiooni (edaspidi EPKA) podcastide sarjas ""Konstellatsioonidest Professionaalselt""  toimuvad põnevad arutelud ja vestlused väga olulisel teemal - mis on  professionaalsed konstellatsioonid.  Saates kuuleme nii EPKA juhatuse liikmeid kui ka erinevaid sertifitseeritud konstellööre arutlemas konstellatsioonist kui meetodist, filosoofiast ja terapeutilisest lähenemisest. Podcast on loodud tähistamaks meie assotsiatsiooni 5.ndat juubeliaastat.",@epkaest,188,11153,10,False,2023-04-11T11:47:02.286504Z,,,,UUiHlVaMDNXQHfo34T2wOj5Q,"https://en.wikipedia.org/wiki/Lifestyle_(sociology), https://en.wikipedia.org/wiki/Health",eesti äri
UCyt3Og1qgpnmUUOF3yEGfDw,Õllesõbrad,Ahhoi Õllesõbrad siinpool! Avastame maad proovime erinevaid asju ja teeme lihtsalt pulli. Olge hoitud!,@ollesobrad,91,5793,5,False,2024-08-31T13:15:51.515587Z,EE,,,UUyt3Og1qgpnmUUOF3yEGfDw,https://en.wikipedia.org/wiki/Lifestyle_(sociology),proovime
UCsqFkeUxzWf6zjZcOFqFYBA,Eda Hübner,"Eesti on tuntud oma kauni, puutumatu looduse, aga ka rikka kultuuri poolest. Sellele kanalile laen ma üles videoid, mis on vaid  Eestiga seotud. Minu teiseks keeleks on saksa keel.  Jään rõõõmuga ootama Teie kommentaare ning positiivset tähelepanu. Estland ist meine Heimat. Über 20 Jahre im Ausland haben mich bereichert, doch meine Wurzeln sind immer noch hier. In diesem wunderschönen, rauen und felsigen Land hatten es weder Natur noch Mensch leicht, wenn man sich an unsere Geschichte erinner",@eda-huebner,16,2709,13,False,2013-02-01T09:09:48Z,EE,et,"#wandern #Naturschutzgebiete #Estland #Moore Tageswandern ""#unberührte Natur"" ""Schönste Insel in Estland""",UUsqFkeUxzWf6zjZcOFqFYBA,"https://en.wikipedia.org/wiki/Hobby, https://en.wikipedia.org/wiki/Lifestyle_(sociology), https://en.wikipedia.org/wiki/Tourism",eesti loodus
UCFhGLyxbgJzpiWkfHU-8m5w,Saaremaa vald,Saaremaa vallavalitsuse ametlik sotsiaalmeedia kanal.,@saaremaavald,211,67683,166,False,2018-02-22T13:18:05Z,EE,,,UUFhGLyxbgJzpiWkfHU-8m5w,"https://en.wikipedia.org/wiki/Politics, https://en.wikipedia.org/wiki/Society",saaremaa
UChVPhHcXmsyfyR61NxUz-fQ,Beebilõust - Topic,,,1760,2496824,46,False,2019-09-12T11:19:18Z,,,,UUhVPhHcXmsyfyR61NxUz-fQ,"https://en.wikipedia.org/wiki/Music, https://en.wikipedia.org/wiki/Hip_hop_music",eesti laulud
UCdMoMkVL1LiCc1K3EyT2ayw,Financer.com Eesti,"Laenud, investeerimine, rahanõuanded - Financer.com on sinu teejuht keerulises rahamaailmas. Aitame sul leida kõige soodsamad autolaenud, hüpoteeklaenud või kodulaenud ning anname kuhjaga mõtteid selle osas, kuidas teha kodust eelarvet või kasvatada oma sissetulekut. Rahaasjad ei pea olema keerulised. Financer.com on siin selleks, et aidata sul saada edukamaks! Sa võid saada rikkaks ja edukaks ning meie oleme siin selleks, et sind aidata. Tule ja hakka meie abil oma raha paremini haldama: http",@financer.comeesti5072,2,1151,2,False,2017-11-10T22:25:40Z,EE,,"laenud investeerimine raha palk maksud säästmine võlad ""raha haldamine"" eelarve ""raha teenimine""",UUdMoMkVL1LiCc1K3EyT2ayw,https://en.wikipedia.org/wiki/Knowledge,eesti investeerimine
UC6bQLSnG2gQigzbXKAjpY2g,TÜ Rahvakunstiansambel,"Folk Dance Ensemble of Tartu University, Estonia Contact: ansambel@ut.ee Post address: Kalevi 24, Tartu, Estonia Artistic director: Aveli Asber, aveliasber@gmail.com",@rahvakunstiansambel,166,110332,27,False,2011-12-23T16:04:55Z,,,"""TÜ RKA"" rahvatants ""Estonian folk dance"" ""Folk Dance Ensemble"" ""Tartu University""",UU6bQLSnG2gQigzbXKAjpY2g,"https://en.wikipedia.org/wiki/Performing_arts, https://en.wikipedia.org/wiki/Music, https://en.wikipedia.org/wiki/Lifestyle_(sociology), https://en.wikipedia.org/wiki/Entertainment",tartu
UCE1kIh3bIvcdUlBngVvknhA,Tanel Rentik,"Siin kanalil saad näha videoid, mis aitavad sind trennialaselt. Muidugi teen videoid ka enda elust ja väljakutsetest, mida sina mulle esitad. Videoid panen üles korra nädalas neljapäeval",@tanelrentik9624,11300,2485323,310,False,2012-08-27T00:27:42Z,EE,,,UUE1kIh3bIvcdUlBngVvknhA,https://en.wikipedia.org/wiki/Lifestyle_(sociology),kuidas teha
UCNtZnReKWi70nxxq_f2I8zw,Katrin Männimets,"Kuna koolid on karantiini ajal ajutiselt suletud, siis siia tulevad eesti keele tunnid ja uute teemade seletused.",@katrinmannimets2576,505,17817,15,False,2020-03-16T06:47:15.023921Z,,,,UUNtZnReKWi70nxxq_f2I8zw,"https://en.wikipedia.org/wiki/Lifestyle_(sociology), https://en.wikipedia.org/wiki/Knowledge",eesti õppimine
UC3yTzom7y-_xfbxrLCgJ2Ag,Santa Maria Eesti,"Santa Maria aitab valmistada kerge vaevaga suurepäraseid sööke. Pühendume sellele, et saaksite avastada põnevaid retsepte ja lõputuid maitseainete kombinatsioone igast maailma nurgast ka siis, kui aega napib.",@santamariaeesti9367,242,4311580,116,False,2016-01-04T10:20:47Z,,,"Spices ""Tex Mex"" Asia India BBQ",UU3yTzom7y-_xfbxrLCgJ2Ag,"https://en.wikipedia.org/wiki/Food, https://en.wikipedia.org/wiki/Lifestyle_(sociology)",eesti toit
UClVc_qq_uff9xu73Nopjjxw,eAgronom Eesti,"Loome teenuseid ja hüvesid jätkusuutlikult majandavatele põllumeestele. eAgronom aitab teenida lisatulu, parandada muldade kvaliteeti ning jõuda paremate finantsteenuste tingimusteni.",@eagronomeesti,175,22422,63,False,2016-11-28T13:10:38Z,EE,,,UUlVc_qq_uff9xu73Nopjjxw,https://en.wikipedia.org/wiki/Knowledge,eesti õppimine
UCfOx9MGLElvNGOzsKxZ5f9g,SA Innove,"Alates 01.08.2020 on SA Innove liidetud Haridus- ja Noorteametiga. Käesolevat kanalit enam ei uuendata. Jälgi Haridus- ja Noorteameti kanalit: https://www.youtube.com/channel/UCUUeShUk-xJiBMM6kOuj4tg Sihtasutus Innove edendab üld- ja kutsehariduse valdkonda, pakub üle-eestilise Rajaleidja võrgustiku kaudu õppenõustamisteenuseid ning vahendab Euroopa Liidu toetusi. Innove tegutseb Haridus- ja Teadusministeeriumi haldusalas. _______________________________________________________________________",@sainnove,2640,1910540,453,False,2009-02-20T10:43:44Z,EE,,,UUfOx9MGLElvNGOzsKxZ5f9g,"https://en.wikipedia.org/wiki/Health, https://en.wikipedia.org/wiki/Knowledge, https://en.wikipedia.org/wiki/Lifestyle_(sociology)",eesti haridus
UCXkrQf_DhNeMnqm1KOuUhbg,LIFEOFMAARJA,"Hei kallid sõbrad!  Minu nimi on Maarja. Olen siin täielik algaja, kuid teen asja hingega. Jagan siin teiega oma elu imelisi ja mitte nii imelisi hetki. Videote tegemine on minu suur hobi ja olen õnnelik, et enda jaoks selle leidsin. Elu on alles veider ma ütlen teile! ✨ Vaata mind ka instagramis: maarjauritam 📩Koostööpakkumised võib saata maarjauritam@gmail.com  Kallid! 💛",@lifeofmaarja,1590,289474,161,False,2011-10-13T10:11:46Z,EE,,,UUXkrQf_DhNeMnqm1KOuUhbg,https://en.wikipedia.org/wiki/Lifestyle_(sociology),minu elu
UCy7gCphmWrFwMF9NUHt7P-A,Martin Lapin,ML Treening jõusaali asutaja.,@mltreening,25400,2849417,70,False,2016-01-28T20:40:34Z,EE,,,UUy7gCphmWrFwMF9NUHt7P-A,"https://en.wikipedia.org/wiki/Physical_fitness, https://en.wikipedia.org/wiki/Lifestyle_(sociology), https://en.wikipedia.org/wiki/Health",eesti laulud
UCRWT-mj79VxeXV0TUnhOtFw,VARGAMAEANDRES,Poliitiline kanal 🇪🇪,@vargamaeandres,2,1252,8,False,2024-03-05T18:16:17.021564Z,,,,UURWT-mj79VxeXV0TUnhOtFw,"https://en.wikipedia.org/wiki/Society, https://en.wikipedia.org/wiki/Politics",eesti sketš
UCKeozRPnII4656kqf1Zj5Rw,Muumioru Lood,Muumid Eesti keeles,@muumiorulood,976,400266,78,False,2024-02-18T22:10:20.760217Z,,,,UUKeozRPnII4656kqf1Zj5Rw,"https://en.wikipedia.org/wiki/Entertainment, https://en.wikipedia.org/wiki/Television_program, https://en.wikipedia.org/wiki/Film",eesti meelelahutus
UCQPYUWfb4w--TzelMWLSRyg,rahvamuusik,,@rahvamuusik,176,139748,33,False,2007-12-31T16:14:06Z,,,Lõõtspillipoisid Enrik Visla Jaagup Kippar Ain Lindvest lõõtspill rahvalik folk estonian traditional,UUQPYUWfb4w--TzelMWLSRyg,https://en.wikipedia.org/wiki/Music,eesti rahvamuusika
UCIEW8gK2N_zs78aLfH7dH8w,Punktid Gaming,"Punktid.ee alustas oma tegevust 2009. aastal, olles esimene e-pood Eestis, mis pakkus toodete digitaalset kättetoimetamist e-maili teel ning seda ilma vajaduseta luua meie keskkonnas kasutajakontot. Meie eesmärgiks on Eesti turule pakkuda oluliselt parema hinna ja kättesaadavusega mänge/mängukaarte/kinkekaarte/koode ja palju muud. Alustasime oma tootevalikut PSN ja Xbox kaartidega ning tänaseks on valik meie e-poes suurenenud mitmekordselt. Nüüdseks oleme kasvanud Eesti suurimaks kinkekaarte/män",@punktideesti,5880,1395833,85,False,2011-10-13T09:07:34Z,EE,,"mäng mängud arvutimäng videomäng eelvaade ülevaade tutvustus godhyr ""kalle lepiku""",UUIEW8gK2N_zs78aLfH7dH8w,"https://en.wikipedia.org/wiki/Role-playing_video_game, https://en.wikipedia.org/wiki/Action-adventure_game, https://en.wikipedia.org/wiki/Video_game_culture, https://en.wikipedia.org/wiki/Action_game, https://en.wikipedia.org/wiki/Strategy_video_game",eesti gaming
UCtkjy8IzrTT4i2GWXMIrcwg,Ronimisministeerium Tartu,"Lõuna-Eesti esimene iseseisev ronimishall. Korraldame iganädalasi treeninguid, erinevaid töötubasid, laste sünnipäevasid ja muid üritusi. 👇 https://www.ronimisministeerium.ee/",@ronimisministeeriumtartu874,23,9345,122,False,2021-04-27T16:23:12.868113Z,,,,UUtkjy8IzrTT4i2GWXMIrcwg,"https://en.wikipedia.org/wiki/Lifestyle_(sociology), https://en.wikipedia.org/wiki/Hobby",tartu
UCViXVFS150dia_0kE7EOp_A,Taimo Jõõts,,@taimojoots,36,25522,28,False,2008-06-28T17:43:47Z,,,,UUViXVFS150dia_0kE7EOp_A,"https://en.wikipedia.org/wiki/Hobby, https://en.wikipedia.org/wiki/Lifestyle_(sociology), https://en.wikipedia.org/wiki/Tourism",eesti komöödia
UCPcrE2HuLvi8XlMMr0Ua0Nw,Tallinn🚍🚎,Tallinna Transport🚍🚎🚊🚆 My channel in TikTok: https://www.tiktok.com/@transportintallinn?_t=ZN-8ucvdG60UnW&_r=1,@transportintallinn,22,6593,8,False,2024-06-30T11:19:12.564073Z,,,,UUPcrE2HuLvi8XlMMr0Ua0Nw,"https://en.wikipedia.org/wiki/Lifestyle_(sociology), https://en.wikipedia.org/wiki/Vehicle, https://en.wikipedia.org/wiki/Technology",tallinn
UCsDngnqT1of3Y33KE0L-MIw,Ro toro - Topic,,,15,6905,48,False,2013-12-18T18:53:22Z,,,,UUsDngnqT1of3Y33KE0L-MIw,"https://en.wikipedia.org/wiki/Music, https://en.wikipedia.org/wiki/Pop_music",eesti rahvamuusika
UCUyZZXJuQOmHPyiMQ1Fb3Rg,igus Eesti,"igus® GmbH toodab masinaelemente kõrge jõudlusega plastidest, mida kasutatakse liikuvates rakendustes ja mida iseloomustab pikk tööiga ning madal hooldusvajadus (määrdevabad). See omakorda vähendab kulusid ja suurendab tootlikkust. Tootevalikusse kuulub üle 100 000 laost saadaval lahenduse, millele lisanduvad erilahendused ja teenused. igus®-e innovaatilisus kajastub sadades uudistoodetes ja lahendustes igal aastal. igus®-e tooteid testitakse intensiivselt, et prognoosida nende tööiga erinevates",@iguseesti6614,13,9388,127,False,2016-07-25T07:54:19Z,EE,,,UUUyZZXJuQOmHPyiMQ1Fb3Rg,"https://en.wikipedia.org/wiki/Lifestyle_(sociology), https://en.wikipedia.org/wiki/Technology",eesti tech
UC9fR0sMR6_g30NMB6RY0ONw,Eesti Rannajalgpall,"Beach soccer is the fastest growing sport in the world! Beach soccer has been called ""a football highlight show"".  Estonian beach soccer League has become an important part of Estonian football life.",@eestirannajalgpall,66,153830,101,False,2009-02-15T09:11:04Z,,,beach soccer rannajalgpall eesti estonia football,UU9fR0sMR6_g30NMB6RY0ONw,"https://en.wikipedia.org/wiki/Association_football, https://en.wikipedia.org/wiki/Sport, https://en.wikipedia.org/wiki/Lifestyle_(sociology)",eesti sport
UCZtx-Y3s9d14NGXdN4_a84Q,Eesti Maanteemuuseum,"Eesti Maanteemuuseum on Kagu-Eesti suurimaid kultuuritanklaid. See on koht, kus tee elab. Aastal 2016 läbisid põhjaliku uuenduskuuri postijaama näitustesaalid – avati uus püsinäitus „Head teed!“, kelder muudeti ajutiste näituste saaliks, tõllakuuris avati hobuvankrite väljapanek. Peamaja teisel korrusel seadis end sisse omanäoline postijaama olustikku tutvustav lastemuuseum. 2010. aastal valmis maanteemuuseumi Teeaeg - piire nihutav näitusekeskkond vabas õhus ning ootamatu arhitektuur Lõuna-Ee",@eestimaanteemuuseum3632,34,29230,71,False,2011-12-05T17:31:43Z,,,,UUZtx-Y3s9d14NGXdN4_a84Q,https://en.wikipedia.org/wiki/Lifestyle_(sociology),eesti ajalugu
UC549cmNDyAxOEYygP3Y2B6Q,Puksiir Narva,"📞(+372)58442244 🚨Эвакуатор 24h 🏗Кран🚚Грузоперевозки 10kg-8,5t ☎️Аренда прицепа-автовоза👍 Прикуриваем машины Откроем без ключа 🗝Открываем машины без ключа",@puksiirnarva,1140,555541,141,False,2013-09-03T14:50:37Z,,,"""эвакуатор круглосуточно"" ""услуги эвакуатора"" ""эвакуатор легковых автомобилей"" ""эвакуация автомобилей"" ""эвакуатор грузовых автомобилей"" ""эвакуатор мотоциклов"" ""перевозка спецтехники"" ""помощь на дороге"" ""буксировка автомобиля"" ""цены на эвакуатор"" Эвакуатор Грузоперевозки",UU549cmNDyAxOEYygP3Y2B6Q,"https://en.wikipedia.org/wiki/Lifestyle_(sociology), https://en.wikipedia.org/wiki/Vehicle",narva
UCMdXar6PaVEPkkMmLFANyRw,CeranTV,Things Ceran does,@cerantv,40,3431,82,False,2020-09-04T20:30:08.434733Z,,,,UUMdXar6PaVEPkkMmLFANyRw,"https://en.wikipedia.org/wiki/Knowledge, https://en.wikipedia.org/wiki/Lifestyle_(sociology)",eesti õppimine
UCbWKbsCG7hkdYunP7g1PD3Q,Saaremaa ja Muhu Puhkpillimuusika,Saaremaa ja Muhu puhkpillimuusika sündmuste info ja puhkpillimuusika alased teadmised.,@saaremaajamuhupuhkpillimuusika,11,5008,60,False,2021-01-18T20:14:57.345898Z,EE,,,UUbWKbsCG7hkdYunP7g1PD3Q,"https://en.wikipedia.org/wiki/Classical_music, https://en.wikipedia.org/wiki/Music, https://en.wikipedia.org/wiki/Christian_music",saaremaa
UCT14DT3IMuXkzFk6-9XqIpw,eesti aiad,,@eestiaiad3035,8,28346,3,False,2019-04-02T06:34:13Z,,,,UUT14DT3IMuXkzFk6-9XqIpw,,eesti äri
UCQc4RGh6ecawZKgeZLOTt7g,Kalju-Lava,"Kalju-lava pakub ehedaid elamusi eesti metsas - ilus muusika, maitsvad toidud ja parim võimalik seltskond.  Kalju-lava on oma nime saanud Kalju Terasmaa auks, kelle lapsepõlv möödus samas piirkonnas. Lava asub Tallinnas 45km kaugusel, vana Haapsalu maantee ääres metsas. Kalju-lava üritustel ei ole istekohad märgitud, sestap tasub tulla kohale varem, et just Teile sobiv koht ise välja valida. Kõikide ürituste ajal on alati avatud ka kohvikud, kus on saadaval nii soe toit kui maitsvad küpsetised",@kalju-lava509,8,16003,11,False,2017-11-26T11:26:15Z,EE,et,kontsert,UUQc4RGh6ecawZKgeZLOTt7g,https://en.wikipedia.org/wiki/Music,eesti toit
UCM3RuEU5yPRWWsJuBQVRq5w,Kristo Ruut,"Tere! Minu nimi on Kristo ja tegelen driftiga. Osalen Eesti ja Läti karikavõistlusel Street klassis. Teekond drifti sõitmisega algas aastal 2022, kus võtsime koheselt osa tervest hooajast nii Eesti kui Läti etappidest. Drifti olin juba aastaid vaatamas käinud ja mõelnud sõita, aga alati oli mingisugune takistus. Läksin hooajale vastu täiesti teadmatuses, teadmata mitte midagi kuidas või mismoodi Driftimine käib. Lühikese aja ja lugematute trennidega ning sihikindlusega suutsin juba esimesel hoo",@kristo236,2650,238241,45,False,2022-01-23T17:11:04.836948Z,EE,,,UUM3RuEU5yPRWWsJuBQVRq5w,"https://en.wikipedia.org/wiki/Vehicle, https://en.wikipedia.org/wiki/Lifestyle_(sociology), https://en.wikipedia.org/wiki/Motorsport, https://en.wikipedia.org/wiki/Sport",proovime
UC3IIN73cqjiAm-Fl5wa9hSQ,NORDigital,"Sinu edu on meie kirg - NORDigital digiturunduse agentuur. NORDigitali missioon on anda klientidele vahendid äri kasvatamiseks digimaailmas. Pakume strateegilisi ja kohandatud digiturunduse lahendusi, mis on loodud spetsiifiliste vajaduste ja eesmärkide täitmiseks. Usume, et iga ettevõte, sõltumata suurusest või valdkonnast, väärib kvaliteetset ja tulemustele suunatud digiturundust. Tuginedes meie meeskonna ulatuslikele teadmistele ja kogemustele, on meie eesmärk toetada Eesti ettevõtteid, suur",@nordigital.agency,3,2533,3,False,2023-11-23T13:49:10.796198Z,,,,UU3IIN73cqjiAm-Fl5wa9hSQ,,eesti äri
UC7GpJTZvW_sOa_zYnaMOl_g,Simo Teearu,"Rohkem minu kohta. Ma olen terve enda elu tegelenud spordi ja murdmaasuusatamisega. 16-aastasena ostsin esimese ""investeerimiskursuse"" ja peale seda elu muutus, laskudes täielikku ettevõtluse ja enesearengu maailma. Mitmeid ettevõtlusteekondi, põrumisi ja kordaminekuid hiljem ma soovin oma õppetunde ja teekonda jagada sinuga.",@simoteearu,153,10258,19,False,2013-10-30T12:14:35Z,EE,et,ettevõtja ettevõtlus sport vlog elustiil elu,UU7GpJTZvW_sOa_zYnaMOl_g,"https://en.wikipedia.org/wiki/Lifestyle_(sociology), https://en.wikipedia.org/wiki/Sport",minu elu
UCKHnWxRx3WLJy0hknE0XVVg,Toomas Tross,,@tantsupoeg,28,29054,25,False,2009-02-17T20:04:50Z,EE,,"""Piip ja Tuut"" ""Piip and Tuut"" teater",UUKHnWxRx3WLJy0hknE0XVVg,"https://en.wikipedia.org/wiki/Entertainment, https://en.wikipedia.org/wiki/Performing_arts, https://en.wikipedia.org/wiki/Music, https://en.wikipedia.org/wiki/Lifestyle_(sociology)",eesti teater
UCbXDEMhedRZwoBqHDbKzM8Q,Kehtna Kutsehariduskeskus,,@kehtnakutsehariduskeskus831,8,94051,23,False,2017-10-10T18:09:26Z,,,,UUbXDEMhedRZwoBqHDbKzM8Q,"https://en.wikipedia.org/wiki/Lifestyle_(sociology), https://en.wikipedia.org/wiki/Technology",eesti haridus
UCj8BFm9sYN0xFW20GuYH5GQ,Estrella Eesti,"Estrella krõpsud on juba YouTube'is -- just nagu su kodupidudel, lahe! Lõbusad videod, krõbedad uudised ja ebamaiselt maitsvad maitsed -- kõik on siin. Ära igavle -- telli oma kanal siit ;) Estrella krõpsud on sulle meelde jäänud juba oma super maitsete poolest, su sünnipäeva peod on palju lahedamad, korvpalli ja teiste spordialade fännid on palju lõbusamad! Sa võid leida meid ka Facebooki'ist ning võid võita seal lahedaid auhindu. Anna meie lehele Meeldib https://www.facebook.com/Estrella",@estrellaeesti2720,262,5790315,99,False,2014-07-04T10:03:49Z,,,,UUj8BFm9sYN0xFW20GuYH5GQ,"https://en.wikipedia.org/wiki/Food, https://en.wikipedia.org/wiki/Lifestyle_(sociology)",eesti uudised
UCnyxdZQ0nx40YQ9ZO7e1ddw,Hiiumaa Ralliklubi,,@hiiumaaralliklubi,21,5317,5,False,2017-02-02T18:37:55Z,,,,UUnyxdZQ0nx40YQ9ZO7e1ddw,"https://en.wikipedia.org/wiki/Motorsport, https://en.wikipedia.org/wiki/Vehicle, https://en.wikipedia.org/wiki/Lifestyle_(sociology), https://en.wikipedia.org/wiki/Sport",hiiumaa
UCbOUGIGvAY_RUMSbheCUyCg,TORE STUUDIO,"TORE stuudio kanal aitab kuulajale-vaatajale vahendada infot koolielu ja noorte väljakutsetest, noorte ja juhendajate isiklikke kogemuslugusid ning TORE programmi parimaid praktikaid üle Eesti.   Külalisteks on noored, noortega töötavad inimesed, eksperdid ning haridus- ja noorsootöövaldkonna partnerid. Peamised märksõnad saates on: sotsiaal-emotsionaalsete oskuste õppimine ja õpetamine, väärtuste ja hoiakute kujunemine, suhted, vaimne tervis, koostöö ja ennetav mõtteviis ning positiivne ellusuh",@torestuudio8082,139,16168,184,False,2021-02-03T17:31:44.067164Z,EE,,"""TORE ühing"" ""Noorteühing TORE"" ""Tugiõpilste Oma Ring Eestis"" tugiõpilastegevus ""sõbraks olemine"" ""TORE noor"" torekad ""TORE juhendajad"" ""Stuudios on TORE"" ""TORE kanal"" www.tore.ee #toreyhing torekad ""TORE suvekool"" ""TORE konverents"" ""TORE koolitus"" ""TORE juhendajate väljaõpe"" ""TORE mängud"" kiusuennetus ennetustegevus ""Teadlik ja süsteemne noorte kaasamine koolielu parendamisse"" ""Oskuslik olemasolemine omavahelistes suhetes"" ""Rõõmu- ja rahuallika püsiühendus eneses"" ""Ennetav mõtteviis - elujaatav ja empaatiline suhtumine"" eeskujud",UUbOUGIGvAY_RUMSbheCUyCg,https://en.wikipedia.org/wiki/Lifestyle_(sociology),eesti haridus
UCJeQ2HrTrgFucH8AU2nnG8g,Alexela,"Energia kogu eluks! 🔋Elekter, gaas ja kütus 🏡Kõikehõlmav kodupakett ☕️🥙Kohvik-poed üle Eesti",@alexelaas,617,6881901,255,False,2015-07-09T11:31:42Z,EE,,"Alexela ""kliimaneutraalne transport"" CNG LPG LNG kütus alternatiivkütused elekter pingevaba elektripakett ""energiaettevõte alexela"" ""tarmo kärsna"" ""kalvi nõu""",UUJeQ2HrTrgFucH8AU2nnG8g,,eesti taskuhääling
UCyVAOvA1g_CyiNDHwauEbBA,Eston99,,@estonianguy99,30,72447,23,False,2012-01-09T19:24:49Z,,,,UUyVAOvA1g_CyiNDHwauEbBA,"https://en.wikipedia.org/wiki/Entertainment, https://en.wikipedia.org/wiki/Music, https://en.wikipedia.org/wiki/Sport, https://en.wikipedia.org/wiki/Association_football, https://en.wikipedia.org/wiki/Film",eesti programmeerimine
UCMWpJeEutS5ekYgG5Ka2AAA,Turutrendid,"Tere tulemast Turutrendid YouTube'i kanalile! Finantsturud on põnevad ja pidevalt muutuvad, nõudes põhjalikke teadmisi ja oskusi nende mõistmiseks. Minu eesmärk on aidata sul saada osa sellest põnevast maailmast, jagan oma kogemusi ja teadmisi aktsiaanalüüsi ning tehnilise kauplemise kohta. Olen pühendunud Eesti investeerimiskogukonna harimisele ja soovin tuua sinuni parimad nõuanded ja strateegiad, mis aitavad sul turul edukas olla. Kui soovid õppida, areneda ja kasvada koos kogukonnaga, mis",@turutrendid,209,6164,56,False,2022-07-31T06:46:50.292778Z,EE,,"Finantsastroloogia Investeerimine Prognoosimine Raha Finantstrendid Investeeringud Aktsiaturg Horoskoop ""Turgude analüüs"" Finantsnõuanded Investeeringud Majandus Aktsiad Turuanalüüs Finantsteadmised ""Portfelli haldamine"" ""Dividendide investeeringud"" Riskijuhtimine Finantsharidus ""Kapitali kasv"" Aktsiaturg Finantsturud Majandusanalüüs Aktsiaanalüüs Investeerimisnõuanded Turuülevaade Finantsprognoosid ""Aktsiate ostmine"" ""Raha kasvatamine""",UUMWpJeEutS5ekYgG5Ka2AAA,https://en.wikipedia.org/wiki/Knowledge,eesti investeerimine
UCIyokh3s-V2wi8vLkJVcbDQ,Stefan Sorokin,"• I’m not here to be average, I’m here to be the best⚡️ • Freeskier 🇪🇪🐧 • Estonian and Lithuanian champ 5x🥇",@stef_sorokin,91,7722,27,False,2018-04-27T07:40:54Z,,,,UUIyokh3s-V2wi8vLkJVcbDQ,"https://en.wikipedia.org/wiki/Hobby, https://en.wikipedia.org/wiki/Lifestyle_(sociology), https://en.wikipedia.org/wiki/Sport",eesti vlog
UC_PxJvbWxmiO2v_OXwlvFkQ,eestisport,,@eestisport,79,170543,8,False,2011-03-18T05:40:10Z,,,,UU_PxJvbWxmiO2v_OXwlvFkQ,"https://en.wikipedia.org/wiki/Association_football, https://en.wikipedia.org/wiki/Sport",eesti sport
UCw6JaZNtfuT9pvvN2DVL1vw,Looduse Keskel,"Olen üks matka ja loodus huviline Lõuna-Eestist. Aegajalt jäädvustan enda tegemisi ja toimetamisi. Õpetusi ei jaga, pigem katsetan ise uusi asju omalkäel või siis ka spikerdades teistepealt ;)",@loodusekeskel,422,22815,26,False,2019-10-15T11:47:52.453302Z,EE,,,UUw6JaZNtfuT9pvvN2DVL1vw,"https://en.wikipedia.org/wiki/Hobby, https://en.wikipedia.org/wiki/Lifestyle_(sociology), https://en.wikipedia.org/wiki/Tourism",eesti loodus
UChLNvYt6JtM1sC-4xhXzAJg,Eesti Leegioni Sõprade Klubi,"Eesti Leegioni Sõprade Klubi on rahvuslikult meelestatud vabatahtlike Vennaskond ja juriidiliste isikute juriidiline kasumit mitte taotlev organisatsioon, mis tahab aktiivselt kaasa lüüa Teises Vabadussõjas (1941-1945) võidelnud Eesti Leegionäride pärandi säilitamisel. Ehk siis ELSK ühendab üle Eesti inimesi, olenemata soost, kellele on püha Eesti Leegioni võitlus, Eesti ajalugu ja Iseseisev Eesti. Oma tegevuses juhindub ELSK Eesti Vabariigi seadustest ja põhikirjast.",@eestileegionisopradeklubi1942,13,2025,13,False,2021-02-21T16:45:55.740675Z,EE,et,,UUhLNvYt6JtM1sC-4xhXzAJg,"https://en.wikipedia.org/wiki/Lifestyle_(sociology), https://en.wikipedia.org/wiki/Society",eesti ajalugu
UCJ_NQpWSbud7HbL2cQeMlHQ,Eesti Tantsuhuvihariduse Liit,,@eestitantsuhuvihariduselii8786,12,5436,40,False,2019-10-30T08:15:35.342917Z,,,,UUJ_NQpWSbud7HbL2cQeMlHQ,"https://en.wikipedia.org/wiki/Lifestyle_(sociology), https://en.wikipedia.org/wiki/Entertainment, https://en.wikipedia.org/wiki/Performing_arts, https://en.wikipedia.org/wiki/Society",eesti haridus
UCheRjpGZtC0Ei1mNQuKuZdg,Eesti Parkinsoniliit,,@eestiparkinsoniliit4787,39,5970,22,False,2021-04-09T10:34:01.49468Z,,,,UUheRjpGZtC0Ei1mNQuKuZdg,"https://en.wikipedia.org/wiki/Lifestyle_(sociology), https://en.wikipedia.org/wiki/Health, https://en.wikipedia.org/wiki/Knowledge",eesti teadus
UCCohucMKzvZCgrTG3-8Xljw,Narva Haigla,,@narva_haigla,167,33706,23,False,2023-06-05T07:02:53.424476Z,,,,UUCohucMKzvZCgrTG3-8Xljw,"https://en.wikipedia.org/wiki/Knowledge, https://en.wikipedia.org/wiki/Health, https://en.wikipedia.org/wiki/Lifestyle_(sociology)",narva
UCxiQZzi8WL2GdTgyOa63TIw,Relaxing nature in Estonia,On this page you will find relaxing videos of beautiful places in Estonian nature. Take your time and enjoy it! Siit leheküljelt leiab lõõgastavaid videosid Eesti looduskaunitest paikadest. Võta aega ja naudi seda!,@relaxingnatureinestonia193,1500,424762,33,False,2020-03-09T14:40:26.773898Z,EE,,,UUxiQZzi8WL2GdTgyOa63TIw,https://en.wikipedia.org/wiki/Lifestyle_(sociology),eesti loodus
UC31awHrTTvjR2PqHR3EJbpQ,NARVA FAMILY,"Channel ini untuk mengabadikan moment foto dan vidio kegiatan dari Nadiva, Raffi dan Adeeva",@narvafamily,246,126915,501,False,2013-09-03T00:17:03Z,,,,UU31awHrTTvjR2PqHR3EJbpQ,"https://en.wikipedia.org/wiki/Lifestyle_(sociology), https://en.wikipedia.org/wiki/Music",narva
UCkulIfAkP14KVGFWgqVB4_A,Bauhof Eesti,"Bauhof on Eesti suurim jaekaubandusettevõte ehitusmaterjalide ja aiakaupade sektoris. Rahvusvahelisel DIY-kaubanduskontseptsioonil põhinev Bauhofi kauplustekett pakub kvaliteetseid ehitus-, viimistlus-, aia- ja kodukaupu ka kõige nõudlikumale tarbijale kaheteistkümnes kaupluses Eestis ning viies kaupluses Leedus. Atraktiivne hinnatase, piirkonna parim kaubavalik, kiire teenindus ning kaupluste head asukohad koos tasuta parkimisega muudavad Bauhofi kaupluseketi meelepäraseks ostukohaks nii era-",@bauhofeesti2074,299,363851,57,False,2013-02-20T10:35:38Z,,,bauhof www.bauhof.ee clint clintimine ehitus tööriistad kinnitusvahendid remont kodu sisustus aed,UUkulIfAkP14KVGFWgqVB4_A,"https://en.wikipedia.org/wiki/Lifestyle_(sociology), https://en.wikipedia.org/wiki/Hobby",eesti youtuber
UCrYTnGF8Ya4LIm4H_jHzITA,Eesti Saalihoki,,@eestisaalihoki7274,215,24200,44,False,2019-11-06T07:52:07.979715Z,EE,,,UUrYTnGF8Ya4LIm4H_jHzITA,"https://en.wikipedia.org/wiki/Association_football, https://en.wikipedia.org/wiki/Sport, https://en.wikipedia.org/wiki/Basketball",eesti sport
UCKtnicciNkOThkoP2D7SV5A,KELMIKÜLA LASTELAULUD,"2018. aasta septembris ilmus lauluraamat ""Kelmiküla lastelaulud"", mis sisaldab 21 lastelaulu. Raamatuga kaasas on 2 CD-d. Laulud on loodud Eesti traditsioonide ja tähtpäevade teemadel. Muusika autoriks Fred Rõigas, sõnade autoriteks Tallinna Kelmiküla Lasteaia õpetajad. Illustratsioonid maalis Krete Erlenhein. Raamat saadaval hästi varustatud raamatupoodides (Apollo, Rahva Raamat).  Laulude saab kuulata ka iTunes ja Spotify-s.",@kelmikulalastelaulud7277,201,84414,12,False,2018-05-09T16:12:04Z,EE,,,UUKtnicciNkOThkoP2D7SV5A,https://en.wikipedia.org/wiki/Music,eesti laulud
UCr6xwamTSwb_6KPUhTqvrcw,Marat.estonia,"Marat on üks vanimaid tänaseni toimivaid Eesti rõivafirmasid. Oleme uhked enda ajaloo üle, mis sai alguse juba 1920-ndate aastate alguses. Marat keskendub enda kaubamärgi arendamisele ning pakub ajalugu väärtustades kuid hetketrende jälgides mugavaid meeste, naiste ja laste riideid.",@marat.estonia6211,4,138463,4,False,2021-03-19T08:22:30.761213Z,EE,,,UUr6xwamTSwb_6KPUhTqvrcw,"https://en.wikipedia.org/wiki/Lifestyle_(sociology), https://en.wikipedia.org/wiki/Fashion",eesti ajalugu
UCORWSvre3OOn7mXbjSwMIsg,Pärnu Ülejõe Põhikooli videoalbum,,@pypvideo,97,26744,102,False,2016-04-24T07:44:24Z,EE,,,UUORWSvre3OOn7mXbjSwMIsg,"https://en.wikipedia.org/wiki/Performing_arts, https://en.wikipedia.org/wiki/Music",pärnu
UCDVbeScQ3-MaYrh1owib9jg,Syngenta Eesti,,@syngentaeesti4210,24,6291,77,False,2015-01-09T12:27:16Z,,,,UUDVbeScQ3-MaYrh1owib9jg,"https://en.wikipedia.org/wiki/Knowledge, https://en.wikipedia.org/wiki/Lifestyle_(sociology)",eesti tehnoloogia
UCobO_D2J3eNhHiSSCCZNRPg,Jalgpall Eesti,,@jalgpalleesti2811,1,1989,2,False,2018-09-22T08:16:38Z,,,,UUobO_D2J3eNhHiSSCCZNRPg,,eesti jalgpall
UCtzMMcCi32EaXUB0suVyFEQ,Eesti filmi tegijate klubi,Parimad eesti keelsed lego filmid.,@eestifilmitegijateklubi4328,12,704,4,False,2016-09-25T13:45:05Z,,,,UUtzMMcCi32EaXUB0suVyFEQ,"https://en.wikipedia.org/wiki/Hobby, https://en.wikipedia.org/wiki/Lifestyle_(sociology)",eesti filmid
UCYPk9B6Peb47Hg9Y6vkiiPw,Eesti Loodus,,@ajakirieestiloodus,12,2312,94,False,2025-03-14T14:19:04.031982Z,EE,,,UUYPk9B6Peb47Hg9Y6vkiiPw,https://en.wikipedia.org/wiki/Lifestyle_(sociology),eesti loodus
UCC54DHotSKwG-YVfoQ45oGg,Ruukki Eesti,"Toodame terasel põhinevaid tooteid seintele ja katustele, nii ärihoonetele kui ka eraelamutele. Oleme kõrge kvaliteediga toodete, süsteemide ja lahenduste tarnija, mis on välja töötatud jätkusuutlikult ja täidavad karmides tingimustes kõige kõrgemaid vastupidavuse nõudmisi. Pakume eluasemeomanikele teadmisi, inspiratsiooni ja esteetilisi valikuvõimalusi pika garantiiga katuste vallas – andes meie klientidele kindla meele ja mugava kogemuse.  Ehitus- ja paigaldusettevõtetele oleme usaldusväärne",@ruukkieesti2912,790,360626,52,False,2017-02-06T14:12:56Z,EE,,"ruukki katus ""katuse ehitus"" ""plekk katus"" plekkkatus teraskatus classic sandwich fassaad ""kandev profiil"" vihmaveesüsteem vihmaveesüsteemid katuseredel katusesild käigutee lumetõke aluskate",UUC54DHotSKwG-YVfoQ45oGg,https://en.wikipedia.org/wiki/Lifestyle_(sociology),eesti
UCSIa7vwxWAo7BYEs_E-l95g,Tartu Torumees,Pakume torutöid Tartus ja Tartumaal kiirelt ja soodsate hindadega. Helista +372 5300 1347 või külasta meie kodulehte https://www.tartutorumees.ee/,@tartutorumees1353,4,643,6,False,2018-03-03T10:28:53Z,EE,,,UUSIa7vwxWAo7BYEs_E-l95g,,tartu
UCIGi63AmI6hutdpk6AJjBjw,Silvi Vrait - Topic,,,37,9085,5,False,2013-12-13T21:32:55Z,,,,UUIGi63AmI6hutdpk6AJjBjw,"https://en.wikipedia.org/wiki/Pop_music, https://en.wikipedia.org/wiki/Music_of_Latin_America, https://en.wikipedia.org/wiki/Music, https://en.wikipedia.org/wiki/Jazz",eesti teater
UCumzBoHZOxWeqo1zHeBYaGg,Arvutimaailm,"Arvutimaailm on Eesti vanim tegutsev tehnoloogiaajakiri, mis hoolimata ajaloost on uuendusmeelne oma sisu poolest. Arvustame arvuteid, telefone, foto- ja videotehnikat, autosid ja teenuseid enda subjektiivsest vaatenurgast ning üritame leida, kellele need mõeldud on. Fokusseerime pigem tavalisele tarbijale mitte professionaalile ning jagame ennekõike oma esmamuljeid ja kogemusi, mitte põhjalikke analüüse. Kõike selleks, et teie endale sobimatuid tooteid ostma ei peaks. Loome ka õppevideoid, kui",@arvutimaailm,1620,246525,169,False,2017-11-07T20:24:50Z,EE,,ülevaade arvustus tehnika auto telefon vlog review,UUumzBoHZOxWeqo1zHeBYaGg,"https://en.wikipedia.org/wiki/Lifestyle_(sociology), https://en.wikipedia.org/wiki/Technology",kuidas teha
UC5_XjWOvmu2vYKeqVOCoW9g,Eesti Uudised,,@eestiuudised4907,109,12836,71,False,2018-06-15T10:25:23Z,,,,UU5_XjWOvmu2vYKeqVOCoW9g,"https://en.wikipedia.org/wiki/Society, https://en.wikipedia.org/wiki/Politics",eesti uudised
UCnR7Lx9bPeoU2Ujrd11br5w,mati klamp,,@matiklamp8879,622,525628,13,False,2013-10-01T15:57:56Z,,,,UUnR7Lx9bPeoU2Ujrd11br5w,https://en.wikipedia.org/wiki/Music,minu elu
UCr7mjppzjtbUUCf2T2P4J8g,Púr Múdd,,purmudd,6250,8780355,86,False,2015-11-22T21:42:18Z,,,,UUr7mjppzjtbUUCf2T2P4J8g,"https://en.wikipedia.org/wiki/Pop_music, https://en.wikipedia.org/wiki/Music, https://en.wikipedia.org/wiki/Electronic_music, https://en.wikipedia.org/wiki/Independent_music, https://en.wikipedia.org/wiki/Lifestyle_(sociology)",eesti vlog
UCRtwAi7S5NR-I8YOBn-Bgag,Visit Estonia,,@visitestonia9018,3,6120,15,False,2013-09-10T08:42:46Z,,,,UURtwAi7S5NR-I8YOBn-Bgag,"https://en.wikipedia.org/wiki/Lifestyle_(sociology), https://en.wikipedia.org/wiki/Tourism",eesti reis
UCgoN8ZdvuwsRqJWQhceRbfg,Eesti Videotegijad,,@eestivideotegijad321,36,17485,5,False,2016-06-06T12:59:14Z,,,,UUgoN8ZdvuwsRqJWQhceRbfg,"https://en.wikipedia.org/wiki/Technology, https://en.wikipedia.org/wiki/Video_game_culture, https://en.wikipedia.org/wiki/Lifestyle_(sociology)",eesti
UC3jbKqzj4nxGt0NJWDjjDQA,Len C,,@lennart1977,2,3784,11,False,2007-02-22T15:52:05Z,,,,UU3jbKqzj4nxGt0NJWDjjDQA,"https://en.wikipedia.org/wiki/Association_football, https://en.wikipedia.org/wiki/Sport",eesti jalgpall
UCrAn81lB67Fpoqcr43WuhNg,Jaan Tätte - Topic,,,357,324236,62,False,2013-12-23T17:56:21Z,,,,UUrAn81lB67Fpoqcr43WuhNg,https://en.wikipedia.org/wiki/Music,eesti muusika
UCAmnhpe73T9YoMBUb8SAY6Q,Sangarid,"""SANGARID"" KINODES 17. veebruarist 2017 #sangaridfilm facebook.com/sangaridfilm instagram.com/sangaridfilm acmefilm.ee/filmid/sangaridfilm Hoogne seikluskomöödia „Sangarid“ viib meid 80ndatesse aastatesse.  Kolm Eesti kutti põgenevad Nõukogude Liidust välismaale, et vabas maailmas elada just nii  šeffi elu nagu nähtud telesarjades „Miami Vice“, „Knight Rider“ ja „Santa Barbara“. Sõbrad võetakse svenssonitemaal vastu kui tõelised kangelased, kes murdsid läbi raudse eesriide. Kui aga meediakära v",@sangarid5704,204,138915,15,False,2016-08-23T12:50:49Z,,,,UUAmnhpe73T9YoMBUb8SAY6Q,"https://en.wikipedia.org/wiki/Entertainment, https://en.wikipedia.org/wiki/Film",eesti komöödia
UCKdJxm1AEsjXOUGf8djX8hA,Hiiumaa Mudeliklubi,"Hiiumaa Mudeliklubi on loodud eesmärgiga arendada ja propageerida lennu-,laeva-,auto- ja raketimudelismi alast tegevust. Rohkem infot meie koduleheküljelt:  www.mudeliklubi.ee",@hiiumaamudeliklubi158,5,2068,2,False,2015-02-23T14:54:34Z,,,,UUKdJxm1AEsjXOUGf8djX8hA,"https://en.wikipedia.org/wiki/Tourism, https://en.wikipedia.org/wiki/Lifestyle_(sociology)",hiiumaa
UCGARbGDyCYSBrndxbMtKBpQ,Port of Tallinn,"Port of Tallinn is the biggest port authority in Estonia and as far as both cargo and passenger traffic are taken into account, the biggest port on the shores of the Baltic Sea.",@portoftallinn,410,334734,182,False,2010-05-25T15:31:23Z,,,"""port of tallinn"" ""tallinna sadam"" port harbour cruise ships cargo tallinn sadam kruiis laevad",UUGARbGDyCYSBrndxbMtKBpQ,"https://en.wikipedia.org/wiki/Knowledge, https://en.wikipedia.org/wiki/Society, https://en.wikipedia.org/wiki/Business",tallinn
UCLzYhbhNdXfwdOB8H2RMKMQ,QLA,"Quantum Leap Acquisition   In our Podcast, we discuss everything related to winning in life and business. We cover on current events and trendy topics and talk about money, business and sports. The QLA Podcast is hosted by Christopher Voolaid. Follow us on social media to stay updated on new episodes and special guests. --- QLA Podcastis arutame kõige üle, mis on seotud võitmisega nii elus kui äris. Vestleme päevakajalistel sündmustel ning trendikatel teemadel, rääkides nii rahast, ettevõtlu",@quantumleapacquisition,1320,254009,261,False,2022-05-19T07:12:43.005884Z,EE,,qla qlainsurance quantumleap quantumleapagency,UULzYhbhNdXfwdOB8H2RMKMQ,"https://en.wikipedia.org/wiki/Knowledge, https://en.wikipedia.org/wiki/Society",eesti taskuhääling
UC7ijdTva1ECmtiJn451M-6Q,Aleksei Jakuba,Eesti on parim koht maakeral,@aleksei.jakuba,133,27344,126,False,2019-08-23T01:47:46Z,EE,,,UU7ijdTva1ECmtiJn451M-6Q,"https://en.wikipedia.org/wiki/Film, https://en.wikipedia.org/wiki/Entertainment",eesti meelelahutus
UCaBtS39zG9p70pnSo_L579w,Pärnu Filmifestival,,@parnufilmifestival5873,4,701,6,False,2013-06-30T15:46:31Z,,,,UUaBtS39zG9p70pnSo_L579w,"https://en.wikipedia.org/wiki/Film, https://en.wikipedia.org/wiki/Entertainment",pärnu
UCsewtub2i0g7BNeNTqTv4bg,EMSL Jõud,,@emsljoud8622,3,4114,20,False,2013-02-08T08:53:00Z,,,,UUsewtub2i0g7BNeNTqTv4bg,"https://en.wikipedia.org/wiki/Basketball, https://en.wikipedia.org/wiki/Sport, https://en.wikipedia.org/wiki/Lifestyle_(sociology)",eesti korvpall
UCANIgPCfFWSJMRjHmZa6p7w,Rico,PANE SUB!,@rico-martin,10,5489,77,False,2023-03-23T12:21:33.733609Z,,,,UUANIgPCfFWSJMRjHmZa6p7w,,eesti uudised
UCKk8fU_ytMofoNgq65fp3Zg,Travel Infused Life,,@travelinfusedlife6359,39,14415,27,False,2019-10-17T08:39:20.44921Z,,,,UUKk8fU_ytMofoNgq65fp3Zg,"https://en.wikipedia.org/wiki/Tourism, https://en.wikipedia.org/wiki/Lifestyle_(sociology)",eesti kultuur
UCVUHGgL9WiYoAFktD7X79qg,Tallinn Zoological Gardens,,@tallinnzoologicalgardens962,1690,948456,816,False,2013-10-04T07:42:32Z,,,,UUVUHGgL9WiYoAFktD7X79qg,https://en.wikipedia.org/wiki/Lifestyle_(sociology),tallinn
UCtzC2z9QFk3BceI0MhgawJA,Kinnisvaraportaal KV.EE,,@kveevideo,694,87766,156,False,2010-02-12T11:46:49Z,EE,,kinnisvara korter maja kinnisvaraportaal,UUtzC2z9QFk3BceI0MhgawJA,"https://en.wikipedia.org/wiki/Business, https://en.wikipedia.org/wiki/Society, https://en.wikipedia.org/wiki/Knowledge",eesti taskuhääling
UCNr1oaOmXBm-R2o-VsDVlog,Pärnu Jahtklubi,,@parnujahtklubi954,5,6964,5,False,2015-12-14T12:53:58Z,,,,UUNr1oaOmXBm-R2o-VsDVlog,"https://en.wikipedia.org/wiki/Vehicle, https://en.wikipedia.org/wiki/Lifestyle_(sociology), https://en.wikipedia.org/wiki/Hobby",pärnu
UC2rGxr-C0OLp-o5LQnXA62Q,Hisponian Family,Teretulemast meie kanalile! Oleme hispaania-eesti perekond. Oleme ettevõtlikud ja tegusad inimesed. Meie peres kasvab väike tüdrukutirts.  Pereisa German on rahvusvaheline ooperi ja crossover artist. German’i peamine projekt Impulso Tenors ansambel ja lisaks esineb ta üksi või mõne teise artistiga. Teda võib näha ka muusikalides kaasa löömas. Tal on muusikaline pedagoogi haridus ja annab ka laulutunde nii lastele kui ka täiskasvanutele. German on suure südamega ja armastab teisi inimesi inspir,@hisponianfamily4491,959,242459,212,False,2022-10-17T15:32:08.920723Z,,,,UU2rGxr-C0OLp-o5LQnXA62Q,https://en.wikipedia.org/wiki/Lifestyle_(sociology),eesti vlog
UCt6UyoeRXu-0wUjNTQ2C13A,Eesti Huumor Podcast,"Eesti podcast, tõsine huumor. Stand-up, comedy, komöödia. Elulised filosoofiad.",@eestihuumorpodcast5989,15,824,26,False,2019-11-05T18:06:22.038082Z,,,,UUt6UyoeRXu-0wUjNTQ2C13A,"https://en.wikipedia.org/wiki/Humour, https://en.wikipedia.org/wiki/Entertainment",eesti taskuhääling
UC4tDN-lbeYc0_i1FC3G7dew,LpsTitanium,"Tere Pannkoogid!   Ma loodan et teile meeldib mu kanal😀 Mina olen siis üks tavaline inimene, kellele meeldib teha lps videoid ja neid postitada:) Siin postitan videosid lps'ssidest(littlest pet shop) Teen enamasti sarju, filme, muusikavideoid ja muud taolist! Üritan postitada nii tihti kui võimalik! Maskot- Olivia! TikTok:lpstitanium Insatgram:lpstitanium.offical",@lpstitanium,58,3983,26,False,2017-10-07T06:24:50Z,,,,UU4tDN-lbeYc0_i1FC3G7dew,"https://en.wikipedia.org/wiki/Lifestyle_(sociology), https://en.wikipedia.org/wiki/Hobby",kuidas teha
UCrCpvtrTVuTej9vMQdOeNlw,KIHLASAARE,Sellel kanalil saad olla KIHLASAARE elamusmajutuse sünni ja arengu juures. Postitan siia loodusehituse õppevideosid ning muud huvitavat ja kasulikku vaatamiseks.,@kihlasaare,48,3261,4,False,2024-03-10T19:17:43.281304Z,EE,,"DYI bushcraft building fire camping fence aed punutis ""Nature projects"" weawing Design Outdoors Projects Willow Handcraft ""Outdoor ideas"" Fences Braiding Crafting",UUrCpvtrTVuTej9vMQdOeNlw,"https://en.wikipedia.org/wiki/Lifestyle_(sociology), https://en.wikipedia.org/wiki/Hobby",kuidas teha
