videoId,title,publishedAt,tags,categoryId,channelId,duration,definition,caption,licensedContent,regionRestriction,viewCount,likeCount,commentCount,privacyStatus,license,topicCategories
rWZlh8Ljhoo,Helge Kjellini ajaloopäev Karja kirikus,2025-07-25T08:18:37Z,,27,UCUbthbcQT_edTWHEbAnBppg,PT2H52M55S,hd,False,False,,134.0,5.0,0.0,public,youtube,
9L8_OjCTdd4,Leppenbergi sissemängimine,2024-12-05T13:17:25Z,,27,UCUbthbcQT_edTWHEbAnBppg,PT1M41S,hd,False,False,,75.0,0.0,0.0,public,youtube,['https://en.wikipedia.org/wiki/Music']
um0aEisjNHA,Ajalookonverents „1944 – sõja ja rahu vahel“,2024-09-30T18:54:03Z,,27,UCUbthbcQT_edTWHEbAnBppg,PT3H22M32S,hd,False,False,,593.0,10.0,2.0,public,youtube,['https://en.wikipedia.org/wiki/Society']
-5T_bQ1v2vo,Seminar Kuressaare linnuse keldrikorruse avamisel,2024-09-26T12:35:15Z,,27,UCUbthbcQT_edTWHEbAnBppg,PT59M53S,hd,False,False,,156.0,6.0,0.0,public,youtube,
L0ebGKILS2g,"Seminar ""Silmast silma keskaegse saarlasega""",2023-08-28T21:01:25Z,,27,UCUbthbcQT_edTWHEbAnBppg,PT1H7M26S,hd,False,False,,378.0,11.0,0.0,public,youtube,['https://en.wikipedia.org/wiki/Knowledge']
Vu6cvRcfyV4,"Day 1 of international conference ""Vikings before Vikings"". Original audio (Estonian and English)",2022-12-29T11:19:55Z,,27,UCUbthbcQT_edTWHEbAnBppg,PT4H22M4S,hd,False,False,,1356.0,55.0,1.0,public,youtube,['https://en.wikipedia.org/wiki/Knowledge']
SPIwZFUwqBs,"Day 2 of international conference ""Vikings before Vikings"". Original audio (Estonian and English)",2022-12-29T09:30:27Z,,27,UCUbthbcQT_edTWHEbAnBppg,PT4H41M51S,hd,False,False,,5292.0,102.0,6.0,public,youtube,['https://en.wikipedia.org/wiki/Knowledge']
e_PeKpR29VQ,"""Vikings Before Vikings"" INTRO ""Viikingid enne viikingeid""",2022-10-03T08:55:11Z,,27,UCUbthbcQT_edTWHEbAnBppg,PT6M2S,hd,False,False,,2111.0,51.0,3.0,public,youtube,['https://en.wikipedia.org/wiki/Lifestyle_(sociology)']
b2OH1dFkl08,Jüri Peets: About the swords of Salme,2022-10-02T14:06:22Z,,27,UCUbthbcQT_edTWHEbAnBppg,PT37M13S,hd,False,False,,830.0,21.0,4.0,public,youtube,['https://en.wikipedia.org/wiki/Knowledge']
Zs9yK1gfGzU,Raili Allmäe: Sharp force injuries in Salme second ship-grave,2022-10-02T14:03:34Z,,27,UCUbthbcQT_edTWHEbAnBppg,PT28M32S,hd,False,False,,1242.0,34.0,2.0,public,youtube,['https://en.wikipedia.org/wiki/Knowledge']
oJ4goAU75n0,Mauri Kiudsoo: Some information about Austrvegr and boat burials found in Estonia,2022-10-02T13:54:11Z,,27,UCUbthbcQT_edTWHEbAnBppg,PT38M53S,hd,False,False,,663.0,18.0,0.0,public,youtube,['https://en.wikipedia.org/wiki/Knowledge']
gf9FeVZJtP8,Marika Mägi: The world around Salme: Saaremaa in the 7th–9th century,2022-10-02T13:46:58Z,,27,UCUbthbcQT_edTWHEbAnBppg,PT26M18S,hd,False,False,,542.0,13.0,0.0,public,youtube,['https://en.wikipedia.org/wiki/Knowledge']
bTTIgqS1Q98,Lina Maldre: Dogs in Salme II ship,2022-10-02T13:46:06Z,,27,UCUbthbcQT_edTWHEbAnBppg,PT36M37S,hd,False,False,,481.0,12.0,0.0,public,youtube,['https://en.wikipedia.org/wiki/Knowledge']
4yF2-o8tM1k,Marge Konsa / Alar Rosentau: Studies on the boat burial of Salme I and its paleoenvironment,2022-10-02T13:39:00Z,,27,UCUbthbcQT_edTWHEbAnBppg,PT30M58S,hd,False,False,,842.0,20.0,0.0,public,youtube,['https://en.wikipedia.org/wiki/Knowledge']
b2egke3yIEw,Jüri Peets: Salme Ship Burials – archaeology outdoor and indoor,2022-10-02T13:32:46Z,,27,UCUbthbcQT_edTWHEbAnBppg,PT38M53S,hd,False,False,,2243.0,44.0,5.0,public,youtube,['https://en.wikipedia.org/wiki/Knowledge']
vn8dW_MNopM,Charlotte Hedenstierna-Jonson: With sail over the Baltic Sea / Purjetades üle Läänemere,2022-09-30T07:31:29Z,,27,UCUbthbcQT_edTWHEbAnBppg,PT32M52S,hd,False,False,,1449.0,34.0,0.0,public,youtube,['https://en.wikipedia.org/wiki/Knowledge']
6Cgd79h0jXE,John Ljungkvist: The process of making boat burials in Valsgärde Paadimatuste läbiviimine Valsgärdes,2022-09-30T07:26:55Z,,27,UCUbthbcQT_edTWHEbAnBppg,PT32M18S,hd,False,False,,1175.0,24.0,0.0,public,youtube,['https://en.wikipedia.org/wiki/Knowledge']
P_CwSrX502E,Ashot Margaryan: Population Genomics of the Viking World / Viikingite maailma rahvastiku genoomika,2022-09-30T07:24:10Z,,27,UCUbthbcQT_edTWHEbAnBppg,PT26M50S,hd,False,False,,1340.0,59.0,3.0,public,youtube,['https://en.wikipedia.org/wiki/Knowledge']
I9VUNzmm5Qs,Neil Price: Salme and the Viking Phenomenon / Salme ja viikingite fenomen,2022-09-30T07:21:39Z,,27,UCUbthbcQT_edTWHEbAnBppg,PT40M29S,hd,False,False,,7835.0,212.0,55.0,public,youtube,['https://en.wikipedia.org/wiki/Knowledge']
LEFXxunNceg,Tim Sutherland: ‘Medieval-Viking Dead’ / „Keskaja viikingite surnud“,2022-09-30T07:06:57Z,,27,UCUbthbcQT_edTWHEbAnBppg,PT34M13S,hd,False,False,,1751.0,52.0,4.0,public,youtube,['https://en.wikipedia.org/wiki/Knowledge']
MIguQpSQR9M,Jüri Peets: Salme mõõgad,2022-09-29T20:52:56Z,,27,UCUbthbcQT_edTWHEbAnBppg,PT37M13S,hd,False,False,,481.0,9.0,0.0,public,youtube,['https://en.wikipedia.org/wiki/Society']
A_aKh5jrsyw,Jüri Peets: Salme matuselaevad – arheoloogia väljas ja sees,2022-09-29T20:34:05Z,,27,UCUbthbcQT_edTWHEbAnBppg,PT38M52S,hd,False,False,,471.0,9.0,2.0,public,youtube,['https://en.wikipedia.org/wiki/Knowledge']
dIdJB-Byv38,Marika Mägi: Salmet ümbritsev maailm: Saaremaa 7.–9. sajandil,2022-09-29T20:25:19Z,,27,UCUbthbcQT_edTWHEbAnBppg,PT26M13S,hd,False,False,,1173.0,26.0,0.0,public,youtube,['https://en.wikipedia.org/wiki/Society']
uYuGdYB6jW0,Liina Maldre: Koerad Salme II laevas,2022-09-29T20:13:53Z,,27,UCUbthbcQT_edTWHEbAnBppg,PT36M37S,hd,False,False,,289.0,7.0,0.0,public,youtube,['https://en.wikipedia.org/wiki/Society']
o7NjExD44rM,Marge Konsa ja Alar Rosentau: Salme I laevmatuse ja selle paleokeskkonna uuringud,2022-09-29T20:06:35Z,,27,UCUbthbcQT_edTWHEbAnBppg,PT30M58S,hd,False,False,,319.0,9.0,0.0,public,youtube,['https://en.wikipedia.org/wiki/Society']
p3DZDq1PrYk,Mauri Kiudsoo: Idateest ja Eestist leitud paatmatustest,2022-09-29T19:52:45Z,,27,UCUbthbcQT_edTWHEbAnBppg,PT38M53S,hd,False,False,,671.0,15.0,0.0,public,youtube,['https://en.wikipedia.org/wiki/Knowledge']
oPTbxnUSEeo,Raili Allmäe: Teravate esemete põhjustatud traumad Salme teises laevamatuses,2022-09-29T19:27:24Z,,27,UCUbthbcQT_edTWHEbAnBppg,PT28M32S,hd,False,False,,244.0,3.0,0.0,public,youtube,['https://en.wikipedia.org/wiki/Health']
C3jZbzcWZX8,Regilaulupäev Mihkli talumuuseumis,2022-02-02T09:48:58Z,"['saaremaa muuseum', 'saaremaa', 'talumuuseum', 'museum', 'farm museum', 'open air museum', 'vabaõhumuuseum', 'regilaulupäev', 'regilaul', 'runo', 'runo song', 'singing', 'folkloor', 'folklore', 'kultuur', 'culture', 'rahvalaul', 'folk song', 'rural', 'country', 'suvistepüha']",27,UCUbthbcQT_edTWHEbAnBppg,PT5M44S,hd,False,False,,115.0,3.0,0.0,public,youtube,['https://en.wikipedia.org/wiki/Lifestyle_(sociology)']
7dthujBypAY,Turundaja - Eesti muuseumide aastaauhindade gala 2020 vaheklipp,2021-07-07T08:58:23Z,['muuseumigala'],27,UCUbthbcQT_edTWHEbAnBppg,PT2M14S,hd,False,False,,51.0,0.0,0.0,public,youtube,"['https://en.wikipedia.org/wiki/Hobby', 'https://en.wikipedia.org/wiki/Lifestyle_(sociology)']"
vJ29zBtXCHg,Teadustrükis - Eesti muuseumide aastaauhindade gala 2020 vaheklipp,2021-07-07T08:16:54Z,['muuseumigala'],27,UCUbthbcQT_edTWHEbAnBppg,PT2M15S,hd,False,False,,69.0,2.0,0.0,public,youtube,['https://en.wikipedia.org/wiki/Lifestyle_(sociology)']
cHsobCqL7Io,Teadusüritus - Eesti muuseumide aastaauhindade gala 2020 vaheklipp,2021-07-02T11:26:44Z,['muuseumigala'],27,UCUbthbcQT_edTWHEbAnBppg,PT2M9S,hd,False,False,,69.0,2.0,0.0,public,youtube,['https://en.wikipedia.org/wiki/Society']
ztWgXAQPo8Q,Püsinäitus - Eesti muuseumide aastaauhindade gala 2020 vaheklipp,2021-07-02T10:43:30Z,['muuseumigala'],27,UCUbthbcQT_edTWHEbAnBppg,PT1M15S,hd,False,False,,35.0,0.0,0.0,public,youtube,"['https://en.wikipedia.org/wiki/Hobby', 'https://en.wikipedia.org/wiki/Lifestyle_(sociology)']"
QYM6GQAff0Q,Muuseumiarendaja - Eesti muuseumide aastaauhindade gala 2020 vaheklipp,2021-06-29T13:52:08Z,['muuseumigala'],27,UCUbthbcQT_edTWHEbAnBppg,PT2M54S,hd,False,False,,44.0,1.0,0.0,public,youtube,['https://en.wikipedia.org/wiki/Society']
Js-fUJwMjVY,Konserveerimistöö - Eesti muuseumide aastaauhindade gala 2020 vaheklipp,2021-06-29T13:05:35Z,['muuseumigala'],27,UCUbthbcQT_edTWHEbAnBppg,PT1M31S,hd,False,False,,30.0,1.0,0.0,public,youtube,"['https://en.wikipedia.org/wiki/Hobby', 'https://en.wikipedia.org/wiki/Lifestyle_(sociology)']"
qOqU2UZypFo,Muuseumikogude arendaja - Eesti muuseumide aastaauhindade gala 2020 vaheklipp,2021-06-29T12:37:03Z,['muuseumigala'],27,UCUbthbcQT_edTWHEbAnBppg,PT1M19S,hd,False,False,,62.0,2.0,0.0,public,youtube,"['https://en.wikipedia.org/wiki/Hobby', 'https://en.wikipedia.org/wiki/Lifestyle_(sociology)']"
Z_Uf_tZw43Y,Muuseumihariduse edendaja - Eesti muuseumide aastaauhindade gala 2020 vaheklipp,2021-06-29T12:05:15Z,['muuseumigala'],27,UCUbthbcQT_edTWHEbAnBppg,PT1M21S,hd,False,False,,135.0,2.0,0.0,public,youtube,['https://en.wikipedia.org/wiki/Society']
dsiKbCdYsck,Eriauhind - Eesti muuseumide aastaauhindade gala 2020 vaheklipp,2021-06-29T11:23:10Z,['muuseumigala'],27,UCUbthbcQT_edTWHEbAnBppg,PT2M2S,hd,False,False,{'blocked': ['RU']},64.0,0.0,0.0,public,youtube,"['https://en.wikipedia.org/wiki/Entertainment', 'https://en.wikipedia.org/wiki/Performing_arts']"
dVEFyltxlxc,Ajutine näitus - Eesti muuseumide aastaauhindade gala 2020 vaheklipp,2021-06-29T10:33:57Z,['muuseumigala'],27,UCUbthbcQT_edTWHEbAnBppg,PT1M52S,hd,False,False,,76.0,1.0,0.0,public,youtube,"['https://en.wikipedia.org/wiki/Entertainment', 'https://en.wikipedia.org/wiki/Performing_arts']"
VoTcgaUmT68,Kogukonna sõber - Eesti muuseumide aastaauhindade gala 2020 vaheklipp,2021-06-29T08:07:45Z,['muuseumigala'],27,UCUbthbcQT_edTWHEbAnBppg,PT1M48S,hd,False,False,,582.0,13.0,0.0,public,youtube,"['https://en.wikipedia.org/wiki/Lifestyle_(sociology)', 'https://en.wikipedia.org/wiki/Pet']"
1u1HHkAI6bk,"Ilmar Torn 100 Ekskursioon näitusel ""Minu kunsti lugu""",2021-04-23T08:43:32Z,,22,UCUbthbcQT_edTWHEbAnBppg,PT1H8S,hd,False,False,,332.0,14.0,0.0,public,youtube,"['https://en.wikipedia.org/wiki/Hobby', 'https://en.wikipedia.org/wiki/Lifestyle_(sociology)']"
LTBpJOmGnPU,Ilmar Torn 100 Sissejuhatus ja noorusaastad,2021-04-23T08:43:28Z,,22,UCUbthbcQT_edTWHEbAnBppg,PT12M26S,hd,False,False,,69.0,0.0,0.0,public,youtube,['https://en.wikipedia.org/wiki/Knowledge']
lx7ePDqIVjQ,Ilmar Torn 100 Küpsusaastad,2021-04-23T08:43:23Z,,22,UCUbthbcQT_edTWHEbAnBppg,PT15M1S,hd,False,False,,63.0,1.0,0.0,public,youtube,"['https://en.wikipedia.org/wiki/Hobby', 'https://en.wikipedia.org/wiki/Lifestyle_(sociology)']"
-lgfLxf6Egw,Ilmar Torn 100 Ametid,2021-04-23T08:43:17Z,,22,UCUbthbcQT_edTWHEbAnBppg,PT8M17S,hd,False,False,,41.0,0.0,0.0,public,youtube,['https://en.wikipedia.org/wiki/Music']
eJn1bh7JUlM,Ilmar Torn 100 Värvide võimuses,2021-04-23T08:43:12Z,,22,UCUbthbcQT_edTWHEbAnBppg,PT9M14S,hd,False,False,,75.0,1.0,0.0,public,youtube,
W0Vbw20oQLM,Ilmar Torn 100 Intervjuu Heinz Valguga,2021-04-23T08:43:07Z,,22,UCUbthbcQT_edTWHEbAnBppg,PT15M23S,hd,False,False,,61.0,1.0,0.0,public,youtube,['https://en.wikipedia.org/wiki/Society']
NDlH3rcUsfo,Kuressaare 2000 - 2012,2020-05-15T06:36:11Z,,22,UCUbthbcQT_edTWHEbAnBppg,PT17M15S,sd,False,False,,2220.0,14.0,0.0,public,youtube,['https://en.wikipedia.org/wiki/Lifestyle_(sociology)']
ZSHKtBeknOk,Kuressaare 1990-2000,2020-05-08T11:33:55Z,,22,UCUbthbcQT_edTWHEbAnBppg,PT15M5S,sd,False,False,,1873.0,22.0,,public,youtube,['https://en.wikipedia.org/wiki/Lifestyle_(sociology)']
plJsfjI62Kw,Kuressaare linn 1937- 1990,2020-04-30T21:00:30Z,,22,UCUbthbcQT_edTWHEbAnBppg,PT33M55S,sd,False,False,,4242.0,66.0,2.0,public,youtube,
OJLx36dg27c,Ristisõjaaegne visuaalne retoorika. Kersti Markus,2019-10-09T08:22:01Z,,22,UCUbthbcQT_edTWHEbAnBppg,PT26M15S,hd,False,False,,138.0,3.0,0.0,public,youtube,['https://en.wikipedia.org/wiki/Knowledge']
INx_tfBOiG0,Taani kroonitud pead Saaremaal. Silvi Teesalu,2019-10-09T07:50:30Z,,22,UCUbthbcQT_edTWHEbAnBppg,PT31M38S,hd,False,False,,106.0,4.0,0.0,public,youtube,['https://en.wikipedia.org/wiki/Knowledge']
M0wkgPnzLOg,Tallinn 800. Toomas Abiline,2019-10-09T07:01:46Z,,22,UCUbthbcQT_edTWHEbAnBppg,PT32M3S,hd,False,False,,100.0,1.0,0.0,public,youtube,['https://en.wikipedia.org/wiki/Society']
Hf7TYgslaY0,Meresõitjate konflikt. Saaremaa ja Taani 13. sajandil. Marika Mägi,2019-10-08T13:47:28Z,,22,UCUbthbcQT_edTWHEbAnBppg,PT32M1S,hd,False,False,,712.0,15.0,1.0,public,youtube,['https://en.wikipedia.org/wiki/Society']
r8_KvW8kv-g,Mida huvitavat näitasid uuringud Maasilinnal 2019 aasta suvel. Garel Püüa,2019-10-08T13:08:45Z,"['maasilinn', 'saaremaa muuseum', 'ajalookonverents']",22,UCUbthbcQT_edTWHEbAnBppg,PT25M35S,hd,False,False,,168.0,1.0,0.0,public,youtube,
jZXg0jhDg7Q,[Lps] Mv - Echo{GUMI | Shinex |,2016-01-09T15:27:33Z,,22,UC8FqHbqtm1XtgEQSe3QWQwg,PT2M33S,hd,False,False,,349.0,12.0,2.0,public,youtube,"['https://en.wikipedia.org/wiki/Electronic_music', 'https://en.wikipedia.org/wiki/Music']"
YmAwUxVh0F4,"avamine}2016 eri - lpsid, draakonid, pehmed jm - Midny & Shinex",2016-01-02T18:43:39Z,,22,UC8FqHbqtm1XtgEQSe3QWQwg,PT9M25S,hd,True,False,{'blocked': ['RU']},145.0,4.0,,public,youtube,['https://en.wikipedia.org/wiki/Entertainment']
4vk7ArhjNmE,"[Avamine]-8lps, 1mlp, poster & ceratosaurus -Shinex (paar lpsi vahetuseks)",2015-12-22T07:07:51Z,,22,UC8FqHbqtm1XtgEQSe3QWQwg,PT4M31S,hd,False,False,,76.0,5.0,1.0,public,youtube,['https://en.wikipedia.org/wiki/Entertainment']
d2Pvh9kUFhY,Nagu päris Hatsune Miku! [tekitame hologrammi][lps] -Shine-chan,2015-11-28T16:20:19Z,,22,UC8FqHbqtm1XtgEQSe3QWQwg,PT5M3S,hd,False,False,,130.0,4.0,0.0,public,youtube,['https://en.wikipedia.org/wiki/Music']
i2g-5d9RmAc,Lps avamine - 10Lpsi - Midny & Shinex(lpse vahetuseks & müügiks),2015-11-23T20:50:32Z,,22,UC8FqHbqtm1XtgEQSe3QWQwg,PT4M19S,hd,False,False,,147.0,9.0,,public,youtube,['https://en.wikipedia.org/wiki/Entertainment']
fwUUa5zJ0-s,[LPS] Arvutisse jäänud klipid -Shinex,2015-11-05T20:27:21Z,,22,UC8FqHbqtm1XtgEQSe3QWQwg,PT1M49S,sd,False,False,,30.0,2.0,,public,youtube,"['https://en.wikipedia.org/wiki/Hobby', 'https://en.wikipedia.org/wiki/Lifestyle_(sociology)']"
yuMpqHvt3IM,Lps mv - watercolor - Midny & Shinex,2015-10-28T15:04:10Z,,22,UC8FqHbqtm1XtgEQSe3QWQwg,PT2M40S,sd,False,False,,47.0,5.0,0.0,public,youtube,"['https://en.wikipedia.org/wiki/Music', 'https://en.wikipedia.org/wiki/Pop_music']"
oazDVgNhwR4,lps avamine - 13 lpsi -Shinex,2015-10-22T15:14:23Z,,22,UC8FqHbqtm1XtgEQSe3QWQwg,PT5M13S,sd,False,False,,143.0,3.0,,public,youtube,['https://en.wikipedia.org/wiki/Entertainment']
1FqEipJsma8,meie Hääled mlp/animes? - Shinex & Midny,2015-10-14T18:03:51Z,,22,UC8FqHbqtm1XtgEQSe3QWQwg,PT1M36S,sd,False,False,,39.0,2.0,0.0,public,youtube,"['https://en.wikipedia.org/wiki/Entertainment', 'https://en.wikipedia.org/wiki/Film']"
2bkDTedJr74,kuidas Midny pudruga tegeleb,2015-10-13T16:52:41Z,,22,UC8FqHbqtm1XtgEQSe3QWQwg,PT7M14S,sd,False,False,,39.0,2.0,,public,youtube,"['https://en.wikipedia.org/wiki/Hobby', 'https://en.wikipedia.org/wiki/Lifestyle_(sociology)']"
bkLHWv2tpaw,kuidas Midny mängib ponidega,2015-10-11T10:55:05Z,,22,UC8FqHbqtm1XtgEQSe3QWQwg,PT1M57S,sd,False,False,,36.0,2.0,,public,youtube,"['https://en.wikipedia.org/wiki/Hobby', 'https://en.wikipedia.org/wiki/Lifestyle_(sociology)']"
ffF6IZ1OG1g,Avamine: 11 lps & üllatused + Viljandi reis -Shinex & Eva,2015-10-05T19:24:39Z,,22,UC8FqHbqtm1XtgEQSe3QWQwg,PT9M49S,sd,False,False,,15.0,0.0,,public,youtube,"['https://en.wikipedia.org/wiki/Hobby', 'https://en.wikipedia.org/wiki/Lifestyle_(sociology)']"
PDJ3yQFHeGI,"Avamine: 6 lps, 7 mlp, lps asjad & maja -Shinex & Midny",2015-10-03T10:42:26Z,,22,UC8FqHbqtm1XtgEQSe3QWQwg,PT5M4S,sd,False,False,,264.0,7.0,,public,youtube,"['https://en.wikipedia.org/wiki/Hobby', 'https://en.wikipedia.org/wiki/Lifestyle_(sociology)']"
FUlc1YNlNw8,Mis asi see on..? - Shinex & Midny,2015-09-27T12:47:24Z,,22,UC8FqHbqtm1XtgEQSe3QWQwg,PT57S,sd,False,False,,23.0,2.0,,public,youtube,"['https://en.wikipedia.org/wiki/Action_game', 'https://en.wikipedia.org/wiki/Video_game_culture']"
gXYO9XO0NRE,Miss jackson - lps mv (väike extra ja veidi nalja) -Shinex,2015-09-26T11:12:05Z,,22,UC8FqHbqtm1XtgEQSe3QWQwg,PT5M56S,sd,False,False,,31.0,2.0,,public,youtube,['https://en.wikipedia.org/wiki/Entertainment']
xCCS8yHPre4,LPS Naerge terviseks #12 - Midny & Shinex,2015-09-23T19:40:32Z,,22,UC8FqHbqtm1XtgEQSe3QWQwg,PT1M45S,sd,False,False,,34.0,2.0,,public,youtube,"['https://en.wikipedia.org/wiki/Hobby', 'https://en.wikipedia.org/wiki/Lifestyle_(sociology)']"
PzSfQEaICWo,mini avamine(1 lps) -Midny,2015-09-19T09:42:11Z,,22,UC8FqHbqtm1XtgEQSe3QWQwg,PT1M54S,sd,False,False,,46.0,1.0,,public,youtube,"['https://en.wikipedia.org/wiki/Hobby', 'https://en.wikipedia.org/wiki/Lifestyle_(sociology)']"
voTOmYRU2R8,(dino play-film) naerge terviseks #10 Punakas ja Rohekas #2 MA OLEN BOUSS - Shinex & Midny,2015-09-16T14:26:25Z,,22,UC8FqHbqtm1XtgEQSe3QWQwg,PT1M7S,sd,False,False,,149.0,6.0,,public,youtube,"['https://en.wikipedia.org/wiki/Hobby', 'https://en.wikipedia.org/wiki/Lifestyle_(sociology)']"
ED1xQhvDu8E,narge terviseks - #10 MUL ON KA VARVAS,2015-09-15T17:20:17Z,,22,UC8FqHbqtm1XtgEQSe3QWQwg,PT1M58S,sd,False,False,,35.0,2.0,,public,youtube,['https://en.wikipedia.org/wiki/Lifestyle_(sociology)']
OtBZ6fKISZ0,Shinex peseb lpse,2015-09-11T15:57:22Z,,22,UC8FqHbqtm1XtgEQSe3QWQwg,PT5M42S,sd,False,False,,43.0,3.0,,public,youtube,"['https://en.wikipedia.org/wiki/Hobby', 'https://en.wikipedia.org/wiki/Lifestyle_(sociology)']"
jUCHAs_NsQU,Lps costumid/naerge terviseks #4 -Midny & Shinex,2015-09-07T14:52:57Z,,22,UC8FqHbqtm1XtgEQSe3QWQwg,PT7M33S,sd,False,False,,37.0,2.0,,public,youtube,"['https://en.wikipedia.org/wiki/Hobby', 'https://en.wikipedia.org/wiki/Lifestyle_(sociology)']"
6ZMKjD6sHL8,lps naerge terviseks #3 LIBLIKAAAD,2015-09-07T12:48:52Z,,22,UC8FqHbqtm1XtgEQSe3QWQwg,PT58S,sd,False,False,,24.0,2.0,,public,youtube,"['https://en.wikipedia.org/wiki/Hobby', 'https://en.wikipedia.org/wiki/Lifestyle_(sociology)']"
PY164Mz8FvI,minecraft iron sword - lego tutorial (not build on lego plate) -Shinex,2015-09-05T15:29:09Z,,22,UC8FqHbqtm1XtgEQSe3QWQwg,PT6M8S,sd,False,False,,2055.0,17.0,,public,youtube,['https://en.wikipedia.org/wiki/Video_game_culture']
nZAAoOxDB1w,lps mv - seitse pruuti -Shinex,2015-09-04T13:18:10Z,,22,UC8FqHbqtm1XtgEQSe3QWQwg,PT3M26S,sd,False,False,,55.0,1.0,0.0,public,youtube,"['https://en.wikipedia.org/wiki/Country_music', 'https://en.wikipedia.org/wiki/Music']"
JrlbI2fc5OE,Naerge terviseks #2 - Punakas ja rohekas #1 (dino play-film) MEIE VIILID,2015-09-03T18:00:32Z,,22,UC8FqHbqtm1XtgEQSe3QWQwg,PT51S,sd,False,False,,41.0,2.0,,public,youtube,"['https://en.wikipedia.org/wiki/Hobby', 'https://en.wikipedia.org/wiki/Lifestyle_(sociology)']"
oXacpSZ5w6Y,lps Naerge terviseks#1 IHAA koppadi-koppadi,2015-08-31T18:42:45Z,['Littlest Pet Shop (Brand)'],22,UC8FqHbqtm1XtgEQSe3QWQwg,PT3M55S,sd,False,False,,50.0,1.0,,public,youtube,"['https://en.wikipedia.org/wiki/Hobby', 'https://en.wikipedia.org/wiki/Lifestyle_(sociology)']"
sU6cHiiQyZI,avamis video (play-film) music vid/loll vid -Midny & Shinex,2015-08-28T13:27:08Z,['Littlest Pet Shop (Brand)'],22,UC8FqHbqtm1XtgEQSe3QWQwg,PT3M42S,sd,False,False,,61.0,2.0,,public,youtube,"['https://en.wikipedia.org/wiki/Hobby', 'https://en.wikipedia.org/wiki/Lifestyle_(sociology)']"
lUmTf6heeLM,Magusamad Meest,2025-04-24T10:05:37Z,"['Peeter Tooma', 'Tõnu Raadik', 'Lee Hays', 'Pete Seeger', 'Vana Kaabu', 'Magusamad Meest']",10,UCROr0G47-LSfJMbuemX6Yjw,PT3M7S,hd,False,True,"{'allowed': ['AE', 'AR', 'AS', 'AT', 'AU', 'AW', 'AZ', 'BA', 'BD', 'BE', 'BG', 'BH', 'BM', 'BO', 'BR', 'BY', 'CA', 'CH', 'CL', 'CO', 'CR', 'CY', 'CZ', 'DE', 'DK', 'DO', 'DZ', 'EC', 'EE', 'EG', 'ES', 'FI', 'FR', 'GB', 'GE', 'GF', 'GH', 'GP', 'GR', 'GT', 'GU', 'HK', 'HN', 'HR', 'HU', 'ID', 'IE', 'IL', 'IN', 'IQ', 'IS', 'IT', 'JM', 'JO', 'JP', 'KE', 'KH', 'KR', 'KW', 'KY', 'KZ', 'LA', 'LB', 'LI', 'LK', 'LT', 'LU', 'LV', 'LY', 'MA', 'MK', 'MP', 'MQ', 'MT', 'MX', 'MY', 'NC', 'NG', 'NI', 'NL', 'NO', 'NP', 'NZ', 'OM', 'PA', 'PE', 'PF', 'PG', 'PH', 'PK', 'PL', 'PR', 'PT', 'PY', 'QA', 'RE', 'RO', 'RS', 'SA', 'SE', 'SG', 'SI', 'SK', 'SN', 'SV', 'TC', 'TH', 'TN', 'TR', 'TW', 'TZ', 'UA', 'UG', 'US', 'UY', 'VE', 'VI', 'VN', 'YE', 'YT', 'ZA', 'ZW']}",25.0,1.0,0.0,public,youtube,['https://en.wikipedia.org/wiki/Music']
Ee84qT06FsE,Kellassepp,2025-04-24T10:05:33Z,"['Peeter Tooma', 'ETV laululapsed', 'Raivo Kõrgemägi', 'Hando Runnel', 'Lõvilaps', 'Kellassepp']",10,UCROr0G47-LSfJMbuemX6Yjw,PT2M8S,hd,False,True,"{'allowed': ['AE', 'AR', 'AS', 'AT', 'AU', 'AW', 'AZ', 'BA', 'BD', 'BE', 'BG', 'BH', 'BM', 'BO', 'BR', 'BY', 'CA', 'CH', 'CL', 'CO', 'CR', 'CY', 'CZ', 'DE', 'DK', 'DO', 'DZ', 'EC', 'EE', 'EG', 'ES', 'FI', 'FR', 'GB', 'GE', 'GF', 'GH', 'GP', 'GR', 'GT', 'GU', 'HK', 'HN', 'HR', 'HU', 'ID', 'IE', 'IL', 'IN', 'IQ', 'IS', 'IT', 'JM', 'JO', 'JP', 'KE', 'KH', 'KR', 'KW', 'KY', 'KZ', 'LA', 'LB', 'LI', 'LK', 'LT', 'LU', 'LV', 'LY', 'MA', 'MK', 'MP', 'MQ', 'MT', 'MX', 'MY', 'NC', 'NG', 'NI', 'NL', 'NO', 'NP', 'NZ', 'OM', 'PA', 'PE', 'PF', 'PG', 'PH', 'PK', 'PL', 'PR', 'PT', 'PY', 'QA', 'RE', 'RO', 'RS', 'SA', 'SE', 'SG', 'SI', 'SK', 'SN', 'SV', 'TC', 'TH', 'TN', 'TR', 'TW', 'TZ', 'UA', 'UG', 'US', 'UY', 'VE', 'VI', 'VN', 'YE', 'YT', 'ZA', 'ZW']}",17.0,0.0,0.0,public,youtube,['https://en.wikipedia.org/wiki/Music']
-JmIMBaavQ0,"Ma Tänan Sind, Elu",2025-04-24T10:05:31Z,"['Peeter Tooma', 'Tõnu Raadik', 'Viloleta Parra', 'Vana Kaabu', 'Ma Tänan Sind, Elu']",10,UCROr0G47-LSfJMbuemX6Yjw,PT4M34S,hd,False,True,"{'allowed': ['AE', 'AR', 'AS', 'AT', 'AU', 'AW', 'AZ', 'BA', 'BD', 'BE', 'BG', 'BH', 'BM', 'BO', 'BR', 'BY', 'CA', 'CH', 'CL', 'CO', 'CR', 'CY', 'CZ', 'DE', 'DK', 'DO', 'DZ', 'EC', 'EE', 'EG', 'ES', 'FI', 'FR', 'GB', 'GE', 'GF', 'GH', 'GP', 'GR', 'GT', 'GU', 'HK', 'HN', 'HR', 'HU', 'ID', 'IE', 'IL', 'IN', 'IQ', 'IS', 'IT', 'JM', 'JO', 'JP', 'KE', 'KH', 'KR', 'KW', 'KY', 'KZ', 'LA', 'LB', 'LI', 'LK', 'LT', 'LU', 'LV', 'LY', 'MA', 'MK', 'MP', 'MQ', 'MT', 'MX', 'MY', 'NC', 'NG', 'NI', 'NL', 'NO', 'NP', 'NZ', 'OM', 'PA', 'PE', 'PF', 'PG', 'PH', 'PK', 'PL', 'PR', 'PT', 'PY', 'QA', 'RE', 'RO', 'RS', 'SA', 'SE', 'SG', 'SI', 'SK', 'SN', 'SV', 'TC', 'TH', 'TN', 'TR', 'TW', 'TZ', 'UA', 'UG', 'US', 'UY', 'VE', 'VI', 'VN', 'YE', 'YT', 'ZA', 'ZW']}",107.0,3.0,0.0,public,youtube,['https://en.wikipedia.org/wiki/Music']
SKADq5sl8Ag,Mardilaul,2025-04-24T10:05:27Z,"['Peeter Tooma', 'Folk Song', 'Unistuste Maal', 'Mardilaul']",10,UCROr0G47-LSfJMbuemX6Yjw,PT2M45S,hd,False,True,"{'allowed': ['AE', 'AR', 'AS', 'AT', 'AU', 'AW', 'AZ', 'BA', 'BD', 'BE', 'BG', 'BH', 'BM', 'BO', 'BR', 'BY', 'CA', 'CH', 'CL', 'CO', 'CR', 'CY', 'CZ', 'DE', 'DK', 'DO', 'DZ', 'EC', 'EE', 'EG', 'ES', 'FI', 'FR', 'GB', 'GE', 'GF', 'GH', 'GP', 'GR', 'GT', 'GU', 'HK', 'HN', 'HR', 'HU', 'ID', 'IE', 'IL', 'IN', 'IQ', 'IS', 'IT', 'JM', 'JO', 'JP', 'KE', 'KH', 'KR', 'KW', 'KY', 'KZ', 'LA', 'LB', 'LI', 'LK', 'LT', 'LU', 'LV', 'LY', 'MA', 'MK', 'MP', 'MQ', 'MT', 'MX', 'MY', 'NC', 'NG', 'NI', 'NL', 'NO', 'NP', 'NZ', 'OM', 'PA', 'PE', 'PF', 'PG', 'PH', 'PK', 'PL', 'PR', 'PT', 'PY', 'QA', 'RE', 'RO', 'RS', 'SA', 'SE', 'SG', 'SI', 'SK', 'SN', 'SV', 'TC', 'TH', 'TN', 'TR', 'TW', 'TZ', 'UA', 'UG', 'US', 'UY', 'VE', 'VI', 'VN', 'YE', 'YT', 'ZA', 'ZW']}",3.0,0.0,0.0,public,youtube,['https://en.wikipedia.org/wiki/Music']
ET4cxDq5L4U,Siin Majas Olgu Õnne,2025-04-24T10:05:00Z,"['Peeter Tooma', 'Tõnu Raadik', 'Evelin Võigemast', 'Paul Stookey', 'Tracy Battiest', 'Elena Mezzetti', 'Vana Kaabu', 'Siin Majas Olgu Õnne']",10,UCROr0G47-LSfJMbuemX6Yjw,PT3M22S,hd,False,True,"{'allowed': ['AE', 'AR', 'AS', 'AT', 'AU', 'AW', 'AZ', 'BA', 'BD', 'BE', 'BG', 'BH', 'BM', 'BO', 'BR', 'BY', 'CA', 'CH', 'CL', 'CO', 'CR', 'CY', 'CZ', 'DE', 'DK', 'DO', 'DZ', 'EC', 'EE', 'EG', 'ES', 'FI', 'FR', 'GB', 'GE', 'GF', 'GH', 'GP', 'GR', 'GT', 'GU', 'HK', 'HN', 'HR', 'HU', 'ID', 'IE', 'IL', 'IN', 'IQ', 'IS', 'IT', 'JM', 'JO', 'JP', 'KE', 'KH', 'KR', 'KW', 'KY', 'KZ', 'LA', 'LB', 'LI', 'LK', 'LT', 'LU', 'LV', 'LY', 'MA', 'MK', 'MP', 'MQ', 'MT', 'MX', 'MY', 'NC', 'NG', 'NI', 'NL', 'NO', 'NP', 'NZ', 'OM', 'PA', 'PE', 'PF', 'PG', 'PH', 'PK', 'PL', 'PR', 'PT', 'PY', 'QA', 'RE', 'RO', 'RS', 'SA', 'SE', 'SG', 'SI', 'SK', 'SN', 'SV', 'TC', 'TH', 'TN', 'TR', 'TW', 'TZ', 'UA', 'UG', 'US', 'UY', 'VE', 'VI', 'VN', 'YE', 'YT', 'ZA', 'ZW']}",31.0,0.0,0.0,public,youtube,['https://en.wikipedia.org/wiki/Music']
BIiB3pcJjl0,Röövli-Roope,2025-04-24T10:04:56Z,"['Peeter Tooma', 'Tõnu Raadik', 'Folk Tune', 'Rafael Ramstedt', 'Kulle Raig', 'Vana Kaabu', 'Röövli-Roope']",10,UCROr0G47-LSfJMbuemX6Yjw,PT3M2S,hd,False,True,"{'allowed': ['AE', 'AR', 'AS', 'AT', 'AU', 'AW', 'AZ', 'BA', 'BD', 'BE', 'BG', 'BH', 'BM', 'BO', 'BR', 'BY', 'CA', 'CH', 'CL', 'CO', 'CR', 'CY', 'CZ', 'DE', 'DK', 'DO', 'DZ', 'EC', 'EE', 'EG', 'ES', 'FI', 'FR', 'GB', 'GE', 'GF', 'GH', 'GP', 'GR', 'GT', 'GU', 'HK', 'HN', 'HR', 'HU', 'ID', 'IE', 'IL', 'IN', 'IQ', 'IS', 'IT', 'JM', 'JO', 'JP', 'KE', 'KH', 'KR', 'KW', 'KY', 'KZ', 'LA', 'LB', 'LI', 'LK', 'LT', 'LU', 'LV', 'LY', 'MA', 'MK', 'MP', 'MQ', 'MT', 'MX', 'MY', 'NC', 'NG', 'NI', 'NL', 'NO', 'NP', 'NZ', 'OM', 'PA', 'PE', 'PF', 'PG', 'PH', 'PK', 'PL', 'PR', 'PT', 'PY', 'QA', 'RE', 'RO', 'RS', 'SA', 'SE', 'SG', 'SI', 'SK', 'SN', 'SV', 'TC', 'TH', 'TN', 'TR', 'TW', 'TZ', 'UA', 'UG', 'US', 'UY', 'VE', 'VI', 'VN', 'YE', 'YT', 'ZA', 'ZW']}",61.0,2.0,0.0,public,youtube,['https://en.wikipedia.org/wiki/Music']
p7MXxQUY5ZY,Kuulsuseta Lugu,2025-04-24T10:04:55Z,"['Peeter Tooma', 'Priit Pedajas', 'Hando Runnel', 'Unistuste Maal', 'Kuulsuseta Lugu']",10,UCROr0G47-LSfJMbuemX6Yjw,PT2M33S,hd,False,True,"{'allowed': ['AE', 'AR', 'AS', 'AT', 'AU', 'AW', 'AZ', 'BA', 'BD', 'BE', 'BG', 'BH', 'BM', 'BO', 'BR', 'BY', 'CA', 'CH', 'CL', 'CO', 'CR', 'CY', 'CZ', 'DE', 'DK', 'DO', 'DZ', 'EC', 'EE', 'EG', 'ES', 'FI', 'FR', 'GB', 'GE', 'GF', 'GH', 'GP', 'GR', 'GT', 'GU', 'HK', 'HN', 'HR', 'HU', 'ID', 'IE', 'IL', 'IN', 'IQ', 'IS', 'IT', 'JM', 'JO', 'JP', 'KE', 'KH', 'KR', 'KW', 'KY', 'KZ', 'LA', 'LB', 'LI', 'LK', 'LT', 'LU', 'LV', 'LY', 'MA', 'MK', 'MP', 'MQ', 'MT', 'MX', 'MY', 'NC', 'NG', 'NI', 'NL', 'NO', 'NP', 'NZ', 'OM', 'PA', 'PE', 'PF', 'PG', 'PH', 'PK', 'PL', 'PR', 'PT', 'PY', 'QA', 'RE', 'RO', 'RS', 'SA', 'SE', 'SG', 'SI', 'SK', 'SN', 'SV', 'TC', 'TH', 'TN', 'TR', 'TW', 'TZ', 'UA', 'UG', 'US', 'UY', 'VE', 'VI', 'VN', 'YE', 'YT', 'ZA', 'ZW']}",14.0,0.0,0.0,public,youtube,['https://en.wikipedia.org/wiki/Music']
qPMEwE88cNw,Üks Paat,2025-04-24T10:04:41Z,"['Peeter Tooma', 'Tõnu Raadik', 'Evelin Võigemast', 'Andrus Sädeme', 'Kersti Merilaas', 'Vana Kaabu', 'Üks Paat']",10,UCROr0G47-LSfJMbuemX6Yjw,PT3M47S,hd,False,True,"{'allowed': ['AE', 'AR', 'AS', 'AT', 'AU', 'AW', 'AZ', 'BA', 'BD', 'BE', 'BG', 'BH', 'BM', 'BO', 'BR', 'BY', 'CA', 'CH', 'CL', 'CO', 'CR', 'CY', 'CZ', 'DE', 'DK', 'DO', 'DZ', 'EC', 'EE', 'EG', 'ES', 'FI', 'FR', 'GB', 'GE', 'GF', 'GH', 'GP', 'GR', 'GT', 'GU', 'HK', 'HN', 'HR', 'HU', 'ID', 'IE', 'IL', 'IN', 'IQ', 'IS', 'IT', 'JM', 'JO', 'JP', 'KE', 'KH', 'KR', 'KW', 'KY', 'KZ', 'LA', 'LB', 'LI', 'LK', 'LT', 'LU', 'LV', 'LY', 'MA', 'MK', 'MP', 'MQ', 'MT', 'MX', 'MY', 'NC', 'NG', 'NI', 'NL', 'NO', 'NP', 'NZ', 'OM', 'PA', 'PE', 'PF', 'PG', 'PH', 'PK', 'PL', 'PR', 'PT', 'PY', 'QA', 'RE', 'RO', 'RS', 'SA', 'SE', 'SG', 'SI', 'SK', 'SN', 'SV', 'TC', 'TH', 'TN', 'TR', 'TW', 'TZ', 'UA', 'UG', 'US', 'UY', 'VE', 'VI', 'VN', 'YE', 'YT', 'ZA', 'ZW']}",81.0,3.0,0.0,public,youtube,['https://en.wikipedia.org/wiki/Music']
5GGkfhY9zVo,Kuningalaul,2025-04-24T10:04:37Z,"['Peeter Tooma', 'Tanel Tuurmaa', 'Ellen Niit', 'Lõvilaps', 'Kuningalaul']",10,UCROr0G47-LSfJMbuemX6Yjw,PT2M14S,hd,False,True,"{'allowed': ['AE', 'AR', 'AS', 'AT', 'AU', 'AW', 'AZ', 'BA', 'BD', 'BE', 'BG', 'BH', 'BM', 'BO', 'BR', 'BY', 'CA', 'CH', 'CL', 'CO', 'CR', 'CY', 'CZ', 'DE', 'DK', 'DO', 'DZ', 'EC', 'EE', 'EG', 'ES', 'FI', 'FR', 'GB', 'GE', 'GF', 'GH', 'GP', 'GR', 'GT', 'GU', 'HK', 'HN', 'HR', 'HU', 'ID', 'IE', 'IL', 'IN', 'IQ', 'IS', 'IT', 'JM', 'JO', 'JP', 'KE', 'KH', 'KR', 'KW', 'KY', 'KZ', 'LA', 'LB', 'LI', 'LK', 'LT', 'LU', 'LV', 'LY', 'MA', 'MK', 'MP', 'MQ', 'MT', 'MX', 'MY', 'NC', 'NG', 'NI', 'NL', 'NO', 'NP', 'NZ', 'OM', 'PA', 'PE', 'PF', 'PG', 'PH', 'PK', 'PL', 'PR', 'PT', 'PY', 'QA', 'RE', 'RO', 'RS', 'SA', 'SE', 'SG', 'SI', 'SK', 'SN', 'SV', 'TC', 'TH', 'TN', 'TR', 'TW', 'TZ', 'UA', 'UG', 'US', 'UY', 'VE', 'VI', 'VN', 'YE', 'YT', 'ZA', 'ZW']}",16.0,0.0,0.0,public,youtube,['https://en.wikipedia.org/wiki/Music']
j8u7yN9KEug,Pole,2025-04-24T10:04:33Z,"['Peeter Tooma', 'Inna Feldbach', 'Priit Pedajas', 'Tõnis Rätsep', 'Hendrik Adamson', 'Unistuste Maal', 'Pole']",10,UCROr0G47-LSfJMbuemX6Yjw,PT1M59S,hd,False,True,"{'allowed': ['AE', 'AR', 'AS', 'AT', 'AU', 'AW', 'AZ', 'BA', 'BD', 'BE', 'BG', 'BH', 'BM', 'BO', 'BR', 'BY', 'CA', 'CH', 'CL', 'CO', 'CR', 'CY', 'CZ', 'DE', 'DK', 'DO', 'DZ', 'EC', 'EE', 'EG', 'ES', 'FI', 'FR', 'GB', 'GE', 'GF', 'GH', 'GP', 'GR', 'GT', 'GU', 'HK', 'HN', 'HR', 'HU', 'ID', 'IE', 'IL', 'IN', 'IQ', 'IS', 'IT', 'JM', 'JO', 'JP', 'KE', 'KH', 'KR', 'KW', 'KY', 'KZ', 'LA', 'LB', 'LI', 'LK', 'LT', 'LU', 'LV', 'LY', 'MA', 'MK', 'MP', 'MQ', 'MT', 'MX', 'MY', 'NC', 'NG', 'NI', 'NL', 'NO', 'NP', 'NZ', 'OM', 'PA', 'PE', 'PF', 'PG', 'PH', 'PK', 'PL', 'PR', 'PT', 'PY', 'QA', 'RE', 'RO', 'RS', 'SA', 'SE', 'SG', 'SI', 'SK', 'SN', 'SV', 'TC', 'TH', 'TN', 'TR', 'TW', 'TZ', 'UA', 'UG', 'US', 'UY', 'VE', 'VI', 'VN', 'YE', 'YT', 'ZA', 'ZW']}",15.0,0.0,0.0,public,youtube,['https://en.wikipedia.org/wiki/Music']
dlLFDD8Bj0M,Karu Talvelaul,2025-04-24T10:04:26Z,"['Peeter Tooma', 'Eino Tamberg', 'Ellen Niit', 'Lõvilaps', 'Karu Talvelaul']",10,UCROr0G47-LSfJMbuemX6Yjw,PT2M23S,hd,False,True,"{'allowed': ['AE', 'AR', 'AS', 'AT', 'AU', 'AW', 'AZ', 'BA', 'BD', 'BE', 'BG', 'BH', 'BM', 'BO', 'BR', 'BY', 'CA', 'CH', 'CL', 'CO', 'CR', 'CY', 'CZ', 'DE', 'DK', 'DO', 'DZ', 'EC', 'EE', 'EG', 'ES', 'FI', 'FR', 'GB', 'GE', 'GF', 'GH', 'GP', 'GR', 'GT', 'GU', 'HK', 'HN', 'HR', 'HU', 'ID', 'IE', 'IL', 'IN', 'IQ', 'IS', 'IT', 'JM', 'JO', 'JP', 'KE', 'KH', 'KR', 'KW', 'KY', 'KZ', 'LA', 'LB', 'LI', 'LK', 'LT', 'LU', 'LV', 'LY', 'MA', 'MK', 'MP', 'MQ', 'MT', 'MX', 'MY', 'NC', 'NG', 'NI', 'NL', 'NO', 'NP', 'NZ', 'OM', 'PA', 'PE', 'PF', 'PG', 'PH', 'PK', 'PL', 'PR', 'PT', 'PY', 'QA', 'RE', 'RO', 'RS', 'SA', 'SE', 'SG', 'SI', 'SK', 'SN', 'SV', 'TC', 'TH', 'TN', 'TR', 'TW', 'TZ', 'UA', 'UG', 'US', 'UY', 'VE', 'VI', 'VN', 'YE', 'YT', 'ZA', 'ZW']}",11.0,0.0,0.0,public,youtube,['https://en.wikipedia.org/wiki/Music']
rsHSuFDi9mE,Värvid,2025-04-24T10:04:25Z,"['Peeter Tooma', 'Donovan', 'Unistuste Maal', 'Värvid']",10,UCROr0G47-LSfJMbuemX6Yjw,PT2M27S,hd,False,True,"{'allowed': ['AE', 'AR', 'AS', 'AT', 'AU', 'AW', 'AZ', 'BA', 'BD', 'BE', 'BG', 'BH', 'BM', 'BO', 'BR', 'BY', 'CA', 'CH', 'CL', 'CO', 'CR', 'CY', 'CZ', 'DE', 'DK', 'DO', 'DZ', 'EC', 'EE', 'EG', 'ES', 'FI', 'FR', 'GB', 'GE', 'GF', 'GH', 'GP', 'GR', 'GT', 'GU', 'HK', 'HN', 'HR', 'HU', 'ID', 'IE', 'IL', 'IN', 'IQ', 'IS', 'IT', 'JM', 'JO', 'JP', 'KE', 'KH', 'KR', 'KW', 'KY', 'KZ', 'LA', 'LB', 'LI', 'LK', 'LT', 'LU', 'LV', 'LY', 'MA', 'MK', 'MP', 'MQ', 'MT', 'MX', 'MY', 'NC', 'NG', 'NI', 'NL', 'NO', 'NP', 'NZ', 'OM', 'PA', 'PE', 'PF', 'PG', 'PH', 'PK', 'PL', 'PR', 'PT', 'PY', 'QA', 'RE', 'RO', 'RS', 'SA', 'SE', 'SG', 'SI', 'SK', 'SN', 'SV', 'TC', 'TH', 'TN', 'TR', 'TW', 'TZ', 'UA', 'UG', 'US', 'UY', 'VE', 'VI', 'VN', 'YE', 'YT', 'ZA', 'ZW']}",19.0,0.0,0.0,public,youtube,['https://en.wikipedia.org/wiki/Music']
orkIm484ef0,Lõvilaps,2025-04-24T10:04:15Z,"['Peeter Tooma', 'Malle Pärn', 'Heljo Mänd', 'Tõnu Raadik', 'Lõvilaps']",10,UCROr0G47-LSfJMbuemX6Yjw,PT3M43S,hd,False,True,"{'allowed': ['AE', 'AR', 'AS', 'AT', 'AU', 'AW', 'AZ', 'BA', 'BD', 'BE', 'BG', 'BH', 'BM', 'BO', 'BR', 'BY', 'CA', 'CH', 'CL', 'CO', 'CR', 'CY', 'CZ', 'DE', 'DK', 'DO', 'DZ', 'EC', 'EE', 'EG', 'ES', 'FI', 'FR', 'GB', 'GE', 'GF', 'GH', 'GP', 'GR', 'GT', 'GU', 'HK', 'HN', 'HR', 'HU', 'ID', 'IE', 'IL', 'IN', 'IQ', 'IS', 'IT', 'JM', 'JO', 'JP', 'KE', 'KH', 'KR', 'KW', 'KY', 'KZ', 'LA', 'LB', 'LI', 'LK', 'LT', 'LU', 'LV', 'LY', 'MA', 'MK', 'MP', 'MQ', 'MT', 'MX', 'MY', 'NC', 'NG', 'NI', 'NL', 'NO', 'NP', 'NZ', 'OM', 'PA', 'PE', 'PF', 'PG', 'PH', 'PK', 'PL', 'PR', 'PT', 'PY', 'QA', 'RE', 'RO', 'RS', 'SA', 'SE', 'SG', 'SI', 'SK', 'SN', 'SV', 'TC', 'TH', 'TN', 'TR', 'TW', 'TZ', 'UA', 'UG', 'US', 'UY', 'VE', 'VI', 'VN', 'YE', 'YT', 'ZA', 'ZW']}",14.0,0.0,0.0,public,youtube,['https://en.wikipedia.org/wiki/Music']
r6EaI1Yo7S4,Nääripolka,2025-04-24T10:04:11Z,"['Peeter Tooma', 'Anu Kaal', 'Henning Koie', 'Lõvilaps', 'Nääripolka']",10,UCROr0G47-LSfJMbuemX6Yjw,PT2M1S,hd,False,True,"{'allowed': ['AE', 'AR', 'AS', 'AT', 'AU', 'AW', 'AZ', 'BA', 'BD', 'BE', 'BG', 'BH', 'BM', 'BO', 'BR', 'BY', 'CA', 'CH', 'CL', 'CO', 'CR', 'CY', 'CZ', 'DE', 'DK', 'DO', 'DZ', 'EC', 'EE', 'EG', 'ES', 'FI', 'FR', 'GB', 'GE', 'GF', 'GH', 'GP', 'GR', 'GT', 'GU', 'HK', 'HN', 'HR', 'HU', 'ID', 'IE', 'IL', 'IN', 'IQ', 'IS', 'IT', 'JM', 'JO', 'JP', 'KE', 'KH', 'KR', 'KW', 'KY', 'KZ', 'LA', 'LB', 'LI', 'LK', 'LT', 'LU', 'LV', 'LY', 'MA', 'MK', 'MP', 'MQ', 'MT', 'MX', 'MY', 'NC', 'NG', 'NI', 'NL', 'NO', 'NP', 'NZ', 'OM', 'PA', 'PE', 'PF', 'PG', 'PH', 'PK', 'PL', 'PR', 'PT', 'PY', 'QA', 'RE', 'RO', 'RS', 'SA', 'SE', 'SG', 'SI', 'SK', 'SN', 'SV', 'TC', 'TH', 'TN', 'TR', 'TW', 'TZ', 'UA', 'UG', 'US', 'UY', 'VE', 'VI', 'VN', 'YE', 'YT', 'ZA', 'ZW']}",24.0,0.0,0.0,public,youtube,['https://en.wikipedia.org/wiki/Music']
cd19k8Ep310,Unistuste Maal,2025-04-24T10:04:10Z,"['Peeter Tooma', 'P. Simon', 'A. Garfunkel', 'Unistuste Maal']",10,UCROr0G47-LSfJMbuemX6Yjw,PT2M19S,hd,False,True,"{'allowed': ['AE', 'AR', 'AS', 'AT', 'AU', 'AW', 'AZ', 'BA', 'BD', 'BE', 'BG', 'BH', 'BM', 'BO', 'BR', 'BY', 'CA', 'CH', 'CL', 'CO', 'CR', 'CY', 'CZ', 'DE', 'DK', 'DO', 'DZ', 'EC', 'EE', 'EG', 'ES', 'FI', 'FR', 'GB', 'GE', 'GF', 'GH', 'GP', 'GR', 'GT', 'GU', 'HK', 'HN', 'HR', 'HU', 'ID', 'IE', 'IL', 'IN', 'IQ', 'IS', 'IT', 'JM', 'JO', 'JP', 'KE', 'KH', 'KR', 'KW', 'KY', 'KZ', 'LA', 'LB', 'LI', 'LK', 'LT', 'LU', 'LV', 'LY', 'MA', 'MK', 'MP', 'MQ', 'MT', 'MX', 'MY', 'NC', 'NG', 'NI', 'NL', 'NO', 'NP', 'NZ', 'OM', 'PA', 'PE', 'PF', 'PG', 'PH', 'PK', 'PL', 'PR', 'PT', 'PY', 'QA', 'RE', 'RO', 'RS', 'SA', 'SE', 'SG', 'SI', 'SK', 'SN', 'SV', 'TC', 'TH', 'TN', 'TR', 'TW', 'TZ', 'UA', 'UG', 'US', 'UY', 'VE', 'VI', 'VN', 'YE', 'YT', 'ZA', 'ZW']}",29.0,1.0,0.0,public,youtube,['https://en.wikipedia.org/wiki/Music']
pFijKg8BghU,Kui Sa'i Ole,2025-04-24T10:04:06Z,"['Peeter Tooma', 'Unistuste Maal', ""Kui Sa'i Ole""]",10,UCROr0G47-LSfJMbuemX6Yjw,PT2M20S,hd,False,True,"{'allowed': ['AE', 'AR', 'AS', 'AT', 'AU', 'AW', 'AZ', 'BA', 'BD', 'BE', 'BG', 'BH', 'BM', 'BO', 'BR', 'BY', 'CA', 'CH', 'CL', 'CO', 'CR', 'CY', 'CZ', 'DE', 'DK', 'DO', 'DZ', 'EC', 'EE', 'EG', 'ES', 'FI', 'FR', 'GB', 'GE', 'GF', 'GH', 'GP', 'GR', 'GT', 'GU', 'HK', 'HN', 'HR', 'HU', 'ID', 'IE', 'IL', 'IN', 'IQ', 'IS', 'IT', 'JM', 'JO', 'JP', 'KE', 'KH', 'KR', 'KW', 'KY', 'KZ', 'LA', 'LB', 'LI', 'LK', 'LT', 'LU', 'LV', 'LY', 'MA', 'MK', 'MP', 'MQ', 'MT', 'MX', 'MY', 'NC', 'NG', 'NI', 'NL', 'NO', 'NP', 'NZ', 'OM', 'PA', 'PE', 'PF', 'PG', 'PH', 'PK', 'PL', 'PR', 'PT', 'PY', 'QA', 'RE', 'RO', 'RS', 'SA', 'SE', 'SG', 'SI', 'SK', 'SN', 'SV', 'TC', 'TH', 'TN', 'TR', 'TW', 'TZ', 'UA', 'UG', 'US', 'UY', 'VE', 'VI', 'VN', 'YE', 'YT', 'ZA', 'ZW']}",17.0,0.0,0.0,public,youtube,['https://en.wikipedia.org/wiki/Music']
aaJeIssnB3Y,Pöialpoiste Laul,2025-04-24T10:03:51Z,"['Peeter Tooma', 'ETV laululapsed', 'F.Churchill', 'Lõvilaps', 'Pöialpoiste Laul']",10,UCROr0G47-LSfJMbuemX6Yjw,PT1M37S,hd,False,True,"{'allowed': ['AE', 'AR', 'AS', 'AT', 'AU', 'AW', 'AZ', 'BA', 'BD', 'BE', 'BG', 'BH', 'BM', 'BO', 'BR', 'BY', 'CA', 'CH', 'CL', 'CO', 'CR', 'CY', 'CZ', 'DE', 'DK', 'DO', 'DZ', 'EC', 'EE', 'EG', 'ES', 'FI', 'FR', 'GB', 'GE', 'GF', 'GH', 'GP', 'GR', 'GT', 'GU', 'HK', 'HN', 'HR', 'HU', 'ID', 'IE', 'IL', 'IN', 'IQ', 'IS', 'IT', 'JM', 'JO', 'JP', 'KE', 'KH', 'KR', 'KW', 'KY', 'KZ', 'LA', 'LB', 'LI', 'LK', 'LT', 'LU', 'LV', 'LY', 'MA', 'MK', 'MP', 'MQ', 'MT', 'MX', 'MY', 'NC', 'NG', 'NI', 'NL', 'NO', 'NP', 'NZ', 'OM', 'PA', 'PE', 'PF', 'PG', 'PH', 'PK', 'PL', 'PR', 'PT', 'PY', 'QA', 'RE', 'RO', 'RS', 'SA', 'SE', 'SG', 'SI', 'SK', 'SN', 'SV', 'TC', 'TH', 'TN', 'TR', 'TW', 'TZ', 'UA', 'UG', 'US', 'UY', 'VE', 'VI', 'VN', 'YE', 'YT', 'ZA', 'ZW']}",48.0,0.0,0.0,public,youtube,['https://en.wikipedia.org/wiki/Music']
M84fxHk7Cw8,Mona Lisa,2025-04-24T10:03:49Z,"['Peeter Tooma', 'Tõnu Raadik', 'Jay Livingstone', 'Ray Evans', 'Vana Kaabu', 'Mona Lisa']",10,UCROr0G47-LSfJMbuemX6Yjw,PT3M44S,hd,False,True,"{'allowed': ['AE', 'AR', 'AS', 'AT', 'AU', 'AW', 'AZ', 'BA', 'BD', 'BE', 'BG', 'BH', 'BM', 'BO', 'BR', 'BY', 'CA', 'CH', 'CL', 'CO', 'CR', 'CY', 'CZ', 'DE', 'DK', 'DO', 'DZ', 'EC', 'EE', 'EG', 'ES', 'FI', 'FR', 'GB', 'GE', 'GF', 'GH', 'GP', 'GR', 'GT', 'GU', 'HK', 'HN', 'HR', 'HU', 'ID', 'IE', 'IL', 'IN', 'IQ', 'IS', 'IT', 'JM', 'JO', 'JP', 'KE', 'KH', 'KR', 'KW', 'KY', 'KZ', 'LA', 'LB', 'LI', 'LK', 'LT', 'LU', 'LV', 'LY', 'MA', 'MK', 'MP', 'MQ', 'MT', 'MX', 'MY', 'NC', 'NG', 'NI', 'NL', 'NO', 'NP', 'NZ', 'OM', 'PA', 'PE', 'PF', 'PG', 'PH', 'PK', 'PL', 'PR', 'PT', 'PY', 'QA', 'RE', 'RO', 'RS', 'SA', 'SE', 'SG', 'SI', 'SK', 'SN', 'SV', 'TC', 'TH', 'TN', 'TR', 'TW', 'TZ', 'UA', 'UG', 'US', 'UY', 'VE', 'VI', 'VN', 'YE', 'YT', 'ZA', 'ZW']}",28.0,0.0,0.0,public,youtube,['https://en.wikipedia.org/wiki/Music']
xH279qb_V00,Tiritamme Mullid,2025-04-24T10:03:48Z,"['Peeter Tooma', 'Evelin Võigemast', 'Ellen Niit', 'Hando Runnel', 'Tõnu Raadik', 'Lõvilaps', 'Tiritamme Mullid']",10,UCROr0G47-LSfJMbuemX6Yjw,PT2M3S,hd,False,True,"{'allowed': ['AE', 'AR', 'AS', 'AT', 'AU', 'AW', 'AZ', 'BA', 'BD', 'BE', 'BG', 'BH', 'BM', 'BO', 'BR', 'BY', 'CA', 'CH', 'CL', 'CO', 'CR', 'CY', 'CZ', 'DE', 'DK', 'DO', 'DZ', 'EC', 'EE', 'EG', 'ES', 'FI', 'FR', 'GB', 'GE', 'GF', 'GH', 'GP', 'GR', 'GT', 'GU', 'HK', 'HN', 'HR', 'HU', 'ID', 'IE', 'IL', 'IN', 'IQ', 'IS', 'IT', 'JM', 'JO', 'JP', 'KE', 'KH', 'KR', 'KW', 'KY', 'KZ', 'LA', 'LB', 'LI', 'LK', 'LT', 'LU', 'LV', 'LY', 'MA', 'MK', 'MP', 'MQ', 'MT', 'MX', 'MY', 'NC', 'NG', 'NI', 'NL', 'NO', 'NP', 'NZ', 'OM', 'PA', 'PE', 'PF', 'PG', 'PH', 'PK', 'PL', 'PR', 'PT', 'PY', 'QA', 'RE', 'RO', 'RS', 'SA', 'SE', 'SG', 'SI', 'SK', 'SN', 'SV', 'TC', 'TH', 'TN', 'TR', 'TW', 'TZ', 'UA', 'UG', 'US', 'UY', 'VE', 'VI', 'VN', 'YE', 'YT', 'ZA', 'ZW']}",11.0,0.0,0.0,public,youtube,['https://en.wikipedia.org/wiki/Music']
rZW4ulYo01s,Mängulaul,2025-04-24T10:03:40Z,"['Peeter Tooma', 'Olav Ehala', 'Lauri Nebel', 'Folk Tune', 'Julius Oro', 'Lõvilaps', 'Mängulaul']",10,UCROr0G47-LSfJMbuemX6Yjw,PT49S,hd,False,True,"{'allowed': ['AE', 'AR', 'AS', 'AT', 'AU', 'AW', 'AZ', 'BA', 'BD', 'BE', 'BG', 'BH', 'BM', 'BO', 'BR', 'BY', 'CA', 'CH', 'CL', 'CO', 'CR', 'CY', 'CZ', 'DE', 'DK', 'DO', 'DZ', 'EC', 'EE', 'EG', 'ES', 'FI', 'FR', 'GB', 'GE', 'GF', 'GH', 'GP', 'GR', 'GT', 'GU', 'HK', 'HN', 'HR', 'HU', 'ID', 'IE', 'IL', 'IN', 'IQ', 'IS', 'IT', 'JM', 'JO', 'JP', 'KE', 'KH', 'KR', 'KW', 'KY', 'KZ', 'LA', 'LB', 'LI', 'LK', 'LT', 'LU', 'LV', 'LY', 'MA', 'MK', 'MP', 'MQ', 'MT', 'MX', 'MY', 'NC', 'NG', 'NI', 'NL', 'NO', 'NP', 'NZ', 'OM', 'PA', 'PE', 'PF', 'PG', 'PH', 'PK', 'PL', 'PR', 'PT', 'PY', 'QA', 'RE', 'RO', 'RS', 'SA', 'SE', 'SG', 'SI', 'SK', 'SN', 'SV', 'TC', 'TH', 'TN', 'TR', 'TW', 'TZ', 'UA', 'UG', 'US', 'UY', 'VE', 'VI', 'VN', 'YE', 'YT', 'ZA', 'ZW']}",5.0,0.0,0.0,public,youtube,['https://en.wikipedia.org/wiki/Music']
RIM6bWS-ueE,Vana Kaabu,2025-04-24T10:03:14Z,"['Peeter Tooma', 'Tõnu Raadik', 'Tapio Rautavaara', 'Vana Kaabu']",10,UCROr0G47-LSfJMbuemX6Yjw,PT3M23S,hd,False,True,"{'allowed': ['AE', 'AR', 'AS', 'AT', 'AU', 'AW', 'AZ', 'BA', 'BD', 'BE', 'BG', 'BH', 'BM', 'BO', 'BR', 'BY', 'CA', 'CH', 'CL', 'CO', 'CR', 'CY', 'CZ', 'DE', 'DK', 'DO', 'DZ', 'EC', 'EE', 'EG', 'ES', 'FI', 'FR', 'GB', 'GE', 'GF', 'GH', 'GP', 'GR', 'GT', 'GU', 'HK', 'HN', 'HR', 'HU', 'ID', 'IE', 'IL', 'IN', 'IQ', 'IS', 'IT', 'JM', 'JO', 'JP', 'KE', 'KH', 'KR', 'KW', 'KY', 'KZ', 'LA', 'LB', 'LI', 'LK', 'LT', 'LU', 'LV', 'LY', 'MA', 'MK', 'MP', 'MQ', 'MT', 'MX', 'MY', 'NC', 'NG', 'NI', 'NL', 'NO', 'NP', 'NZ', 'OM', 'PA', 'PE', 'PF', 'PG', 'PH', 'PK', 'PL', 'PR', 'PT', 'PY', 'QA', 'RE', 'RO', 'RS', 'SA', 'SE', 'SG', 'SI', 'SK', 'SN', 'SV', 'TC', 'TH', 'TN', 'TR', 'TW', 'TZ', 'UA', 'UG', 'US', 'UY', 'VE', 'VI', 'VN', 'YE', 'YT', 'ZA', 'ZW']}",4.0,0.0,0.0,public,youtube,['https://en.wikipedia.org/wiki/Music']
Q2XcXo4yNJE,Õilis Teeröövel,2025-04-24T10:03:06Z,"['Peeter Tooma', 'Raivo Kõrgemägi', 'Kalju Kangur', 'Lõvilaps', 'Õilis Teeröövel']",10,UCROr0G47-LSfJMbuemX6Yjw,PT57S,hd,False,True,"{'allowed': ['AE', 'AR', 'AS', 'AT', 'AU', 'AW', 'AZ', 'BA', 'BD', 'BE', 'BG', 'BH', 'BM', 'BO', 'BR', 'BY', 'CA', 'CH', 'CL', 'CO', 'CR', 'CY', 'CZ', 'DE', 'DK', 'DO', 'DZ', 'EC', 'EE', 'EG', 'ES', 'FI', 'FR', 'GB', 'GE', 'GF', 'GH', 'GP', 'GR', 'GT', 'GU', 'HK', 'HN', 'HR', 'HU', 'ID', 'IE', 'IL', 'IN', 'IQ', 'IS', 'IT', 'JM', 'JO', 'JP', 'KE', 'KH', 'KR', 'KW', 'KY', 'KZ', 'LA', 'LB', 'LI', 'LK', 'LT', 'LU', 'LV', 'LY', 'MA', 'MK', 'MP', 'MQ', 'MT', 'MX', 'MY', 'NC', 'NG', 'NI', 'NL', 'NO', 'NP', 'NZ', 'OM', 'PA', 'PE', 'PF', 'PG', 'PH', 'PK', 'PL', 'PR', 'PT', 'PY', 'QA', 'RE', 'RO', 'RS', 'SA', 'SE', 'SG', 'SI', 'SK', 'SN', 'SV', 'TC', 'TH', 'TN', 'TR', 'TW', 'TZ', 'UA', 'UG', 'US', 'UY', 'VE', 'VI', 'VN', 'YE', 'YT', 'ZA', 'ZW']}",0.0,0.0,0.0,public,youtube,['https://en.wikipedia.org/wiki/Music']
HouIlJD_EI4,Sarvelaul,2025-04-24T10:03:05Z,"['Peeter Tooma', 'Kalle Kauksi', 'Tiit Kiken', 'Folk Song', 'Unistuste Maal', 'Sarvelaul']",10,UCROr0G47-LSfJMbuemX6Yjw,PT1M36S,hd,False,True,"{'allowed': ['AE', 'AR', 'AS', 'AT', 'AU', 'AW', 'AZ', 'BA', 'BD', 'BE', 'BG', 'BH', 'BM', 'BO', 'BR', 'BY', 'CA', 'CH', 'CL', 'CO', 'CR', 'CY', 'CZ', 'DE', 'DK', 'DO', 'DZ', 'EC', 'EE', 'EG', 'ES', 'FI', 'FR', 'GB', 'GE', 'GF', 'GH', 'GP', 'GR', 'GT', 'GU', 'HK', 'HN', 'HR', 'HU', 'ID', 'IE', 'IL', 'IN', 'IQ', 'IS', 'IT', 'JM', 'JO', 'JP', 'KE', 'KH', 'KR', 'KW', 'KY', 'KZ', 'LA', 'LB', 'LI', 'LK', 'LT', 'LU', 'LV', 'LY', 'MA', 'MK', 'MP', 'MQ', 'MT', 'MX', 'MY', 'NC', 'NG', 'NI', 'NL', 'NO', 'NP', 'NZ', 'OM', 'PA', 'PE', 'PF', 'PG', 'PH', 'PK', 'PL', 'PR', 'PT', 'PY', 'QA', 'RE', 'RO', 'RS', 'SA', 'SE', 'SG', 'SI', 'SK', 'SN', 'SV', 'TC', 'TH', 'TN', 'TR', 'TW', 'TZ', 'UA', 'UG', 'US', 'UY', 'VE', 'VI', 'VN', 'YE', 'YT', 'ZA', 'ZW']}",6.0,0.0,0.0,public,youtube,['https://en.wikipedia.org/wiki/Music']
U0hL703BT2A,Vihmapüha,2025-04-24T10:03:05Z,"['Peeter Tooma', 'Tõnu Raadik', 'Evelin Võigemast', 'Mirtel Kaljuvee', 'Paul Stookey', 'Peter Yarrow', 'Vana Kaabu', 'Vihmapüha']",10,UCROr0G47-LSfJMbuemX6Yjw,PT2M48S,hd,False,True,"{'allowed': ['AE', 'AR', 'AS', 'AT', 'AU', 'AW', 'AZ', 'BA', 'BD', 'BE', 'BG', 'BH', 'BM', 'BO', 'BR', 'BY', 'CA', 'CH', 'CL', 'CO', 'CR', 'CY', 'CZ', 'DE', 'DK', 'DO', 'DZ', 'EC', 'EE', 'EG', 'ES', 'FI', 'FR', 'GB', 'GE', 'GF', 'GH', 'GP', 'GR', 'GT', 'GU', 'HK', 'HN', 'HR', 'HU', 'ID', 'IE', 'IL', 'IN', 'IQ', 'IS', 'IT', 'JM', 'JO', 'JP', 'KE', 'KH', 'KR', 'KW', 'KY', 'KZ', 'LA', 'LB', 'LI', 'LK', 'LT', 'LU', 'LV', 'LY', 'MA', 'MK', 'MP', 'MQ', 'MT', 'MX', 'MY', 'NC', 'NG', 'NI', 'NL', 'NO', 'NP', 'NZ', 'OM', 'PA', 'PE', 'PF', 'PG', 'PH', 'PK', 'PL', 'PR', 'PT', 'PY', 'QA', 'RE', 'RO', 'RS', 'SA', 'SE', 'SG', 'SI', 'SK', 'SN', 'SV', 'TC', 'TH', 'TN', 'TR', 'TW', 'TZ', 'UA', 'UG', 'US', 'UY', 'VE', 'VI', 'VN', 'YE', 'YT', 'ZA', 'ZW']}",5.0,0.0,0.0,public,youtube,['https://en.wikipedia.org/wiki/Music']
ZMju3kZIVzE,Jää Jumalaga,2025-04-24T10:03:05Z,"['Peeter Tooma', 'Roger Whittaker', 'Unistuste Maal', 'Jää Jumalaga']",10,UCROr0G47-LSfJMbuemX6Yjw,PT3M19S,hd,False,True,"{'allowed': ['AE', 'AR', 'AS', 'AT', 'AU', 'AW', 'AZ', 'BA', 'BD', 'BE', 'BG', 'BH', 'BM', 'BO', 'BR', 'BY', 'CA', 'CH', 'CL', 'CO', 'CR', 'CY', 'CZ', 'DE', 'DK', 'DO', 'DZ', 'EC', 'EE', 'EG', 'ES', 'FI', 'FR', 'GB', 'GE', 'GF', 'GH', 'GP', 'GR', 'GT', 'GU', 'HK', 'HN', 'HR', 'HU', 'ID', 'IE', 'IL', 'IN', 'IQ', 'IS', 'IT', 'JM', 'JO', 'JP', 'KE', 'KH', 'KR', 'KW', 'KY', 'KZ', 'LA', 'LB', 'LI', 'LK', 'LT', 'LU', 'LV', 'LY', 'MA', 'MK', 'MP', 'MQ', 'MT', 'MX', 'MY', 'NC', 'NG', 'NI', 'NL', 'NO', 'NP', 'NZ', 'OM', 'PA', 'PE', 'PF', 'PG', 'PH', 'PK', 'PL', 'PR', 'PT', 'PY', 'QA', 'RE', 'RO', 'RS', 'SA', 'SE', 'SG', 'SI', 'SK', 'SN', 'SV', 'TC', 'TH', 'TN', 'TR', 'TW', 'TZ', 'UA', 'UG', 'US', 'UY', 'VE', 'VI', 'VN', 'YE', 'YT', 'ZA', 'ZW']}",6.0,0.0,0.0,public,youtube,['https://en.wikipedia.org/wiki/Music']
bmYtj7EXPWM,Väiksed Kastid,2025-04-24T10:02:58Z,"['Peeter Tooma', 'M. Reynolds', 'Unistuste Maal', 'Väiksed Kastid']",10,UCROr0G47-LSfJMbuemX6Yjw,PT2M29S,hd,False,True,"{'allowed': ['AE', 'AR', 'AS', 'AT', 'AU', 'AW', 'AZ', 'BA', 'BD', 'BE', 'BG', 'BH', 'BM', 'BO', 'BR', 'BY', 'CA', 'CH', 'CL', 'CO', 'CR', 'CY', 'CZ', 'DE', 'DK', 'DO', 'DZ', 'EC', 'EE', 'EG', 'ES', 'FI', 'FR', 'GB', 'GE', 'GF', 'GH', 'GP', 'GR', 'GT', 'GU', 'HK', 'HN', 'HR', 'HU', 'ID', 'IE', 'IL', 'IN', 'IQ', 'IS', 'IT', 'JM', 'JO', 'JP', 'KE', 'KH', 'KR', 'KW', 'KY', 'KZ', 'LA', 'LB', 'LI', 'LK', 'LT', 'LU', 'LV', 'LY', 'MA', 'MK', 'MP', 'MQ', 'MT', 'MX', 'MY', 'NC', 'NG', 'NI', 'NL', 'NO', 'NP', 'NZ', 'OM', 'PA', 'PE', 'PF', 'PG', 'PH', 'PK', 'PL', 'PR', 'PT', 'PY', 'QA', 'RE', 'RO', 'RS', 'SA', 'SE', 'SG', 'SI', 'SK', 'SN', 'SV', 'TC', 'TH', 'TN', 'TR', 'TW', 'TZ', 'UA', 'UG', 'US', 'UY', 'VE', 'VI', 'VN', 'YE', 'YT', 'ZA', 'ZW']}",2.0,0.0,0.0,public,youtube,['https://en.wikipedia.org/wiki/Music']
ZJIVK8ycOGg,Vaarisa,2025-04-24T10:02:57Z,"['Peeter Tooma', 'Tõnu Raadik', 'Mats Traat', 'Vana Kaabu', 'Vaarisa']",10,UCROr0G47-LSfJMbuemX6Yjw,PT3M6S,hd,False,True,"{'allowed': ['AE', 'AR', 'AS', 'AT', 'AU', 'AW', 'AZ', 'BA', 'BD', 'BE', 'BG', 'BH', 'BM', 'BO', 'BR', 'BY', 'CA', 'CH', 'CL', 'CO', 'CR', 'CY', 'CZ', 'DE', 'DK', 'DO', 'DZ', 'EC', 'EE', 'EG', 'ES', 'FI', 'FR', 'GB', 'GE', 'GF', 'GH', 'GP', 'GR', 'GT', 'GU', 'HK', 'HN', 'HR', 'HU', 'ID', 'IE', 'IL', 'IN', 'IQ', 'IS', 'IT', 'JM', 'JO', 'JP', 'KE', 'KH', 'KR', 'KW', 'KY', 'KZ', 'LA', 'LB', 'LI', 'LK', 'LT', 'LU', 'LV', 'LY', 'MA', 'MK', 'MP', 'MQ', 'MT', 'MX', 'MY', 'NC', 'NG', 'NI', 'NL', 'NO', 'NP', 'NZ', 'OM', 'PA', 'PE', 'PF', 'PG', 'PH', 'PK', 'PL', 'PR', 'PT', 'PY', 'QA', 'RE', 'RO', 'RS', 'SA', 'SE', 'SG', 'SI', 'SK', 'SN', 'SV', 'TC', 'TH', 'TN', 'TR', 'TW', 'TZ', 'UA', 'UG', 'US', 'UY', 'VE', 'VI', 'VN', 'YE', 'YT', 'ZA', 'ZW']}",6.0,0.0,0.0,public,youtube,['https://en.wikipedia.org/wiki/Music']
cx10y3f-Pg0,Ühepajatoit,2025-04-24T10:02:57Z,"['Peeter Tooma', 'ETV laululapsed', 'Raivo Kõrgemägi', 'Venda Sõelsepp', 'Lõvilaps', 'Ühepajatoit']",10,UCROr0G47-LSfJMbuemX6Yjw,PT52S,hd,False,True,"{'allowed': ['AE', 'AR', 'AS', 'AT', 'AU', 'AW', 'AZ', 'BA', 'BD', 'BE', 'BG', 'BH', 'BM', 'BO', 'BR', 'BY', 'CA', 'CH', 'CL', 'CO', 'CR', 'CY', 'CZ', 'DE', 'DK', 'DO', 'DZ', 'EC', 'EE', 'EG', 'ES', 'FI', 'FR', 'GB', 'GE', 'GF', 'GH', 'GP', 'GR', 'GT', 'GU', 'HK', 'HN', 'HR', 'HU', 'ID', 'IE', 'IL', 'IN', 'IQ', 'IS', 'IT', 'JM', 'JO', 'JP', 'KE', 'KH', 'KR', 'KW', 'KY', 'KZ', 'LA', 'LB', 'LI', 'LK', 'LT', 'LU', 'LV', 'LY', 'MA', 'MK', 'MP', 'MQ', 'MT', 'MX', 'MY', 'NC', 'NG', 'NI', 'NL', 'NO', 'NP', 'NZ', 'OM', 'PA', 'PE', 'PF', 'PG', 'PH', 'PK', 'PL', 'PR', 'PT', 'PY', 'QA', 'RE', 'RO', 'RS', 'SA', 'SE', 'SG', 'SI', 'SK', 'SN', 'SV', 'TC', 'TH', 'TN', 'TR', 'TW', 'TZ', 'UA', 'UG', 'US', 'UY', 'VE', 'VI', 'VN', 'YE', 'YT', 'ZA', 'ZW']}",3.0,0.0,0.0,public,youtube,['https://en.wikipedia.org/wiki/Music']
yhaEq2VovT0,Kui Koitnuks Hommik,2025-04-24T10:02:50Z,"['Peeter Tooma', 'Tõnu Raadik', 'Cat Stevens', 'Vana Kaabu', 'Kui Koitnuks Hommik']",10,UCROr0G47-LSfJMbuemX6Yjw,PT3M17S,hd,False,True,"{'allowed': ['AE', 'AR', 'AS', 'AT', 'AU', 'AW', 'AZ', 'BA', 'BD', 'BE', 'BG', 'BH', 'BM', 'BO', 'BR', 'BY', 'CA', 'CH', 'CL', 'CO', 'CR', 'CY', 'CZ', 'DE', 'DK', 'DO', 'DZ', 'EC', 'EE', 'EG', 'ES', 'FI', 'FR', 'GB', 'GE', 'GF', 'GH', 'GP', 'GR', 'GT', 'GU', 'HK', 'HN', 'HR', 'HU', 'ID', 'IE', 'IL', 'IN', 'IQ', 'IS', 'IT', 'JM', 'JO', 'JP', 'KE', 'KH', 'KR', 'KW', 'KY', 'KZ', 'LA', 'LB', 'LI', 'LK', 'LT', 'LU', 'LV', 'LY', 'MA', 'MK', 'MP', 'MQ', 'MT', 'MX', 'MY', 'NC', 'NG', 'NI', 'NL', 'NO', 'NP', 'NZ', 'OM', 'PA', 'PE', 'PF', 'PG', 'PH', 'PK', 'PL', 'PR', 'PT', 'PY', 'QA', 'RE', 'RO', 'RS', 'SA', 'SE', 'SG', 'SI', 'SK', 'SN', 'SV', 'TC', 'TH', 'TN', 'TR', 'TW', 'TZ', 'UA', 'UG', 'US', 'UY', 'VE', 'VI', 'VN', 'YE', 'YT', 'ZA', 'ZW']}",6.0,0.0,0.0,public,youtube,['https://en.wikipedia.org/wiki/Music']
EZv9AVxxlcg,Kirik,2025-04-24T10:02:42Z,"['Peeter Tooma', 'Arvi Siig', 'Unistuste Maal', 'Kirik']",10,UCROr0G47-LSfJMbuemX6Yjw,PT1M34S,hd,False,True,"{'allowed': ['AE', 'AR', 'AS', 'AT', 'AU', 'AW', 'AZ', 'BA', 'BD', 'BE', 'BG', 'BH', 'BM', 'BO', 'BR', 'BY', 'CA', 'CH', 'CL', 'CO', 'CR', 'CY', 'CZ', 'DE', 'DK', 'DO', 'DZ', 'EC', 'EE', 'EG', 'ES', 'FI', 'FR', 'GB', 'GE', 'GF', 'GH', 'GP', 'GR', 'GT', 'GU', 'HK', 'HN', 'HR', 'HU', 'ID', 'IE', 'IL', 'IN', 'IQ', 'IS', 'IT', 'JM', 'JO', 'JP', 'KE', 'KH', 'KR', 'KW', 'KY', 'KZ', 'LA', 'LB', 'LI', 'LK', 'LT', 'LU', 'LV', 'LY', 'MA', 'MK', 'MP', 'MQ', 'MT', 'MX', 'MY', 'NC', 'NG', 'NI', 'NL', 'NO', 'NP', 'NZ', 'OM', 'PA', 'PE', 'PF', 'PG', 'PH', 'PK', 'PL', 'PR', 'PT', 'PY', 'QA', 'RE', 'RO', 'RS', 'SA', 'SE', 'SG', 'SI', 'SK', 'SN', 'SV', 'TC', 'TH', 'TN', 'TR', 'TW', 'TZ', 'UA', 'UG', 'US', 'UY', 'VE', 'VI', 'VN', 'YE', 'YT', 'ZA', 'ZW']}",2.0,0.0,0.0,public,youtube,['https://en.wikipedia.org/wiki/Music']
ODcukLDVFoY,Hello Hallo,2025-04-24T10:02:36Z,"['Peeter Tooma', 'ETV laululapsed', 'Lõvilaps', 'Hello Hallo']",10,UCROr0G47-LSfJMbuemX6Yjw,PT1M10S,hd,False,True,"{'allowed': ['AE', 'AR', 'AS', 'AT', 'AU', 'AW', 'AZ', 'BA', 'BD', 'BE', 'BG', 'BH', 'BM', 'BO', 'BR', 'BY', 'CA', 'CH', 'CL', 'CO', 'CR', 'CY', 'CZ', 'DE', 'DK', 'DO', 'DZ', 'EC', 'EE', 'EG', 'ES', 'FI', 'FR', 'GB', 'GE', 'GF', 'GH', 'GP', 'GR', 'GT', 'GU', 'HK', 'HN', 'HR', 'HU', 'ID', 'IE', 'IL', 'IN', 'IQ', 'IS', 'IT', 'JM', 'JO', 'JP', 'KE', 'KH', 'KR', 'KW', 'KY', 'KZ', 'LA', 'LB', 'LI', 'LK', 'LT', 'LU', 'LV', 'LY', 'MA', 'MK', 'MP', 'MQ', 'MT', 'MX', 'MY', 'NC', 'NG', 'NI', 'NL', 'NO', 'NP', 'NZ', 'OM', 'PA', 'PE', 'PF', 'PG', 'PH', 'PK', 'PL', 'PR', 'PT', 'PY', 'QA', 'RE', 'RO', 'RS', 'SA', 'SE', 'SG', 'SI', 'SK', 'SN', 'SV', 'TC', 'TH', 'TN', 'TR', 'TW', 'TZ', 'UA', 'UG', 'US', 'UY', 'VE', 'VI', 'VN', 'YE', 'YT', 'ZA', 'ZW']}",2.0,0.0,0.0,public,youtube,['https://en.wikipedia.org/wiki/Music']
VjQytCOKi_M,Ellinor,2025-04-24T10:02:22Z,"['Peeter Tooma', 'Tõnu Raadik', 'Evelin Võigemast', 'John Lennon', 'Paul McCartney', 'Vana Kaabu', 'Ellinor']",10,UCROr0G47-LSfJMbuemX6Yjw,PT2M37S,hd,False,True,"{'allowed': ['AE', 'AR', 'AS', 'AT', 'AU', 'AW', 'AZ', 'BA', 'BD', 'BE', 'BG', 'BH', 'BM', 'BO', 'BR', 'BY', 'CA', 'CH', 'CL', 'CO', 'CR', 'CY', 'CZ', 'DE', 'DK', 'DO', 'DZ', 'EC', 'EE', 'EG', 'ES', 'FI', 'FR', 'GB', 'GE', 'GF', 'GH', 'GP', 'GR', 'GT', 'GU', 'HK', 'HN', 'HR', 'HU', 'ID', 'IE', 'IL', 'IN', 'IQ', 'IS', 'IT', 'JM', 'JO', 'JP', 'KE', 'KH', 'KR', 'KW', 'KY', 'KZ', 'LA', 'LB', 'LI', 'LK', 'LT', 'LU', 'LV', 'LY', 'MA', 'MK', 'MP', 'MQ', 'MT', 'MX', 'MY', 'NC', 'NG', 'NI', 'NL', 'NO', 'NP', 'NZ', 'OM', 'PA', 'PE', 'PF', 'PG', 'PH', 'PK', 'PL', 'PR', 'PT', 'PY', 'QA', 'RE', 'RO', 'RS', 'SA', 'SE', 'SG', 'SI', 'SK', 'SN', 'SV', 'TC', 'TH', 'TN', 'TR', 'TW', 'TZ', 'UA', 'UG', 'US', 'UY', 'VE', 'VI', 'VN', 'YE', 'YT', 'ZA', 'ZW']}",10.0,1.0,0.0,public,youtube,['https://en.wikipedia.org/wiki/Music']
0bICXKYufiI,Prostituudi Laul,2025-04-24T10:02:16Z,"['Peeter Tooma', 'Uno Naissoo', 'Paul-Erik Rummo', 'Unistuste Maal', 'Prostituudi Laul']",10,UCROr0G47-LSfJMbuemX6Yjw,PT1M56S,hd,False,True,"{'allowed': ['AE', 'AR', 'AS', 'AT', 'AU', 'AW', 'AZ', 'BA', 'BD', 'BE', 'BG', 'BH', 'BM', 'BO', 'BR', 'BY', 'CA', 'CH', 'CL', 'CO', 'CR', 'CY', 'CZ', 'DE', 'DK', 'DO', 'DZ', 'EC', 'EE', 'EG', 'ES', 'FI', 'FR', 'GB', 'GE', 'GF', 'GH', 'GP', 'GR', 'GT', 'GU', 'HK', 'HN', 'HR', 'HU', 'ID', 'IE', 'IL', 'IN', 'IQ', 'IS', 'IT', 'JM', 'JO', 'JP', 'KE', 'KH', 'KR', 'KW', 'KY', 'KZ', 'LA', 'LB', 'LI', 'LK', 'LT', 'LU', 'LV', 'LY', 'MA', 'MK', 'MP', 'MQ', 'MT', 'MX', 'MY', 'NC', 'NG', 'NI', 'NL', 'NO', 'NP', 'NZ', 'OM', 'PA', 'PE', 'PF', 'PG', 'PH', 'PK', 'PL', 'PR', 'PT', 'PY', 'QA', 'RE', 'RO', 'RS', 'SA', 'SE', 'SG', 'SI', 'SK', 'SN', 'SV', 'TC', 'TH', 'TN', 'TR', 'TW', 'TZ', 'UA', 'UG', 'US', 'UY', 'VE', 'VI', 'VN', 'YE', 'YT', 'ZA', 'ZW']}",2.0,0.0,0.0,public,youtube,['https://en.wikipedia.org/wiki/Music']
CL4P_EXkfw8,Vaikus,2025-04-24T10:02:13Z,"['Peeter Tooma', 'P. Simon', 'A. Garfunkel', 'Unistuste Maal', 'Vaikus']",10,UCROr0G47-LSfJMbuemX6Yjw,PT2M50S,hd,False,True,"{'allowed': ['AE', 'AR', 'AS', 'AT', 'AU', 'AW', 'AZ', 'BA', 'BD', 'BE', 'BG', 'BH', 'BM', 'BO', 'BR', 'BY', 'CA', 'CH', 'CL', 'CO', 'CR', 'CY', 'CZ', 'DE', 'DK', 'DO', 'DZ', 'EC', 'EE', 'EG', 'ES', 'FI', 'FR', 'GB', 'GE', 'GF', 'GH', 'GP', 'GR', 'GT', 'GU', 'HK', 'HN', 'HR', 'HU', 'ID', 'IE', 'IL', 'IN', 'IQ', 'IS', 'IT', 'JM', 'JO', 'JP', 'KE', 'KH', 'KR', 'KW', 'KY', 'KZ', 'LA', 'LB', 'LI', 'LK', 'LT', 'LU', 'LV', 'LY', 'MA', 'MK', 'MP', 'MQ', 'MT', 'MX', 'MY', 'NC', 'NG', 'NI', 'NL', 'NO', 'NP', 'NZ', 'OM', 'PA', 'PE', 'PF', 'PG', 'PH', 'PK', 'PL', 'PR', 'PT', 'PY', 'QA', 'RE', 'RO', 'RS', 'SA', 'SE', 'SG', 'SI', 'SK', 'SN', 'SV', 'TC', 'TH', 'TN', 'TR', 'TW', 'TZ', 'UA', 'UG', 'US', 'UY', 'VE', 'VI', 'VN', 'YE', 'YT', 'ZA', 'ZW']}",1.0,0.0,0.0,public,youtube,['https://en.wikipedia.org/wiki/Music']
gyj-xoPmen8,Haanja Miis,2025-04-24T10:02:01Z,"['Peeter Tooma', 'Tarmo ja Toomas Urb', 'Folk Song', 'Unistuste Maal', 'Haanja Miis']",10,UCROr0G47-LSfJMbuemX6Yjw,PT2M1S,hd,False,True,"{'allowed': ['AE', 'AR', 'AS', 'AT', 'AU', 'AW', 'AZ', 'BA', 'BD', 'BE', 'BG', 'BH', 'BM', 'BO', 'BR', 'BY', 'CA', 'CH', 'CL', 'CO', 'CR', 'CY', 'CZ', 'DE', 'DK', 'DO', 'DZ', 'EC', 'EE', 'EG', 'ES', 'FI', 'FR', 'GB', 'GE', 'GF', 'GH', 'GP', 'GR', 'GT', 'GU', 'HK', 'HN', 'HR', 'HU', 'ID', 'IE', 'IL', 'IN', 'IQ', 'IS', 'IT', 'JM', 'JO', 'JP', 'KE', 'KH', 'KR', 'KW', 'KY', 'KZ', 'LA', 'LB', 'LI', 'LK', 'LT', 'LU', 'LV', 'LY', 'MA', 'MK', 'MP', 'MQ', 'MT', 'MX', 'MY', 'NC', 'NG', 'NI', 'NL', 'NO', 'NP', 'NZ', 'OM', 'PA', 'PE', 'PF', 'PG', 'PH', 'PK', 'PL', 'PR', 'PT', 'PY', 'QA', 'RE', 'RO', 'RS', 'SA', 'SE', 'SG', 'SI', 'SK', 'SN', 'SV', 'TC', 'TH', 'TN', 'TR', 'TW', 'TZ', 'UA', 'UG', 'US', 'UY', 'VE', 'VI', 'VN', 'YE', 'YT', 'ZA', 'ZW']}",8.0,0.0,0.0,public,youtube,['https://en.wikipedia.org/wiki/Music']
5onRSZv0zp0,Tõotuslaul (feat. Tõnu Raadik),2024-11-14T10:03:49Z,"['Peeter Tooma', 'Enne võitu', 'Tõotuslaul']",10,UCROr0G47-LSfJMbuemX6Yjw,PT4M8S,hd,False,True,,447.0,11.0,0.0,public,youtube,"['https://en.wikipedia.org/wiki/Country_music', 'https://en.wikipedia.org/wiki/Music']"
PmDEfUIzXoU,Enne võitu (feat. Tõnu Raadik),2024-11-14T10:01:27Z,"['Peeter Tooma', 'Enne võitu']",10,UCROr0G47-LSfJMbuemX6Yjw,PT3M40S,hd,False,True,,4019.0,47.0,0.0,public,youtube,"['https://en.wikipedia.org/wiki/Country_music', 'https://en.wikipedia.org/wiki/Music']"
R4fH9xT6PK4,Pistoda Laul,2024-01-25T10:04:56Z,"['Peeter Tooma', 'Suur Illusioon (Extended Edition)', 'Pistoda Laul']",10,UCROr0G47-LSfJMbuemX6Yjw,PT2M58S,hd,False,True,,5878.0,38.0,0.0,public,youtube,['https://en.wikipedia.org/wiki/Music']
uobVV1RM1ts,Veider Uni,2024-01-25T10:04:33Z,"['Peeter Tooma', 'Suur Illusioon (Extended Edition)', 'Veider Uni']",10,UCROr0G47-LSfJMbuemX6Yjw,PT2M9S,hd,False,True,,565.0,9.0,0.0,public,youtube,['https://en.wikipedia.org/wiki/Music']
Im2h9Bgl6EE,Uduvihmas,2024-01-25T10:04:17Z,"['Peeter Tooma', 'Suur Illusioon (Extended Edition)', 'Uduvihmas']",10,UCROr0G47-LSfJMbuemX6Yjw,PT3M40S,hd,False,True,,798.0,21.0,0.0,public,youtube,['https://en.wikipedia.org/wiki/Music']
gwYrcPGk9pk,Voorimees,2024-01-25T10:03:56Z,"['Peeter Tooma', 'Suur Illusioon (Extended Edition)', 'Voorimees']",10,UCROr0G47-LSfJMbuemX6Yjw,PT3M14S,hd,False,True,,472.0,12.0,0.0,public,youtube,['https://en.wikipedia.org/wiki/Music']
_qu2eXPaGY0,Varbla Valss,2024-01-25T10:03:38Z,"['Peeter Tooma', 'Suur Illusioon (Extended Edition)', 'Varbla Valss']",10,UCROr0G47-LSfJMbuemX6Yjw,PT2M59S,hd,False,True,,419.0,3.0,0.0,public,youtube,['https://en.wikipedia.org/wiki/Music']
4os4CwZ39ns,Emake Volga,2024-01-25T10:03:27Z,"['Peeter Tooma', 'Suur Illusioon (Extended Edition)', 'Emake Volga']",10,UCROr0G47-LSfJMbuemX6Yjw,PT3M25S,hd,False,True,,288.0,5.0,0.0,public,youtube,"['https://en.wikipedia.org/wiki/Music', 'https://en.wikipedia.org/wiki/Pop_music']"
i_rmtCV3OGk,Magusamad Meest,2024-01-25T10:03:22Z,"['Peeter Tooma', 'Suur Illusioon (Extended Edition)', 'Magusamad Meest']",10,UCROr0G47-LSfJMbuemX6Yjw,PT3M7S,hd,False,True,,386.0,6.0,0.0,public,youtube,"['https://en.wikipedia.org/wiki/Country_music', 'https://en.wikipedia.org/wiki/Music']"
U4AAeAvuGYk,Tuvid & Lohe (feat. Liisi Koikson),2024-01-25T10:03:21Z,"['Peeter Tooma', 'Liisi Koikson', 'Suur Illusioon (Extended Edition)', 'Tuvid & Lohe']",10,UCROr0G47-LSfJMbuemX6Yjw,PT3M,hd,False,True,,540.0,11.0,0.0,public,youtube,"['https://en.wikipedia.org/wiki/Music', 'https://en.wikipedia.org/wiki/Pop_music']"
IaYjJMbQVW0,Vana Kaabu (feat. Tõnu Raadik),2024-01-25T10:03:13Z,"['Peeter Tooma', 'Tõnu Raadik', 'Suur Illusioon (Extended Edition)', 'Vana Kaabu']",10,UCROr0G47-LSfJMbuemX6Yjw,PT3M23S,hd,False,True,,276.0,3.0,0.0,public,youtube,['https://en.wikipedia.org/wiki/Music']
8pmtSIFCAgg,Vaarisa,2024-01-25T10:03:12Z,"['Peeter Tooma', 'Suur Illusioon (Extended Edition)', 'Vaarisa']",10,UCROr0G47-LSfJMbuemX6Yjw,PT3M6S,hd,False,True,,297.0,8.0,0.0,public,youtube,['https://en.wikipedia.org/wiki/Music']
qj-assPHaLA,Mona Lisa,2024-01-25T10:02:59Z,"['Peeter Tooma', 'Suur Illusioon (Extended Edition)', 'Mona Lisa']",10,UCROr0G47-LSfJMbuemX6Yjw,PT4M24S,hd,False,True,,508.0,9.0,0.0,public,youtube,"['https://en.wikipedia.org/wiki/Country_music', 'https://en.wikipedia.org/wiki/Music']"
0Ea7dhdbqxo,Prostituudi Laul,2024-01-25T10:02:57Z,"['Peeter Tooma', 'Suur Illusioon (Extended Edition)', 'Prostituudi Laul']",10,UCROr0G47-LSfJMbuemX6Yjw,PT1M56S,hd,False,True,,261.0,3.0,0.0,public,youtube,['https://en.wikipedia.org/wiki/Music']
hknxiAO0p2U,On Üks Puu,2024-01-25T10:02:56Z,"['Peeter Tooma', 'Suur Illusioon (Extended Edition)', 'On Üks Puu']",10,UCROr0G47-LSfJMbuemX6Yjw,PT3M38S,hd,False,True,,1252.0,20.0,0.0,public,youtube,['https://en.wikipedia.org/wiki/Music']
22NWOxG7Qrw,Miten Miellelläni (feat. Olav Ehala),2024-01-25T10:02:28Z,"['Peeter Tooma', 'Olav Ehala', 'Suur Illusioon (Extended Edition)', 'Miten Miellelläni']",10,UCROr0G47-LSfJMbuemX6Yjw,PT2M10S,hd,False,True,,202.0,4.0,0.0,public,youtube,['https://en.wikipedia.org/wiki/Music']
Cgyur09kZN0,Suur Illusioon,2024-01-25T10:02:24Z,"['Peeter Tooma', 'Suur Illusioon (Extended Edition)', 'Suur Illusioon']",10,UCROr0G47-LSfJMbuemX6Yjw,PT3M51S,hd,False,True,,700.0,7.0,0.0,public,youtube,"['https://en.wikipedia.org/wiki/Music', 'https://en.wikipedia.org/wiki/Pop_music']"
irsyQvfsYCo,Unistuste Maal,2024-01-25T10:01:38Z,"['Peeter Tooma', 'Suur Illusioon (Extended Edition)', 'Unistuste Maal']",10,UCROr0G47-LSfJMbuemX6Yjw,PT2M19S,hd,False,True,,363.0,2.0,0.0,public,youtube,"['https://en.wikipedia.org/wiki/Country_music', 'https://en.wikipedia.org/wiki/Music']"
4ySAIbhP2fo,Mässajate Laul,2024-01-25T10:01:37Z,"['Peeter Tooma', 'Suur Illusioon (Extended Edition)', 'Mässajate Laul']",10,UCROr0G47-LSfJMbuemX6Yjw,PT2M23S,hd,False,True,,16941.0,168.0,0.0,public,youtube,['https://en.wikipedia.org/wiki/Music']
-POWFskfseA,Ellinor (feat. Evelin Võigemast),2024-01-25T10:01:35Z,"['Peeter Tooma', 'Evelin Võigemast', 'Suur Illusioon (Extended Edition)', 'Ellinor']",10,UCROr0G47-LSfJMbuemX6Yjw,PT2M37S,hd,False,True,,252.0,6.0,0.0,public,youtube,['https://en.wikipedia.org/wiki/Music']
2Vm3uSJm2hA,Endiselt,2024-01-25T10:01:29Z,"['Peeter Tooma', 'Suur Illusioon (Extended Edition)', 'Endiselt']",10,UCROr0G47-LSfJMbuemX6Yjw,PT4M17S,hd,False,True,,1231.0,18.0,0.0,public,youtube,"['https://en.wikipedia.org/wiki/Country_music', 'https://en.wikipedia.org/wiki/Music']"
AtGLoljJhfQ,Võrratu Aeg (feat. Mirtel Kaljuvee),2024-01-25T10:01:29Z,"['Peeter Tooma', 'Mirtel Kaljuvee', 'Suur Illusioon (Extended Edition)', 'Võrratu Aeg']",10,UCROr0G47-LSfJMbuemX6Yjw,PT1M57S,hd,False,True,,381.0,8.0,0.0,public,youtube,['https://en.wikipedia.org/wiki/Music']
472_meXA3AY,"Ma Tänan Sind, Elu",2024-01-25T10:01:28Z,"['Peeter Tooma', 'Suur Illusioon (Extended Edition)', 'Ma Tänan Sind, Elu']",10,UCROr0G47-LSfJMbuemX6Yjw,PT4M34S,hd,False,True,,221.0,3.0,0.0,public,youtube,['https://en.wikipedia.org/wiki/Music']
HXsLU5gylLg,Ristteel,2024-01-25T10:01:22Z,"['Peeter Tooma', 'Suur Illusioon (Extended Edition)', 'Ristteel']",10,UCROr0G47-LSfJMbuemX6Yjw,PT4M12S,hd,False,True,,704.0,5.0,0.0,public,youtube,['https://en.wikipedia.org/wiki/Music']
I7mSE8SlaD8,Bambus (feat. Tarmo & Toomas Urb),2024-01-25T10:01:10Z,"['Peeter Tooma', 'Tarmo', 'Toomas Urb', 'Suur Illusioon (Extended Edition)', 'Bambus']",10,UCROr0G47-LSfJMbuemX6Yjw,PT1M42S,hd,False,True,,207.0,4.0,0.0,public,youtube,['https://en.wikipedia.org/wiki/Music']
_0sn0IuaO4Q,Räme-Roope,2024-01-25T10:01:09Z,"['Peeter Tooma', 'Suur Illusioon (Extended Edition)', 'Räme-Roope']",10,UCROr0G47-LSfJMbuemX6Yjw,PT3M2S,hd,False,True,,257.0,5.0,0.0,public,youtube,['https://en.wikipedia.org/wiki/Music']
68dF48S6mZY,Jää Jumalaga,2024-01-25T10:01:00Z,"['Peeter Tooma', 'Suur Illusioon (Extended Edition)', 'Jää Jumalaga']",10,UCROr0G47-LSfJMbuemX6Yjw,PT3M19S,hd,False,True,,214.0,2.0,0.0,public,youtube,"['https://en.wikipedia.org/wiki/Country_music', 'https://en.wikipedia.org/wiki/Music']"
9_xa4rD0Yhw,Üks Paat (feat. Tõnu Raadik & Evelin Võigemast),2021-11-09T13:13:21Z,"['Peeter Tooma', 'Evelin Võigemast', 'Vana Kaabu', 'Üks Paat']",10,UCROr0G47-LSfJMbuemX6Yjw,PT3M47S,hd,False,True,,3090.0,31.0,0.0,public,youtube,"['https://en.wikipedia.org/wiki/Music', 'https://en.wikipedia.org/wiki/Pop_music']"
ENNM71lojiQ,Magusamad Meest (feat. Tõnu Raadik),2021-11-09T13:13:21Z,"['Peeter Tooma', 'Vana Kaabu', 'Magusamad Meest']",10,UCROr0G47-LSfJMbuemX6Yjw,PT3M7S,hd,False,True,,1870.0,22.0,0.0,public,youtube,['https://en.wikipedia.org/wiki/Music']
Hs0jpuvHs0M,Röövli-Roope (feat. Tõnu Raadik),2021-11-09T13:13:21Z,"['Peeter Tooma', 'Vana Kaabu', 'Röövli-Roope']",10,UCROr0G47-LSfJMbuemX6Yjw,PT3M2S,hd,False,True,,751.0,7.0,0.0,public,youtube,['https://en.wikipedia.org/wiki/Music']
T5uHjhudK6E,Vana Kaabu (feat. Tõnu Raadik),2021-11-09T13:13:21Z,"['Peeter Tooma', 'Vana Kaabu']",10,UCROr0G47-LSfJMbuemX6Yjw,PT3M23S,hd,False,True,,1837.0,14.0,0.0,public,youtube,"['https://en.wikipedia.org/wiki/Music', 'https://en.wikipedia.org/wiki/Pop_music']"
TQ3rmNdhitI,Kui Koitnuks Hommik (feat. Tõnu Raadik),2021-11-09T13:13:21Z,"['Peeter Tooma', 'Vana Kaabu', 'Kui Koitnuks Hommik']",10,UCROr0G47-LSfJMbuemX6Yjw,PT3M17S,hd,False,True,,2780.0,26.0,0.0,public,youtube,['https://en.wikipedia.org/wiki/Music']
aAULJfUbsLc,"Ma Tänan Sind, Elu (feat. Tõnu Raadik)",2021-11-09T13:13:21Z,"['Peeter Tooma', 'Vana Kaabu', 'Ma Tänan Sind, Elu']",10,UCROr0G47-LSfJMbuemX6Yjw,PT4M34S,hd,False,True,,2417.0,34.0,0.0,public,youtube,['https://en.wikipedia.org/wiki/Music']
dBbrCT42eRc,Vaarisa (feat. Tõnu Raadik),2021-11-09T13:13:21Z,"['Peeter Tooma', 'Vana Kaabu', 'Vaarisa']",10,UCROr0G47-LSfJMbuemX6Yjw,PT3M6S,hd,False,True,,863.0,12.0,0.0,public,youtube,"['https://en.wikipedia.org/wiki/Music', 'https://en.wikipedia.org/wiki/Pop_music']"
nAy87y2OOR4,Ellinor (feat. Tõnu Raadik & Evelin Võigemast),2021-11-09T13:13:21Z,"['Peeter Tooma', 'Evelin Võigemast', 'Vana Kaabu', 'Ellinor']",10,UCROr0G47-LSfJMbuemX6Yjw,PT2M37S,hd,False,True,,929.0,16.0,0.0,public,youtube,['https://en.wikipedia.org/wiki/Music']
o7Vmod-IsNI,Mona Lisa (feat. Tõnu Raadik),2021-11-09T13:13:21Z,"['Peeter Tooma', 'Vana Kaabu', 'Mona Lisa']",10,UCROr0G47-LSfJMbuemX6Yjw,PT3M44S,hd,False,True,,1399.0,13.0,0.0,public,youtube,['https://en.wikipedia.org/wiki/Music']
t7DtCTdm9_8,Siin Majas Olgu Õnne (feat. Tõnu Raadik & Evelin Võigemast),2021-11-09T13:13:21Z,"['Peeter Tooma', 'Evelin Võigemast', 'Vana Kaabu', 'Siin Majas Olgu Õnne']",10,UCROr0G47-LSfJMbuemX6Yjw,PT3M22S,hd,False,True,,4251.0,39.0,0.0,public,youtube,['https://en.wikipedia.org/wiki/Music']
uL0oRBRaslE,"Vihmapüha (feat. Tõnu Raadik, Evelin Võigemast & Mirtel Kaljuvee)",2021-11-09T13:13:21Z,"['Peeter Tooma', 'Evelin Võigemast', 'Mirtel Kaljuvee', 'Vana Kaabu', 'Vihmapüha']",10,UCROr0G47-LSfJMbuemX6Yjw,PT2M48S,hd,False,True,,974.0,8.0,0.0,public,youtube,"['https://en.wikipedia.org/wiki/Music', 'https://en.wikipedia.org/wiki/Pop_music']"
9_MPe1Vj244,Sarvelaul (feat. Kalle Kauksi & Tiit Kiken),2021-11-09T12:44:23Z,"['Peeter Tooma', 'Kalle Kauksi', 'Tiit Kiken', 'Unistuste Maal', 'Sarvelaul']",10,UCROr0G47-LSfJMbuemX6Yjw,PT1M36S,hd,False,True,,972.0,9.0,0.0,public,youtube,['https://en.wikipedia.org/wiki/Music']
UiQvvzJcfT4,Haanja Miis (feat. Tarmo ja Toomas Urb),2021-11-09T12:44:23Z,"['Peeter Tooma', 'Tarmo ja Toomas Urb', 'Unistuste Maal', 'Haanja Miis']",10,UCROr0G47-LSfJMbuemX6Yjw,PT2M1S,hd,False,True,,1985.0,16.0,0.0,public,youtube,"['https://en.wikipedia.org/wiki/Country_music', 'https://en.wikipedia.org/wiki/Music']"
_f9aRG1icYk,Kuulsuseta Lugu,2021-11-09T12:44:23Z,"['Peeter Tooma', 'Unistuste Maal', 'Kuulsuseta Lugu']",10,UCROr0G47-LSfJMbuemX6Yjw,PT2M33S,hd,False,True,,1121.0,7.0,0.0,public,youtube,['https://en.wikipedia.org/wiki/Music']
cOXwct3c6xY,Unistuste Maal,2021-11-09T12:44:23Z,"['Peeter Tooma', 'Unistuste Maal']",10,UCROr0G47-LSfJMbuemX6Yjw,PT2M19S,hd,False,True,,1412.0,18.0,0.0,public,youtube,"['https://en.wikipedia.org/wiki/Country_music', 'https://en.wikipedia.org/wiki/Music']"
fZvjqtxvZU0,Jää Jumalaga,2021-11-09T12:44:23Z,"['Peeter Tooma', 'Unistuste Maal', 'Jää Jumalaga']",10,UCROr0G47-LSfJMbuemX6Yjw,PT3M19S,hd,False,True,,4782.0,58.0,0.0,public,youtube,"['https://en.wikipedia.org/wiki/Country_music', 'https://en.wikipedia.org/wiki/Music']"
fd0mC3KwhBA,Väiksed Kastid,2021-11-09T12:44:23Z,"['Peeter Tooma', 'Unistuste Maal', 'Väiksed Kastid']",10,UCROr0G47-LSfJMbuemX6Yjw,PT2M29S,hd,False,True,,11276.0,105.0,0.0,public,youtube,['https://en.wikipedia.org/wiki/Music']
jmnjIF0hhwM,Prostituudi Laul,2021-11-09T12:44:23Z,"['Peeter Tooma', 'Unistuste Maal', 'Prostituudi Laul']",10,UCROr0G47-LSfJMbuemX6Yjw,PT1M56S,hd,False,True,,8881.0,97.0,0.0,public,youtube,['https://en.wikipedia.org/wiki/Music']
kqkLgoHYbHk,Kui Sa'i Ole,2021-11-09T12:44:23Z,"['Peeter Tooma', 'Unistuste Maal', ""Kui Sa'i Ole""]",10,UCROr0G47-LSfJMbuemX6Yjw,PT2M20S,hd,False,True,,1043.0,9.0,0.0,public,youtube,['https://en.wikipedia.org/wiki/Music']
l5x7gbL4AJE,"Pole (feat. Inna Feldbach, Priit Pedajas & Jüri Krjukov)",2021-11-09T12:44:23Z,"['Peeter Tooma', 'Inna Feldbach', 'Priit Pedajas', 'Jüri Krjukov', 'Unistuste Maal', 'Pole']",10,UCROr0G47-LSfJMbuemX6Yjw,PT1M59S,hd,False,True,,900.0,8.0,0.0,public,youtube,['https://en.wikipedia.org/wiki/Music']
rHEBkYKoNWI,Vaikus,2021-11-09T12:44:23Z,"['Peeter Tooma', 'Unistuste Maal', 'Vaikus']",10,UCROr0G47-LSfJMbuemX6Yjw,PT2M50S,hd,False,True,,13179.0,128.0,0.0,public,youtube,"['https://en.wikipedia.org/wiki/Country_music', 'https://en.wikipedia.org/wiki/Music']"
tTEj0MXF5Hw,Värvid,2021-11-09T12:44:23Z,"['Peeter Tooma', 'Unistuste Maal', 'Värvid']",10,UCROr0G47-LSfJMbuemX6Yjw,PT2M27S,hd,False,True,,6141.0,60.0,0.0,public,youtube,"['https://en.wikipedia.org/wiki/Country_music', 'https://en.wikipedia.org/wiki/Music']"
uLHxxO-lm9M,Kirik,2021-11-09T12:44:23Z,"['Peeter Tooma', 'Unistuste Maal', 'Kirik']",10,UCROr0G47-LSfJMbuemX6Yjw,PT1M34S,hd,False,True,,640.0,4.0,0.0,public,youtube,"['https://en.wikipedia.org/wiki/Country_music', 'https://en.wikipedia.org/wiki/Music']"
ygi6fAzwIY8,Mardilaul,2021-11-09T12:44:23Z,"['Peeter Tooma', 'Unistuste Maal', 'Mardilaul']",10,UCROr0G47-LSfJMbuemX6Yjw,PT2M45S,hd,False,True,,3552.0,15.0,0.0,public,youtube,['https://en.wikipedia.org/wiki/Music']
MZZmiCAUXaM,Lõvilaps,2021-11-09T12:43:42Z,"['Peeter Tooma', 'Lõvilaps']",10,UCROr0G47-LSfJMbuemX6Yjw,PT3M43S,hd,False,True,,746.0,6.0,0.0,public,youtube,['https://en.wikipedia.org/wiki/Music']
VlqihhxPHQI,Kellassepp (feat. ETV Laululapsed),2021-11-09T12:43:42Z,"['Peeter Tooma', 'ETV Laululapsed', 'Lõvilaps', 'Kellassepp']",10,UCROr0G47-LSfJMbuemX6Yjw,PT2M8S,hd,False,True,,296.0,2.0,0.0,public,youtube,['https://en.wikipedia.org/wiki/Music']
cQlqWy2tID4,Karu Talvelaul,2021-11-09T12:43:42Z,"['Peeter Tooma', 'Lõvilaps', 'Karu Talvelaul']",10,UCROr0G47-LSfJMbuemX6Yjw,PT2M23S,hd,False,True,,1677.0,11.0,0.0,public,youtube,['https://en.wikipedia.org/wiki/Music']
eDIYTVUyD58,Mängulaul (feat. Olav Ehala & Lauri Nebel),2021-11-09T12:43:42Z,"['Peeter Tooma', 'Olav Ehala', 'Lauri Nebel', 'Lõvilaps', 'Mängulaul']",10,UCROr0G47-LSfJMbuemX6Yjw,PT49S,hd,False,True,,467.0,5.0,0.0,public,youtube,"['https://en.wikipedia.org/wiki/Christian_music', 'https://en.wikipedia.org/wiki/Music']"
qT7x98R5XZ0,Nääripolka (feat. Anu Kaal),2021-11-09T12:43:42Z,"['Peeter Tooma', 'Anu Kaal', 'Lõvilaps', 'Nääripolka']",10,UCROr0G47-LSfJMbuemX6Yjw,PT2M1S,hd,False,True,,391.0,7.0,0.0,public,youtube,"['https://en.wikipedia.org/wiki/Christian_music', 'https://en.wikipedia.org/wiki/Music', 'https://en.wikipedia.org/wiki/Pop_music']"
K__EGrdpFGI,Hello Hallo (feat. ETV Laululapsed),2021-11-09T12:43:41Z,"['Peeter Tooma', 'ETV Laululapsed', 'Lõvilaps', 'Hello Hallo']",10,UCROr0G47-LSfJMbuemX6Yjw,PT1M10S,hd,False,True,,522.0,4.0,0.0,public,youtube,"['https://en.wikipedia.org/wiki/Music', 'https://en.wikipedia.org/wiki/Pop_music']"
R95uRVHjDYU,Kuningalaul (feat. Tanel Tuurmaa),2021-11-09T12:43:41Z,"['Peeter Tooma', 'Tanel Tuurmaa', 'Lõvilaps', 'Kuningalaul']",10,UCROr0G47-LSfJMbuemX6Yjw,PT2M14S,hd,False,True,,528.0,2.0,0.0,public,youtube,['https://en.wikipedia.org/wiki/Music']
x5jKYqauLdQ,Õilis Teeröövel,2021-11-09T12:43:41Z,"['Peeter Tooma', 'Lõvilaps', 'Õilis Teeröövel']",10,UCROr0G47-LSfJMbuemX6Yjw,PT57S,hd,False,True,,358.0,3.0,0.0,public,youtube,['https://en.wikipedia.org/wiki/Music']
ySeXuMO716w,Ühepajatoit (feat. ETV Laululapsed),2021-11-09T12:43:41Z,"['Peeter Tooma', 'ETV Laululapsed', 'Lõvilaps', 'Ühepajatoit']",10,UCROr0G47-LSfJMbuemX6Yjw,PT52S,hd,False,True,,468.0,3.0,0.0,public,youtube,['https://en.wikipedia.org/wiki/Music']
I77baPM70qw,Pöialpoiste Laul (feat. ETV Laululapsed),2021-11-09T12:43:40Z,"['Peeter Tooma', 'ETV Laululapsed', 'Lõvilaps', 'Pöialpoiste Laul']",10,UCROr0G47-LSfJMbuemX6Yjw,PT1M37S,hd,False,True,,1960.0,9.0,0.0,public,youtube,['https://en.wikipedia.org/wiki/Music']
KNpb-aHT9mo,Tiritamme Mullid (feat. Evelin Võigemast),2021-11-09T12:43:40Z,"['Peeter Tooma', 'Evelin Võigemast', 'Lõvilaps', 'Tiritamme Mullid']",10,UCROr0G47-LSfJMbuemX6Yjw,PT2M3S,hd,False,True,,1854.0,7.0,0.0,public,youtube,"['https://en.wikipedia.org/wiki/Music', 'https://en.wikipedia.org/wiki/Pop_music']"
OD3aZAX-OTo,Noor Meister 2025 - veevärgitehnikud,2025-06-12T12:20:36Z,,24,UCWtShZiWS9I1NH1UYZGgLiw,PT43M1S,hd,False,False,,251.0,5.0,0.0,public,youtube,
wDmm-6c8aWE,Noor Meister 2025 - küberkaitse,2025-06-12T11:37:09Z,,24,UCWtShZiWS9I1NH1UYZGgLiw,PT43M53S,hd,False,False,,282.0,8.0,0.0,public,youtube,['https://en.wikipedia.org/wiki/Society']
ZqYTLK6hMMw,Noor Meister 2025 - stilistid,2025-06-02T10:35:28Z,,24,UCWtShZiWS9I1NH1UYZGgLiw,PT43M55S,hd,False,False,,203.0,4.0,0.0,public,youtube,"['https://en.wikipedia.org/wiki/Lifestyle_(sociology)', 'https://en.wikipedia.org/wiki/Television_program']"
14h3-ynsCpk,Noor Meister 2025 - müürsepad,2025-05-30T11:27:46Z,,24,UCWtShZiWS9I1NH1UYZGgLiw,PT43M7S,hd,False,False,,226.0,7.0,0.0,public,youtube,"['https://en.wikipedia.org/wiki/Hobby', 'https://en.wikipedia.org/wiki/Lifestyle_(sociology)', 'https://en.wikipedia.org/wiki/Television_program']"
aZpvLr_5Asw,Noor Meister 2025 - erakorralise meditsiini tehnikud,2025-05-27T13:51:32Z,,24,UCWtShZiWS9I1NH1UYZGgLiw,PT43M34S,hd,False,False,,863.0,14.0,0.0,public,youtube,"['https://en.wikipedia.org/wiki/Health', 'https://en.wikipedia.org/wiki/Society', 'https://en.wikipedia.org/wiki/Television_program']"
221FY_D2BDA,Noor Meister 2025 - pagar-kondiitrid,2025-05-27T13:33:00Z,,24,UCWtShZiWS9I1NH1UYZGgLiw,PT43M58S,hd,False,False,,321.0,4.0,0.0,public,youtube,"['https://en.wikipedia.org/wiki/Lifestyle_(sociology)', 'https://en.wikipedia.org/wiki/Television_program']"
ZGHEsygKguA,Noor Meister 2022 - autoplekksepad,2024-10-14T10:41:51Z,,24,UCWtShZiWS9I1NH1UYZGgLiw,PT42M43S,hd,False,False,,1527.0,18.0,0.0,public,youtube,"['https://en.wikipedia.org/wiki/Lifestyle_(sociology)', 'https://en.wikipedia.org/wiki/Television_program']"
xh2JRgnrQCA,Noor Meister 2024 - forvarderioperaator,2024-09-30T09:10:50Z,,24,UCWtShZiWS9I1NH1UYZGgLiw,PT42M52S,hd,False,False,,5179.0,61.0,0.0,public,youtube,"['https://en.wikipedia.org/wiki/Hobby', 'https://en.wikipedia.org/wiki/Lifestyle_(sociology)', 'https://en.wikipedia.org/wiki/Television_program']"
_d5L8u_JYgE,Noor Meister 2024 - plaatijad,2024-09-30T08:43:23Z,,24,UCWtShZiWS9I1NH1UYZGgLiw,PT42M26S,hd,False,False,,1703.0,20.0,0.0,public,youtube,"['https://en.wikipedia.org/wiki/Hobby', 'https://en.wikipedia.org/wiki/Lifestyle_(sociology)', 'https://en.wikipedia.org/wiki/Television_program']"
aRoTKGiqpRU,Noor Meister 2024 - CNC metallilõikepingi operaator,2024-09-30T08:28:32Z,,24,UCWtShZiWS9I1NH1UYZGgLiw,PT42M35S,hd,False,False,,2942.0,34.0,0.0,public,youtube,
853CI1763UI,Noor Meister 2024 - mööblitislerid,2024-09-30T08:19:15Z,,24,UCWtShZiWS9I1NH1UYZGgLiw,PT43M23S,hd,False,False,,1800.0,15.0,0.0,public,youtube,['https://en.wikipedia.org/wiki/Television_program']
cIec47kqHV0,Noor Meister 2024 - juuksurid,2024-09-30T08:08:51Z,,24,UCWtShZiWS9I1NH1UYZGgLiw,PT43M52S,hd,False,False,,1215.0,6.0,0.0,public,youtube,"['https://en.wikipedia.org/wiki/Lifestyle_(sociology)', 'https://en.wikipedia.org/wiki/Television_program']"
EnPoE8YSoWk,Noor Meister 2024 - automaalrid,2024-09-27T15:44:07Z,,24,UCWtShZiWS9I1NH1UYZGgLiw,PT42M43S,hd,False,False,,4173.0,41.0,0.0,public,youtube,"['https://en.wikipedia.org/wiki/Television_program', 'https://en.wikipedia.org/wiki/Vehicle']"
JiFWR93TxQ8,Noor Meister 2024 - florist,2024-09-26T15:43:53Z,,24,UCWtShZiWS9I1NH1UYZGgLiw,PT43M26S,hd,False,False,,801.0,7.0,0.0,public,youtube,"['https://en.wikipedia.org/wiki/Hobby', 'https://en.wikipedia.org/wiki/Lifestyle_(sociology)', 'https://en.wikipedia.org/wiki/Television_program']"
HjhEMqLHs24,Noor Meister 2022 - hooldustöötaja,2024-02-05T17:17:30Z,,24,UCWtShZiWS9I1NH1UYZGgLiw,PT27M4S,hd,False,False,,1525.0,7.0,0.0,public,youtube,['https://en.wikipedia.org/wiki/Television_program']
cUEgfaGBJfg,Noor Meister 2022 - keevitajad,2024-02-05T08:39:57Z,,24,UCWtShZiWS9I1NH1UYZGgLiw,PT43M1S,hd,False,False,,3885.0,35.0,0.0,public,youtube,"['https://en.wikipedia.org/wiki/Society', 'https://en.wikipedia.org/wiki/Television_program']"
wgBLy5_FRwE,Noor Meister 2022 - iluteenindajad,2024-02-04T13:46:47Z,,24,UCWtShZiWS9I1NH1UYZGgLiw,PT11M,hd,False,False,,764.0,7.0,0.0,public,youtube,['https://en.wikipedia.org/wiki/Television_program']
-dR0bfVmdWQ,Noor Meister 2022 - elektrikud,2024-02-01T12:34:05Z,,24,UCWtShZiWS9I1NH1UYZGgLiw,PT42M35S,hd,False,False,,2330.0,16.0,0.0,public,youtube,['https://en.wikipedia.org/wiki/Television_program']
C2AhFo1o134,Noor Meister 2022 - graafiline disainer,2024-01-29T12:29:15Z,,24,UCWtShZiWS9I1NH1UYZGgLiw,PT43M2S,hd,False,False,,1312.0,12.0,0.0,public,youtube,"['https://en.wikipedia.org/wiki/Society', 'https://en.wikipedia.org/wiki/Television_program']"
Ksyzu9CN0kY,Noor Meister 2022 - autoplekksepad,2024-01-24T12:46:01Z,,24,UCWtShZiWS9I1NH1UYZGgLiw,PT7M8S,hd,False,False,,846.0,4.0,0.0,public,youtube,['https://en.wikipedia.org/wiki/Television_program']
Vokivg2EAOE,Noor Meister 2022 1. osa - avasaade,2024-01-24T12:36:34Z,,24,UCWtShZiWS9I1NH1UYZGgLiw,PT14M39S,hd,False,False,,242.0,1.0,0.0,public,youtube,"['https://en.wikipedia.org/wiki/Lifestyle_(sociology)', 'https://en.wikipedia.org/wiki/Television_program']"
20avFkJAgRY,Noor Meister 2021 - Kondiiter,2022-01-12T16:31:28Z,"['Noor', 'Meister', '2021', 'Kondiiter', 'ERR', 'ETV', 'Eesti Televisioon', 'Kutseharidus', 'Kutseõpe', 'Haridus', 'Eesti', 'Estonia']",24,UCWtShZiWS9I1NH1UYZGgLiw,PT29M1S,hd,False,False,,1404.0,11.0,0.0,public,youtube,"['https://en.wikipedia.org/wiki/Food', 'https://en.wikipedia.org/wiki/Hobby', 'https://en.wikipedia.org/wiki/Lifestyle_(sociology)', 'https://en.wikipedia.org/wiki/Television_program']"
m7D1Wryn0ys,Noor Meister 2021 - Finaal,2022-01-08T17:30:12Z,"['Noor', 'Meister', '2021', 'Finaal', 'Kutseharidus', 'Mina Oskan', 'Oskustega tulevikku', 'Sisekaitseakadeemia', 'ETV', 'Eesti Televisioon', 'ERR', 'kutseõpe', 'Kutsehariduskeskus']",24,UCWtShZiWS9I1NH1UYZGgLiw,PT28M50S,hd,False,False,,977.0,5.0,0.0,public,youtube,['https://en.wikipedia.org/wiki/Television_program']
fhvhhWxfTX4,Noor Meister 2021 - Veebidisainerid,2021-12-18T17:30:13Z,"['Noor', 'Meister', '2021', 'Veebidisainerid', 'ERR', 'ETV', 'Kutseharidus', 'Designer', 'Web', 'Oskustegatulevikku']",24,UCWtShZiWS9I1NH1UYZGgLiw,PT28M37S,hd,False,False,,1057.0,8.0,0.0,public,youtube,['https://en.wikipedia.org/wiki/Society']
FSpYsdrGWyg,Noor Meister 2021 - Pagarid,2021-12-11T17:30:11Z,"['Noor', 'Meister', '2021', 'Pagarid', 'ETV', 'ERR', 'Kutseharidus', 'Eesti', 'Tallinn', 'Kutsehariduskeskus', 'Kutseõpe', 'HARNO', 'minaoskan', 'Haridus']",24,UCWtShZiWS9I1NH1UYZGgLiw,PT28M52S,hd,False,False,,1836.0,12.0,0.0,public,youtube,"['https://en.wikipedia.org/wiki/Food', 'https://en.wikipedia.org/wiki/Hobby', 'https://en.wikipedia.org/wiki/Lifestyle_(sociology)', 'https://en.wikipedia.org/wiki/Television_program']"
Bvd8gxtjJJg,Noor Meister 2021 - Veevärgitehnikud,2021-12-04T17:30:10Z,"['Noor', 'Meister', '2021', 'Veevärgitehnikud', 'ERR', 'ETV', 'Kutseharidus', 'Kutseõpe', 'Haridus', 'Keskkool', 'HARNO', 'Eesti', 'Estonia']",24,UCWtShZiWS9I1NH1UYZGgLiw,PT27M42S,hd,False,False,,1692.0,15.0,0.0,public,youtube,['https://en.wikipedia.org/wiki/Television_program']
yGOUFS9C9PY,Noor Meister 2021 - Ettevõtlusoskused,2021-11-28T14:37:28Z,"['Noor', 'Meister', '2021', 'Ettevõtlusoskused', 'ETV', 'ERR', 'Kutseharidus', 'Eesti Televisioon', 'Kutseõpe', 'Haridus', 'HARNO']",24,UCWtShZiWS9I1NH1UYZGgLiw,PT29M,hd,False,False,,1117.0,5.0,0.0,public,youtube,"['https://en.wikipedia.org/wiki/Society', 'https://en.wikipedia.org/wiki/Television_program']"
0OJftYhQS3w,Noor Meister 2021 - Klienditeenindaja,2021-11-20T17:30:11Z,"['Noor', 'Meister', '2021', 'Klienditeenindaja', 'ETV', 'ERR', 'Eesti Televisioon', 'Kutseharidus', 'Kutseõppe', 'Haridus', 'HARNO']",24,UCWtShZiWS9I1NH1UYZGgLiw,PT28M30S,hd,False,False,,2134.0,16.0,0.0,public,youtube,"['https://en.wikipedia.org/wiki/Lifestyle_(sociology)', 'https://en.wikipedia.org/wiki/Television_program']"
JmGb7okzb-Q,Noor Meister 2021 alustab!,2021-11-14T00:50:14Z,"['Noor', 'Meister', '2021', 'alustab', 'Noor Meister', 'ETV', 'ERR', 'Eesti Televisioon', 'Eesti', 'Tallinn', 'Kutseharidus']",24,UCWtShZiWS9I1NH1UYZGgLiw,PT32S,hd,False,False,,890.0,3.0,0.0,public,youtube,['https://en.wikipedia.org/wiki/Television_program']
WVq3v5KixDQ,Noor Meister 2021 - Sõiduautotehnik,2021-11-14T00:41:31Z,"['Noor Meister', '2021', 'Sõiduautotehnik', 'Kutseharidus', 'Meister', 'Eesti', 'ETV', 'ERR', 'Eesti Televisioon', 'noormeister']",24,UCWtShZiWS9I1NH1UYZGgLiw,PT28M23S,hd,False,False,,3190.0,21.0,0.0,public,youtube,"['https://en.wikipedia.org/wiki/Lifestyle_(sociology)', 'https://en.wikipedia.org/wiki/Television_program', 'https://en.wikipedia.org/wiki/Vehicle']"
MNlWy-O8pxc,Noor Meister 2020 - Finaal,2021-01-16T17:30:11Z,"['Noor Meister', '2020', 'Finaal', 'Finaalsaade', 'ETV', 'ERR', 'kutseharidus', 'mina oskan', 'haridus-ja kultuuriministeerium', 'harno']",24,UCWtShZiWS9I1NH1UYZGgLiw,PT29M34S,hd,False,False,,2947.0,19.0,0.0,public,youtube,"['https://en.wikipedia.org/wiki/Entertainment', 'https://en.wikipedia.org/wiki/Television_program']"
8Qe5L3zZcOo,Noor Meister 2020 - Majutusteenindaja,2021-01-09T17:30:09Z,"['Noor Meister', '2020', 'Majutusteenindaja', 'minaoskan', 'kutseharidus', 'ERR', 'ETV', 'Eesti Televisioon', 'noormeister']",24,UCWtShZiWS9I1NH1UYZGgLiw,PT28M26S,hd,False,False,,2237.0,19.0,0.0,public,youtube,"['https://en.wikipedia.org/wiki/Entertainment', 'https://en.wikipedia.org/wiki/Television_program']"
JpIWtA9fouM,Noor Meister 2020 - Saateapsud,2021-01-03T18:24:00Z,"['Noor Meister', '2020', 'Saateapsud', 'ETV', 'ERR', 'kutseharidus', 'minaoskan']",24,UCWtShZiWS9I1NH1UYZGgLiw,PT4M13S,hd,False,False,,2525.0,20.0,2.0,public,youtube,['https://en.wikipedia.org/wiki/Television_program']
tdiXKCJTvQY,Noor Meister 2020 - Ehitusviimistleja,2020-12-26T17:30:11Z,"['Noor', 'Meister', '2020', 'Ehitusviimistleja', 'ERR', 'ETV', 'Eesti', 'Estonia', 'Järvamaa Kutsehariduskeskus', 'kutseharidus', 'minaoskan', 'oskustega tulevikku']",24,UCWtShZiWS9I1NH1UYZGgLiw,PT28M26S,hd,False,False,,2737.0,18.0,0.0,public,youtube,"['https://en.wikipedia.org/wiki/Hobby', 'https://en.wikipedia.org/wiki/Lifestyle_(sociology)', 'https://en.wikipedia.org/wiki/Television_program']"
0owGc-azWk0,Noor Meister 2020 - IT-administraator,2020-12-22T02:24:59Z,"['Noor', 'Meister', '2020', 'IT-administraator', 'ERR', 'ETV', 'Noor Meister', 'Eesti', 'Estonia', 'Kehtna Kutsehariduskeskus', 'mina oskan', 'kutseharidus']",24,UCWtShZiWS9I1NH1UYZGgLiw,PT29M30S,hd,False,False,,1959.0,8.0,0.0,public,youtube,['https://en.wikipedia.org/wiki/Television_program']
DOnGYkZn6dU,Noor Meister 2020 - Ehituspuusepp,2020-12-12T19:12:40Z,"['Noor Meister', '2020', 'Ehituspuusepp', 'Rakvere Ametikool', 'ETV', 'ERR', 'Noor Meister 2020', 'Eesti Televisioon', 'Ehitus', 'Puusepp']",24,UCWtShZiWS9I1NH1UYZGgLiw,PT29M30S,hd,False,False,,2132.0,16.0,3.0,public,youtube,"['https://en.wikipedia.org/wiki/Hobby', 'https://en.wikipedia.org/wiki/Lifestyle_(sociology)', 'https://en.wikipedia.org/wiki/Television_program']"
hSsuf4z3jXU,Noor Meister 2020 - Laotöötajad,2020-12-06T08:00:08Z,"['Noor Meister', '2020', 'Noor', 'Meister', 'ERR', 'ETV', 'Sander Rebane', 'Kutseharidus', 'Eesti', 'Tallinn']",24,UCWtShZiWS9I1NH1UYZGgLiw,PT29M18S,hd,False,False,,3260.0,18.0,2.0,public,youtube,"['https://en.wikipedia.org/wiki/Hobby', 'https://en.wikipedia.org/wiki/Lifestyle_(sociology)', 'https://en.wikipedia.org/wiki/Television_program']"
uU5__BH16dY,Noor Meister 2020 - Mehhatroonikud,2020-11-29T15:39:20Z,"['Noor Meister', 'Noor Meister 2020', 'Mehhatroonikud', 'ETV', 'Kutseharidu', 'Mina oskan', 'Sander Rebane', 'Eesti']",24,UCWtShZiWS9I1NH1UYZGgLiw,PT28M49S,hd,False,False,,1617.0,14.0,0.0,public,youtube,"['https://en.wikipedia.org/wiki/Entertainment', 'https://en.wikipedia.org/wiki/Television_program']"
o8cJitO9zLA,Noor Meister 2020 - Restoraniteenindajad,2020-11-23T08:00:17Z,"['Noor Meister 2020', 'Noor Meister', 'Kutseharidus', 'Mina oskan', 'Oskustega tulevikku', 'Restoraniteenindaja', 'ETV', 'Sander Rebane', 'Eesti']",24,UCWtShZiWS9I1NH1UYZGgLiw,PT29M,hd,False,False,,2502.0,20.0,1.0,public,youtube,"['https://en.wikipedia.org/wiki/Hobby', 'https://en.wikipedia.org/wiki/Lifestyle_(sociology)', 'https://en.wikipedia.org/wiki/Television_program']"
k_mhNXjlXLo,Noor Meister 2020 alustab!,2020-11-13T15:26:01Z,,24,UCWtShZiWS9I1NH1UYZGgLiw,PT49S,hd,False,False,,436.0,4.0,0.0,public,youtube,
w3Xm3mZvOkw,Noor Meister 2019 - 10. saade,2019-06-03T20:29:47Z,"['Noor Meister', '10', 'Saade', 'ETV', 'ETV2', 'Noor', 'Meister', 'Youth', 'Master', 'Kutseharidus', 'Education', 'Final', 'TV', 'TV show']",24,UCWtShZiWS9I1NH1UYZGgLiw,PT28M17S,hd,False,False,,815.0,7.0,0.0,public,youtube,"['https://en.wikipedia.org/wiki/Hobby', 'https://en.wikipedia.org/wiki/Lifestyle_(sociology)', 'https://en.wikipedia.org/wiki/Television_program']"
ddA-JR53Qb4,Noor Meister 2019 - 9. saade,2019-05-26T15:21:48Z,"['Noor Meister', 'saade', 'ETV', 'ETV2', 'Estonia', 'Kutseharidus', 'Youth', 'Master', 'Youth Master', 'Gardening', 'Maastikuarhitekt', 'Maastik', 'Forest', 'Landscape', 'Arhitect', 'Arhitekt']",24,UCWtShZiWS9I1NH1UYZGgLiw,PT28M58S,hd,False,False,,816.0,7.0,0.0,public,youtube,"['https://en.wikipedia.org/wiki/Hobby', 'https://en.wikipedia.org/wiki/Lifestyle_(sociology)', 'https://en.wikipedia.org/wiki/Television_program']"
QEfFQRYK1go,Noor Meister 2019 - 8. saade,2019-05-19T19:26:21Z,"['Noor Meister', 'Saade', 'ETV', 'Mehhatroonik', 'Tallinn', 'Eesti', 'Estonia', 'Youth Master', 'Meister', 'Noor', 'Youth']",24,UCWtShZiWS9I1NH1UYZGgLiw,PT27M59S,hd,False,False,,1149.0,5.0,0.0,public,youtube,['https://en.wikipedia.org/wiki/Television_program']
N1DdmCptxbw,Noor Meister 2019 - 7. saade,2019-05-12T19:35:22Z,"['Noor Meister', 'Saade', 'Youth Master', 'Master', 'Youth', '2019', 'ETV', 'ETV2', 'Estonian Television', 'Eesti Televisioon']",24,UCWtShZiWS9I1NH1UYZGgLiw,PT28M29S,hd,False,False,,1007.0,12.0,0.0,public,youtube,"['https://en.wikipedia.org/wiki/Hobby', 'https://en.wikipedia.org/wiki/Lifestyle_(sociology)', 'https://en.wikipedia.org/wiki/Television_program']"
UwwseDXASvk,Noor Meister 2019 - 6. saade,2019-04-29T17:09:12Z,"['Noor Meister', 'Saade', 'Youth Master', 'Master', 'Youth', '2019', 'ETV', 'ETV2', 'Estonian Television']",24,UCWtShZiWS9I1NH1UYZGgLiw,PT28M35S,hd,False,False,,1233.0,9.0,0.0,public,youtube,"['https://en.wikipedia.org/wiki/Society', 'https://en.wikipedia.org/wiki/Television_program']"
dZhpQFddbgg,Noor Meister 2019 - 5. saade,2019-04-21T13:44:42Z,"['Noor Meister', 'Saade', 'Elektrik', 'Electrician', 'Show', 'ETV', 'ETV2', 'Young Master', 'Master', 'Master Electrician']",24,UCWtShZiWS9I1NH1UYZGgLiw,PT28M25S,hd,False,False,,1133.0,8.0,0.0,public,youtube,['https://en.wikipedia.org/wiki/Television_program']
Ok46K6nV2lI,Noor Meister 2019 - 4. saade,2019-04-17T16:20:42Z,['Noor Meister'],24,UCWtShZiWS9I1NH1UYZGgLiw,PT27M30S,hd,False,False,,1265.0,9.0,0.0,public,youtube,['https://en.wikipedia.org/wiki/Television_program']
3MRG0s7FnA8,Noor Meister 2019 - 3. saade,2019-04-17T16:09:16Z,['Noor Meister'],24,UCWtShZiWS9I1NH1UYZGgLiw,PT28M43S,hd,False,False,,759.0,7.0,0.0,public,youtube,['https://en.wikipedia.org/wiki/Television_program']
G4Ur5JmevP0,Noor Meister 2019 - 2. saade,2019-04-17T15:34:02Z,"['Noor Meister', 'saade', 'ETV', 'ETV2', 'Chef', 'Kokk', 'Young Master', 'Youth', 'Master', 'Master Chef', 'Meisterkokk', 'Laura Prits']",24,UCWtShZiWS9I1NH1UYZGgLiw,PT28M38S,hd,False,False,,1144.0,6.0,0.0,public,youtube,"['https://en.wikipedia.org/wiki/Food', 'https://en.wikipedia.org/wiki/Lifestyle_(sociology)', 'https://en.wikipedia.org/wiki/Television_program']"
2OoaBxOwfpw,Noor Meister 2019 - 1. saade,2019-04-17T15:28:41Z,['Noor Meister'],24,UCWtShZiWS9I1NH1UYZGgLiw,PT27M8S,hd,False,False,,1192.0,9.0,,public,youtube,"['https://en.wikipedia.org/wiki/Hobby', 'https://en.wikipedia.org/wiki/Lifestyle_(sociology)', 'https://en.wikipedia.org/wiki/Television_program']"
7Fi4m-Vt4Z4,Noor Meister 2019 alustab!,2019-04-17T15:03:57Z,['Noor Meister'],24,UCWtShZiWS9I1NH1UYZGgLiw,PT42S,hd,False,False,,158.0,1.0,0.0,public,youtube,['https://en.wikipedia.org/wiki/Television_program']
bV9JuSYOjmc,Noor Meister 2019,2019-04-17T14:51:17Z,['Noor Meister'],22,UCWtShZiWS9I1NH1UYZGgLiw,PT14S,hd,False,False,,11766.0,1.0,0.0,public,youtube,
TOUQAq4G9Dw,LPS~Mineviku Peegeldus - Osa #6 {Läinud},2020-06-06T10:14:49Z,,1,UCxHoivKv0roV5EwBTdsa91w,PT19M22S,hd,False,False,,13595.0,529.0,,public,youtube,"['https://en.wikipedia.org/wiki/Hobby', 'https://en.wikipedia.org/wiki/Lifestyle_(sociology)']"
TrxPwZm70ZU,LPS~Müün LPS-e ja Uus Maskott!,2020-04-11T11:36:31Z,,1,UCxHoivKv0roV5EwBTdsa91w,PT7M29S,hd,False,False,,9148.0,401.0,103.0,public,youtube,"['https://en.wikipedia.org/wiki/Hobby', 'https://en.wikipedia.org/wiki/Lifestyle_(sociology)']"
MNLp7KFhEVk,LPS~Pidšaamapidu [Natali Elu #10],2020-03-21T18:18:07Z,,1,UCxHoivKv0roV5EwBTdsa91w,PT8M25S,hd,False,False,,11358.0,502.0,,public,youtube,"['https://en.wikipedia.org/wiki/Hobby', 'https://en.wikipedia.org/wiki/Lifestyle_(sociology)']"
gv6lZI8lROk,LPS~Mineviku Peegeldus - Osa #5 {Chloe Otsus},2020-03-15T13:31:10Z,,1,UCxHoivKv0roV5EwBTdsa91w,PT21M6S,hd,False,False,,11601.0,413.0,93.0,public,youtube,"['https://en.wikipedia.org/wiki/Hobby', 'https://en.wikipedia.org/wiki/Lifestyle_(sociology)']"
iFnS-47PVFA,LPS MV~Teenage MInd - Tate McRae,2020-03-07T11:07:44Z,,1,UCxHoivKv0roV5EwBTdsa91w,PT2M12S,hd,False,False,,7277.0,303.0,27.0,public,youtube,['https://en.wikipedia.org/wiki/Music']
NPx-VqdJfVE,LPS~Mineviku Peegeldus - Osa #4 {Meie Hirmud},2020-02-18T19:30:44Z,,1,UCxHoivKv0roV5EwBTdsa91w,PT25M13S,hd,False,False,,11529.0,457.0,,public,youtube,"['https://en.wikipedia.org/wiki/Hobby', 'https://en.wikipedia.org/wiki/Lifestyle_(sociology)']"
2_5YPhP6lNo,LPS~Mineviku Peegeldus (UUS INTRO!!!),2019-12-24T13:16:32Z,,1,UCxHoivKv0roV5EwBTdsa91w,PT1M35S,hd,False,False,,12053.0,311.0,67.0,public,youtube,"['https://en.wikipedia.org/wiki/Music', 'https://en.wikipedia.org/wiki/Music_of_Asia']"
pcSQjmaMki4,LPS~Kõik minu kostümeeritud LPS-id,2019-12-18T17:35:40Z,,1,UCxHoivKv0roV5EwBTdsa91w,PT18M34S,hd,False,False,,7514.0,409.0,,public,youtube,"['https://en.wikipedia.org/wiki/Hobby', 'https://en.wikipedia.org/wiki/Lifestyle_(sociology)']"
X2jR0R1_wGQ,LPS~Kuidas Teha LPS Videoid,2019-12-15T17:51:38Z,,1,UCxHoivKv0roV5EwBTdsa91w,PT31M3S,hd,False,False,,5137.0,402.0,,public,youtube,"['https://en.wikipedia.org/wiki/Hobby', 'https://en.wikipedia.org/wiki/Lifestyle_(sociology)']"
hUQhk0HI9ww,LPS~Avamine ja pettumus?,2019-12-07T00:00:06Z,,1,UCxHoivKv0roV5EwBTdsa91w,PT18M10S,hd,False,False,,12134.0,520.0,,public,youtube,"['https://en.wikipedia.org/wiki/Hobby', 'https://en.wikipedia.org/wiki/Lifestyle_(sociology)']"
w8dyKzWt38w,LPS~Kaunistamine 2019!,2019-12-02T15:41:34Z,,1,UCxHoivKv0roV5EwBTdsa91w,PT14M54S,hd,False,False,,4652.0,316.0,,public,youtube,"['https://en.wikipedia.org/wiki/Hobby', 'https://en.wikipedia.org/wiki/Lifestyle_(sociology)']"
zfmhLxwR6Og,LPS~Mineviku Peegeldus - Kaadritagused!,2019-09-18T16:24:18Z,,1,UCxHoivKv0roV5EwBTdsa91w,PT13M18S,hd,False,False,,7869.0,401.0,,public,youtube,"['https://en.wikipedia.org/wiki/Hobby', 'https://en.wikipedia.org/wiki/Lifestyle_(sociology)']"
eZUCuLOlMe4,LPS~26 LPSi ja asjade avamine!,2019-09-15T15:37:16Z,,1,UCxHoivKv0roV5EwBTdsa91w,PT24M53S,hd,False,False,,11494.0,562.0,,public,youtube,"['https://en.wikipedia.org/wiki/Hobby', 'https://en.wikipedia.org/wiki/Lifestyle_(sociology)']"
r0Qt0uD8w48,LPS~Mineviku Peegeldus - Osa #3 {Usaldus},2019-08-05T22:39:39Z,,1,UCxHoivKv0roV5EwBTdsa91w,PT14M48S,hd,False,False,,14963.0,582.0,,public,youtube,"['https://en.wikipedia.org/wiki/Hobby', 'https://en.wikipedia.org/wiki/Lifestyle_(sociology)']"
nwjHllXVTUE,LPS~Kalju the Kalakulles,2019-06-12T12:51:55Z,,1,UCxHoivKv0roV5EwBTdsa91w,PT3M8S,hd,False,False,,15462.0,647.0,,public,youtube,"['https://en.wikipedia.org/wiki/Hobby', 'https://en.wikipedia.org/wiki/Lifestyle_(sociology)']"
pCrhQhgLN2M,LPS~Mineviku Peegeldus - Osa #2 {Vanad Tuttavad},2019-06-05T12:27:42Z,"['lps', 'littlest pet shop']",1,UCxHoivKv0roV5EwBTdsa91w,PT20M5S,hd,False,False,,22978.0,777.0,,public,youtube,"['https://en.wikipedia.org/wiki/Hobby', 'https://en.wikipedia.org/wiki/Lifestyle_(sociology)']"
qL2_GPGM_34,LPS MV~Little girl - Faith Marie,2019-04-26T17:00:09Z,,1,UCxHoivKv0roV5EwBTdsa91w,PT2M23S,hd,False,False,,12270.0,468.0,130.0,public,youtube,"['https://en.wikipedia.org/wiki/Independent_music', 'https://en.wikipedia.org/wiki/Music']"
fucBGqoAgYU,LPS~Mineviku Peegeldus - Osa #1 {Esimesed Killud Langevad...} (Eesti Keeles),2019-03-28T15:00:04Z,,1,UCxHoivKv0roV5EwBTdsa91w,PT9M7S,hd,False,False,,35575.0,1071.0,258.0,public,youtube,"['https://en.wikipedia.org/wiki/Hobby', 'https://en.wikipedia.org/wiki/Lifestyle_(sociology)']"
bOqZpCVlydE,LPS~Mineviku Peegeldus {Treiler},2019-03-24T13:13:05Z,,1,UCxHoivKv0roV5EwBTdsa91w,PT22S,hd,False,False,,13986.0,409.0,109.0,public,youtube,['https://en.wikipedia.org/wiki/Entertainment']
74IIsiav7Us,LPS~Mida Teha Jõuluvaheajal (re-upload),2018-12-26T18:58:35Z,,1,UCxHoivKv0roV5EwBTdsa91w,PT7M23S,hd,False,False,,15546.0,653.0,,public,youtube,"['https://en.wikipedia.org/wiki/Hobby', 'https://en.wikipedia.org/wiki/Lifestyle_(sociology)']"
exocXluM1OM,LPS~Kättemaks [Natali Elu #9] Halloweeni Eri 2018,2018-10-31T17:00:18Z,,1,UCxHoivKv0roV5EwBTdsa91w,PT7M14S,hd,False,False,,30786.0,804.0,,public,youtube,"['https://en.wikipedia.org/wiki/Hobby', 'https://en.wikipedia.org/wiki/Lifestyle_(sociology)']"
QU3P-Vqevmw,LPS~Metslane {Kadunud Valgus} FILM! Eesti Keeles!,2018-10-12T16:46:56Z,,1,UCxHoivKv0roV5EwBTdsa91w,PT43M24S,hd,False,False,,50536.0,1557.0,,public,youtube,"['https://en.wikipedia.org/wiki/Hobby', 'https://en.wikipedia.org/wiki/Lifestyle_(sociology)']"
7rXrOgOLGas,LPS~Metslane {Kadunud Valgus} TREILER!,2018-10-05T22:19:26Z,,1,UCxHoivKv0roV5EwBTdsa91w,PT57S,hd,False,False,,20304.0,462.0,205.0,public,youtube,"['https://en.wikipedia.org/wiki/Hobby', 'https://en.wikipedia.org/wiki/Lifestyle_(sociology)']"
V5acc-Db9Ss,LPS~Nataalia [Natali Elu #8],2018-10-01T21:21:20Z,,1,UCxHoivKv0roV5EwBTdsa91w,PT11M28S,hd,False,False,,34545.0,972.0,,public,youtube,"['https://en.wikipedia.org/wiki/Hobby', 'https://en.wikipedia.org/wiki/Lifestyle_(sociology)']"
WVHvAk016MY,"LPS~Kokkutulekud 2018 Vlogid (Tallinn, Tartu & Haapsalu)",2018-09-04T14:22:41Z,,1,UCxHoivKv0roV5EwBTdsa91w,PT13M6S,hd,False,False,,7690.0,303.0,,public,youtube,"['https://en.wikipedia.org/wiki/Hobby', 'https://en.wikipedia.org/wiki/Lifestyle_(sociology)']"
mYsbYd7no8M,LPS~Tallinna Kokkutuleku Pakkide Avamine,2018-09-04T12:53:27Z,,1,UCxHoivKv0roV5EwBTdsa91w,PT2H23M10S,hd,False,False,,9893.0,350.0,,public,youtube,"['https://en.wikipedia.org/wiki/Hobby', 'https://en.wikipedia.org/wiki/Lifestyle_(sociology)']"
ImL0X0SNRGQ,Tartu & Haapsalu Kokkutuleku Pakid (Live) Vol.2.,2018-08-14T11:46:22Z,,1,UCxHoivKv0roV5EwBTdsa91w,PT1H46M16S,hd,False,False,,8643.0,325.0,,public,youtube,"['https://en.wikipedia.org/wiki/Hobby', 'https://en.wikipedia.org/wiki/Lifestyle_(sociology)']"
nJi8zZT2N-k,Tartu & Haapsalu Kokkutuleku Pakid! (Live) Vol.1.,2018-08-10T10:46:49Z,,1,UCxHoivKv0roV5EwBTdsa91w,PT18M52S,hd,False,False,,9943.0,358.0,,public,youtube,"['https://en.wikipedia.org/wiki/Hobby', 'https://en.wikipedia.org/wiki/Lifestyle_(sociology)']"
nPME_ZOoF8Q,LPS~Metslane - Osa #15 {Veel Pimedam Pimedus},2018-07-31T20:01:05Z,,22,UCxHoivKv0roV5EwBTdsa91w,PT9M24S,hd,False,False,,37047.0,1031.0,444.0,public,youtube,"['https://en.wikipedia.org/wiki/Hobby', 'https://en.wikipedia.org/wiki/Lifestyle_(sociology)']"
UT2fXFx5-wU,LPS~Avamine - 4 Maskotti?!,2018-07-18T21:01:31Z,,22,UCxHoivKv0roV5EwBTdsa91w,PT12M49S,hd,False,False,,15546.0,636.0,251.0,public,youtube,"['https://en.wikipedia.org/wiki/Hobby', 'https://en.wikipedia.org/wiki/Lifestyle_(sociology)']"
P70LBuN7FDw,LPS~Stuudio Tuur Vol.2. - 5K Eri (2018),2018-06-09T21:53:47Z,,22,UCxHoivKv0roV5EwBTdsa91w,PT16M1S,hd,False,False,,15702.0,685.0,,public,youtube,"['https://en.wikipedia.org/wiki/Hobby', 'https://en.wikipedia.org/wiki/Lifestyle_(sociology)']"
xy0uE1lZGtA,LPS~Igavik 2 (film) Eesti Keeles!,2018-06-05T13:00:05Z,,22,UCxHoivKv0roV5EwBTdsa91w,PT40M33S,hd,False,False,{'blocked': ['RU']},72849.0,1613.0,,public,youtube,"['https://en.wikipedia.org/wiki/Hobby', 'https://en.wikipedia.org/wiki/Lifestyle_(sociology)']"
damcgVupGUs,LPSTuber Tag,2018-05-13T10:45:58Z,,22,UCxHoivKv0roV5EwBTdsa91w,PT17M44S,hd,False,False,,8876.0,417.0,,public,youtube,"['https://en.wikipedia.org/wiki/Hobby', 'https://en.wikipedia.org/wiki/Lifestyle_(sociology)']"
rtxe7nK-hw0,LPS MV~On My Own - Ashes Remain (Collab ft. Mentos LPS),2018-04-09T12:37:10Z,,22,UCxHoivKv0roV5EwBTdsa91w,PT2M27S,hd,False,False,,18396.0,461.0,124.0,public,youtube,"['https://en.wikipedia.org/wiki/Christian_music', 'https://en.wikipedia.org/wiki/Music']"
0Z8KfqNzMCU,LPS~Metslane - Osa #14 {Saatuse Vang} HOOAJA VIIMANE,2018-03-30T18:25:34Z,,22,UCxHoivKv0roV5EwBTdsa91w,PT11M27S,hd,False,False,,50686.0,1265.0,,public,youtube,['https://en.wikipedia.org/wiki/Entertainment']
fwKu1LATi3g,LPS MV~Replay - Zendaya (Collab ft. LPS KreemiKüpsis),2018-03-26T18:37:15Z,,22,UCxHoivKv0roV5EwBTdsa91w,PT2M45S,hd,False,False,,20392.0,473.0,134.0,public,youtube,"['https://en.wikipedia.org/wiki/Music', 'https://en.wikipedia.org/wiki/Pop_music']"
6C7oeen4HEg,LPS~Metslane - Osa #13 {Purunenud Mälestused},2018-02-28T16:42:10Z,,22,UCxHoivKv0roV5EwBTdsa91w,PT22M22S,hd,False,False,,62210.0,1315.0,,public,youtube,"['https://en.wikipedia.org/wiki/Hobby', 'https://en.wikipedia.org/wiki/Lifestyle_(sociology)']"
XrJtbCjMLec,LPS~Guess The LPS Challenge - Meie Moodi (ft.Juustukook),2018-02-16T17:20:36Z,,22,UCxHoivKv0roV5EwBTdsa91w,PT19M21S,hd,False,False,,32431.0,756.0,296.0,public,youtube,"['https://en.wikipedia.org/wiki/Hobby', 'https://en.wikipedia.org/wiki/Lifestyle_(sociology)']"
MIJR6__HBRY,LPS MV~Kids Again - Artist Vs Poet,2018-02-05T17:39:59Z,,22,UCxHoivKv0roV5EwBTdsa91w,PT3M4S,hd,False,False,,23965.0,518.0,127.0,public,youtube,"['https://en.wikipedia.org/wiki/Independent_music', 'https://en.wikipedia.org/wiki/Music']"
N34iAMFkxMw,LPS~Metslane - Osa #12 {Emily},2018-01-30T08:38:13Z,,22,UCxHoivKv0roV5EwBTdsa91w,PT17M16S,hd,False,False,,55207.0,1159.0,,public,youtube,"['https://en.wikipedia.org/wiki/Hobby', 'https://en.wikipedia.org/wiki/Lifestyle_(sociology)']"
dcMqRZ_27dM,LPS~Metslane UUS INTRO!!!,2018-01-27T20:24:59Z,,22,UCxHoivKv0roV5EwBTdsa91w,PT29S,hd,False,False,,16933.0,360.0,122.0,public,youtube,
Kuz7XHEZd-c,LPS MV~Pity Party - Melanie Martinez,2018-01-09T23:56:51Z,,22,UCxHoivKv0roV5EwBTdsa91w,PT1M58S,hd,False,False,"{'blocked': ['BY', 'RU']}",14830.0,371.0,122.0,public,youtube,"['https://en.wikipedia.org/wiki/Electronic_music', 'https://en.wikipedia.org/wiki/Music', 'https://en.wikipedia.org/wiki/Pop_music']"
Wztm6NAesvU,LPS~Metslane - Osa #11 {Kreeta},2018-01-01T00:57:21Z,,22,UCxHoivKv0roV5EwBTdsa91w,PT11M24S,hd,False,False,,49801.0,936.0,,public,youtube,"['https://en.wikipedia.org/wiki/Hobby', 'https://en.wikipedia.org/wiki/Lifestyle_(sociology)']"
UJT89Hw6By8,LPS MV~Last Christmas,2017-12-23T10:02:57Z,,22,UCxHoivKv0roV5EwBTdsa91w,PT2M36S,hd,False,False,,44190.0,909.0,0.0,public,youtube,"['https://en.wikipedia.org/wiki/Christian_music', 'https://en.wikipedia.org/wiki/Music']"
v0s6AQICe7s,LPS~Jõulupidu [Natali elu #7],2017-12-22T14:33:34Z,,22,UCxHoivKv0roV5EwBTdsa91w,PT6M14S,hd,False,False,,43959.0,774.0,,public,youtube,"['https://en.wikipedia.org/wiki/Hobby', 'https://en.wikipedia.org/wiki/Lifestyle_(sociology)']"
V0HCBTy-df4,LPS~Suur Avamine - LOE KIRJELDUST (Re-Upload),2017-12-10T19:52:52Z,,22,UCxHoivKv0roV5EwBTdsa91w,PT33M30S,hd,False,False,,50693.0,1072.0,,public,youtube,"['https://en.wikipedia.org/wiki/Hobby', 'https://en.wikipedia.org/wiki/Lifestyle_(sociology)']"
q0AnSxCAoUc,LPS~Metslane - Osa #10 {See On Alanud},2017-12-07T07:14:31Z,,22,UCxHoivKv0roV5EwBTdsa91w,PT6M52S,hd,False,False,,41885.0,781.0,216.0,public,youtube,"['https://en.wikipedia.org/wiki/Hobby', 'https://en.wikipedia.org/wiki/Lifestyle_(sociology)']"
_DWrChoBZgs,LPS~Metslane Q&A,2017-12-06T15:50:56Z,,22,UCxHoivKv0roV5EwBTdsa91w,PT17M16S,hd,False,False,,73111.0,1387.0,,public,youtube,"['https://en.wikipedia.org/wiki/Hobby', 'https://en.wikipedia.org/wiki/Lifestyle_(sociology)']"
CS7QFcw_Wi0,LPS~Kaunistame,2017-12-01T20:48:31Z,,22,UCxHoivKv0roV5EwBTdsa91w,PT11M27S,hd,False,False,,16078.0,623.0,,public,youtube,"['https://en.wikipedia.org/wiki/Hobby', 'https://en.wikipedia.org/wiki/Lifestyle_(sociology)']"
IlDEkRDHfxU,LPS MV~See You Again - Cover by Bea Miller & Boyce Avenue,2017-11-17T17:58:38Z,,22,UCxHoivKv0roV5EwBTdsa91w,PT3M58S,hd,False,False,,28530.0,577.0,122.0,public,youtube,"['https://en.wikipedia.org/wiki/Music', 'https://en.wikipedia.org/wiki/Pop_music']"
atJmKjhdVeE,LPS~Metslane - Osa #9 {Oht Ei Hüüa Tulles},2017-11-12T17:49:20Z,,22,UCxHoivKv0roV5EwBTdsa91w,PT7M14S,hd,False,False,,39213.0,838.0,,public,youtube,"['https://en.wikipedia.org/wiki/Hobby', 'https://en.wikipedia.org/wiki/Lifestyle_(sociology)']"
At2OLitoQ6Y,LPS~Halloween [Natali elu #6],2017-10-31T17:51:02Z,,22,UCxHoivKv0roV5EwBTdsa91w,PT12M49S,hd,False,False,,71212.0,1204.0,,public,youtube,"['https://en.wikipedia.org/wiki/Hobby', 'https://en.wikipedia.org/wiki/Lifestyle_(sociology)']"
1y1xRgL30V4,LPS~Kuidas Mina Teen Fake Verd (Ft: Sõber),2017-10-26T11:53:00Z,,22,UCxHoivKv0roV5EwBTdsa91w,PT6M2S,hd,False,False,,28576.0,756.0,,public,youtube,"['https://en.wikipedia.org/wiki/Hobby', 'https://en.wikipedia.org/wiki/Lifestyle_(sociology)']"
2R6nqC26Q6A,LPS~Uus Tibu [Natali elu #5],2017-10-19T11:46:27Z,,22,UCxHoivKv0roV5EwBTdsa91w,PT6M38S,hd,False,False,,42503.0,874.0,,public,youtube,"['https://en.wikipedia.org/wiki/Hobby', 'https://en.wikipedia.org/wiki/Lifestyle_(sociology)']"
K3BH9U59U_s,LPS~Metslane - Osa #8 {Ole Valmis},2017-10-17T15:08:03Z,,22,UCxHoivKv0roV5EwBTdsa91w,PT10M16S,hd,False,False,,37355.0,854.0,,public,youtube,"['https://en.wikipedia.org/wiki/Hobby', 'https://en.wikipedia.org/wiki/Lifestyle_(sociology)']"
e38Nfkx5FCY,LPS MV~How You Remind Me - Avril Lavigne,2017-10-09T17:53:28Z,,22,UCxHoivKv0roV5EwBTdsa91w,PT3M51S,hd,False,False,,39761.0,768.0,197.0,public,youtube,"['https://en.wikipedia.org/wiki/Music', 'https://en.wikipedia.org/wiki/Pop_music']"
rJUpysS_-Ck,LPS~75 LPSi avamine + Aksessuaarid (minu unistuste LPS),2017-10-01T10:18:45Z,,22,UCxHoivKv0roV5EwBTdsa91w,PT23M38S,hd,False,False,,64027.0,1336.0,,public,youtube,"['https://en.wikipedia.org/wiki/Hobby', 'https://en.wikipedia.org/wiki/Lifestyle_(sociology)']"
v9L88kEDA_I,"LPS~Teated (Igavik, Metslane, Natali elu jne...)+Uus Outro",2017-09-22T16:02:32Z,,22,UCxHoivKv0roV5EwBTdsa91w,PT9M38S,hd,False,False,,12051.0,506.0,,public,youtube,"['https://en.wikipedia.org/wiki/Hobby', 'https://en.wikipedia.org/wiki/Lifestyle_(sociology)']"
VB1Ow8Vywzc,LPS~Metslane - Osa #7 {Piiri Ületanud},2017-09-20T13:16:32Z,,22,UCxHoivKv0roV5EwBTdsa91w,PT10M41S,hd,False,False,,46048.0,909.0,,public,youtube,"['https://en.wikipedia.org/wiki/Hobby', 'https://en.wikipedia.org/wiki/Lifestyle_(sociology)']"
R0CFk-S4Cfc,LPS~Igavik (film) Eesti Keeles!,2017-09-08T15:13:56Z,,22,UCxHoivKv0roV5EwBTdsa91w,PT23M42S,hd,False,False,{'blocked': ['RU']},126247.0,2110.0,,public,youtube,"['https://en.wikipedia.org/wiki/Hobby', 'https://en.wikipedia.org/wiki/Lifestyle_(sociology)']"
OtaOWW2YqNE,LPS~Break The Rules - Full Mep,2017-09-07T16:59:54Z,,22,UCxHoivKv0roV5EwBTdsa91w,PT2M57S,hd,False,False,"{'blocked': ['BY', 'RU']}",9705.0,345.0,55.0,public,youtube,['https://en.wikipedia.org/wiki/Music']
Yb_MhWowqTU,LPS~Igavik (treiler),2017-08-30T15:49:56Z,,22,UCxHoivKv0roV5EwBTdsa91w,PT38S,hd,False,False,,22483.0,552.0,111.0,public,youtube,"['https://en.wikipedia.org/wiki/Entertainment', 'https://en.wikipedia.org/wiki/Film']"
hhWOamHiPVg,LPS~Metslane - Osa #6 {Nüüd Aitab},2017-08-29T20:03:58Z,,22,UCxHoivKv0roV5EwBTdsa91w,PT8M58S,hd,False,False,,51878.0,954.0,,public,youtube,"['https://en.wikipedia.org/wiki/Hobby', 'https://en.wikipedia.org/wiki/Lifestyle_(sociology)']"
8Ly0dNhSQSQ,Live Sõbraga,2017-08-28T14:59:23Z,,22,UCxHoivKv0roV5EwBTdsa91w,P0D,sd,False,False,,0.0,36.0,0.0,public,youtube,
UaZTzrzbp_g,LPS~Metslane - Osa #5 {Hüvastijätt},2017-08-14T17:58:01Z,,22,UCxHoivKv0roV5EwBTdsa91w,PT11M9S,hd,False,False,,48571.0,1039.0,,public,youtube,"['https://en.wikipedia.org/wiki/Hobby', 'https://en.wikipedia.org/wiki/Lifestyle_(sociology)']"
THHyQjPAmD0,LPS~Metslane - Osa #4 {Ettenägematu Kõne},2017-08-05T20:23:47Z,,22,UCxHoivKv0roV5EwBTdsa91w,PT6M40S,hd,False,False,,54528.0,1056.0,,public,youtube,"['https://en.wikipedia.org/wiki/Hobby', 'https://en.wikipedia.org/wiki/Lifestyle_(sociology)']"
nd5m2ashV9M,LPS~Metslane - Osa #3 {Kauem On Raskem},2017-07-30T09:00:41Z,,22,UCxHoivKv0roV5EwBTdsa91w,PT7M20S,hd,False,False,,41613.0,750.0,,public,youtube,"['https://en.wikipedia.org/wiki/Hobby', 'https://en.wikipedia.org/wiki/Lifestyle_(sociology)']"
UaAwzSUMEmA,LPS~Kontrolltöö [Natali elu #4],2017-07-26T18:02:31Z,,22,UCxHoivKv0roV5EwBTdsa91w,PT4M15S,hd,False,False,,44229.0,710.0,,public,youtube,"['https://en.wikipedia.org/wiki/Hobby', 'https://en.wikipedia.org/wiki/Lifestyle_(sociology)']"
gOGyg-Ywck8,LPS~Metslane - Osa #2 {See On Minu Süü},2017-07-23T21:16:34Z,,22,UCxHoivKv0roV5EwBTdsa91w,PT12M57S,hd,False,False,,54620.0,1022.0,,public,youtube,"['https://en.wikipedia.org/wiki/Hobby', 'https://en.wikipedia.org/wiki/Lifestyle_(sociology)']"
CSFjKJF6p54,LPS~Esimene kohting (Natali elu #3),2017-07-17T19:10:27Z,,22,UCxHoivKv0roV5EwBTdsa91w,PT3M27S,hd,False,False,,33174.0,585.0,,public,youtube,"['https://en.wikipedia.org/wiki/Hobby', 'https://en.wikipedia.org/wiki/Lifestyle_(sociology)']"
fj-3jlF7PeA,LPS~Metslane - Osa #1 {Meie Kodu} Eesti Keeles!,2017-07-06T10:24:47Z,,22,UCxHoivKv0roV5EwBTdsa91w,PT18M,hd,False,False,,102471.0,1516.0,,public,youtube,"['https://en.wikipedia.org/wiki/Hobby', 'https://en.wikipedia.org/wiki/Lifestyle_(sociology)']"
nN3LHBnFqLc,LPS~Metslane {Intro/Treiler},2017-07-03T21:05:18Z,,22,UCxHoivKv0roV5EwBTdsa91w,PT28S,hd,False,False,,16927.0,274.0,39.0,public,youtube,
BrzDBfTCpa4,LPS~Operatsioon kana suhe (Natali elu #2),2017-06-19T17:06:18Z,,22,UCxHoivKv0roV5EwBTdsa91w,PT4M17S,hd,False,False,,37770.0,722.0,,public,youtube,"['https://en.wikipedia.org/wiki/Hobby', 'https://en.wikipedia.org/wiki/Lifestyle_(sociology)']"
zHZYWI8gG_8,LPS~Küpsise sõltlane (Natali elu #1) Eesti Keeles!,2017-06-13T16:05:51Z,,22,UCxHoivKv0roV5EwBTdsa91w,PT4M22S,hd,False,False,,51396.0,901.0,,public,youtube,"['https://en.wikipedia.org/wiki/Hobby', 'https://en.wikipedia.org/wiki/Lifestyle_(sociology)']"
Jc7OdX48ZpY,Q&A Live,2017-06-07T13:35:22Z,,22,UCxHoivKv0roV5EwBTdsa91w,P0D,sd,False,False,,0.0,27.0,0.0,public,youtube,
gZdTbbpmoYE,LPS~Viimane koolipäev [Ootused VS Reaalsus],2017-06-06T16:15:41Z,,22,UCxHoivKv0roV5EwBTdsa91w,PT9M46S,hd,False,False,,29316.0,727.0,,public,youtube,"['https://en.wikipedia.org/wiki/Hobby', 'https://en.wikipedia.org/wiki/Lifestyle_(sociology)']"
RieX6hyPKv4,LPS MV~Because of you - Elias Naslin,2017-05-28T15:23:08Z,,22,UCxHoivKv0roV5EwBTdsa91w,PT3M26S,hd,False,False,,26863.0,485.0,86.0,public,youtube,"['https://en.wikipedia.org/wiki/Music', 'https://en.wikipedia.org/wiki/Pop_music']"
0j30YkaNo5g,LPS: Kooli vang osa #8 (möödunud aeg) SARJA VIIMANE!,2017-05-26T16:31:38Z,,22,UCxHoivKv0roV5EwBTdsa91w,PT9M20S,hd,False,False,{'blocked': ['RU']},24164.0,789.0,,public,youtube,"['https://en.wikipedia.org/wiki/Hobby', 'https://en.wikipedia.org/wiki/Lifestyle_(sociology)']"
-JfvhUzuAN0,LPS: Uus sari+palju asju,2017-05-24T18:01:09Z,,22,UCxHoivKv0roV5EwBTdsa91w,PT13M1S,hd,False,False,,17504.0,539.0,,public,youtube,"['https://en.wikipedia.org/wiki/Hobby', 'https://en.wikipedia.org/wiki/Lifestyle_(sociology)']"
gi54RbcrHuw,LPS: Loser like me-muusika video (Glee Clast),2017-05-21T07:40:57Z,,22,UCxHoivKv0roV5EwBTdsa91w,PT3M26S,hd,False,False,,24299.0,472.0,87.0,public,youtube,"['https://en.wikipedia.org/wiki/Music', 'https://en.wikipedia.org/wiki/Pop_music']"
4h2-ZqUn7pY,LPS: Türi lille laat-Vlogid Hannaga,2017-05-20T07:10:50Z,,22,UCxHoivKv0roV5EwBTdsa91w,PT12M21S,hd,False,False,,10349.0,283.0,,public,youtube,"['https://en.wikipedia.org/wiki/Hobby', 'https://en.wikipedia.org/wiki/Lifestyle_(sociology)']"
zvbd4qT9_Po,LPS: Titanium-muusika video (David Guetta),2017-05-14T18:16:40Z,,22,UCxHoivKv0roV5EwBTdsa91w,PT2M50S,hd,False,False,,16530.0,425.0,89.0,public,youtube,['https://en.wikipedia.org/wiki/Music']
PmfYKRnfxkU,LPS: Kooli vang osa #7 (ma suutsin seda),2017-05-11T19:38:53Z,,22,UCxHoivKv0roV5EwBTdsa91w,PT7M14S,hd,False,False,{'blocked': ['RU']},22335.0,530.0,,public,youtube,"['https://en.wikipedia.org/wiki/Hobby', 'https://en.wikipedia.org/wiki/Lifestyle_(sociology)']"
2d75JBqfais,LPS: Meisterdame-Vlogid Hannaga,2017-05-11T03:26:07Z,,22,UCxHoivKv0roV5EwBTdsa91w,PT12M57S,hd,False,False,,14293.0,409.0,,public,youtube,"['https://en.wikipedia.org/wiki/Hobby', 'https://en.wikipedia.org/wiki/Lifestyle_(sociology)']"
_KlWmfHGIG8,LPS: Kooli vang osa #6 (kõik võib veel juhtuda),2017-05-01T16:00:46Z,,22,UCxHoivKv0roV5EwBTdsa91w,PT5M58S,hd,False,False,{'blocked': ['RU']},25891.0,579.0,,public,youtube,"['https://en.wikipedia.org/wiki/Hobby', 'https://en.wikipedia.org/wiki/Lifestyle_(sociology)']"
NcceLHOX6NM,LPS: Kooli vang osa #5 (leekides mõra),2017-04-27T05:05:40Z,,22,UCxHoivKv0roV5EwBTdsa91w,PT7M5S,hd,False,False,{'blocked': ['RU']},27392.0,505.0,,public,youtube,"['https://en.wikipedia.org/wiki/Hobby', 'https://en.wikipedia.org/wiki/Lifestyle_(sociology)']"
YXH6WJEjqLY,LPS: Kooli vang osa #4 (süttivad leegid),2017-04-17T18:57:14Z,,22,UCxHoivKv0roV5EwBTdsa91w,PT15M5S,hd,False,False,{'blocked': ['RU']},28793.0,595.0,,public,youtube,"['https://en.wikipedia.org/wiki/Hobby', 'https://en.wikipedia.org/wiki/Lifestyle_(sociology)']"
eajSENaMnTM,LPS: 100 tellija eri+Q&A,2017-04-16T18:56:56Z,,22,UCxHoivKv0roV5EwBTdsa91w,PT29M24S,hd,False,False,,10270.0,357.0,,public,youtube,"['https://en.wikipedia.org/wiki/Hobby', 'https://en.wikipedia.org/wiki/Lifestyle_(sociology)']"
vcK4Y2OPntY,LPS: Kooli vang osa #3 (BFF),2017-04-14T15:48:01Z,,22,UCxHoivKv0roV5EwBTdsa91w,PT5M,hd,False,False,{'blocked': ['RU']},26211.0,506.0,,public,youtube,"['https://en.wikipedia.org/wiki/Hobby', 'https://en.wikipedia.org/wiki/Lifestyle_(sociology)']"
lUvZO9tb7wY,LPS: Kooli vang osa #2 (ettevalmistused),2017-04-13T15:29:00Z,,22,UCxHoivKv0roV5EwBTdsa91w,PT11M41S,hd,False,False,{'blocked': ['RU']},40506.0,797.0,,public,youtube,"['https://en.wikipedia.org/wiki/Hobby', 'https://en.wikipedia.org/wiki/Lifestyle_(sociology)']"
HdpXh9SitmI,MobizenLiveStream,2017-04-13T13:18:05Z,,24,UCxHoivKv0roV5EwBTdsa91w,P0D,sd,False,False,,0.0,4.0,0.0,public,youtube,
jYeKxQ5WIH0,LPS: Avamine+teated,2017-04-11T17:28:37Z,,22,UCxHoivKv0roV5EwBTdsa91w,PT14M57S,hd,False,False,,15433.0,530.0,,public,youtube,"['https://en.wikipedia.org/wiki/Hobby', 'https://en.wikipedia.org/wiki/Lifestyle_(sociology)']"
fO5H--wiEko,LPS: Kooli vang osa #1 (kõige algus) Eesti Keeles!,2017-04-06T18:56:46Z,,22,UCxHoivKv0roV5EwBTdsa91w,PT15M44S,hd,False,False,{'blocked': ['RU']},64327.0,1283.0,,public,youtube,"['https://en.wikipedia.org/wiki/Hobby', 'https://en.wikipedia.org/wiki/Lifestyle_(sociology)']"
wEp7M7e1KGI,LPS: Kooli vang treiler/intro,2017-04-05T11:50:23Z,,22,UCxHoivKv0roV5EwBTdsa91w,PT1M,hd,False,False,{'blocked': ['RU']},16920.0,361.0,34.0,public,youtube,['https://en.wikipedia.org/wiki/Music']
bRWXfqJK-S0,Live Q&A,2017-01-13T18:33:45Z,,22,UCxHoivKv0roV5EwBTdsa91w,P0D,sd,False,False,,0.0,0.0,0.0,public,youtube,
IQaJFjUFd9s,Eesti loodus. Valge ristik. Estonian nature. White clover.,2023-06-26T06:31:44Z,,27,UColptJi6rmEhgPX3KFaNimw,PT1M56S,hd,False,False,,13.0,0.0,0.0,public,youtube,['https://en.wikipedia.org/wiki/Lifestyle_(sociology)']
HrVRvYJOXy8,Eesti loodus. Harilik viinamäetigu (Helix pomatia). Estonian nature. Roman snail.,2023-06-04T19:14:43Z,,27,UColptJi6rmEhgPX3KFaNimw,PT42S,hd,False,False,,124.0,3.0,0.0,public,youtube,
mT81PNzduAk,Eesti loodus. Harilik humal (Humulus lupulus). Estonian nature. Common hop.,2023-06-04T19:07:18Z,,27,UColptJi6rmEhgPX3KFaNimw,PT17S,hd,False,False,,270.0,4.0,0.0,public,youtube,
MRpiyBBEuxc,Eesti loodus. Põld-lõosilm (Myosotis arvensis). Estonian nature. Field forget-me-not.,2023-05-22T20:15:47Z,,27,UColptJi6rmEhgPX3KFaNimw,PT25S,hd,False,False,,3.0,1.0,0.0,public,youtube,
Lk-1vU8VRrY,Eesti loodus. Valge iminõges (Lamium album). Estonian nature. White nettle or White dead-nettle.,2023-05-22T20:12:53Z,,27,UColptJi6rmEhgPX3KFaNimw,PT23S,hd,False,False,,7.0,1.0,0.0,public,youtube,
9xh-VfIRVOI,Eesti Loodus. Ojamõõl (Geum rivale). Estonian nature. Water avens.,2023-05-22T05:54:10Z,,27,UColptJi6rmEhgPX3KFaNimw,PT41S,hd,False,False,,8.0,1.0,0.0,public,youtube,
0b6gh1TOtwA,Eesti loodus.  Harilik toomingas (Prunus padus). Estonian nature. Bird cherry.,2023-05-15T20:06:35Z,,27,UColptJi6rmEhgPX3KFaNimw,PT18S,hd,False,False,,7.0,1.0,0.0,public,youtube,
djNoGtQxf3A,Eesti loodus.  Kanakoole (Ficaria verna; Ranunculus ficaria). Estonian nature. Lesser celandine.,2023-05-15T20:02:00Z,,27,UColptJi6rmEhgPX3KFaNimw,PT42S,hd,False,False,,12.0,1.0,0.0,public,youtube,['https://en.wikipedia.org/wiki/Lifestyle_(sociology)']
m-PiMEKMx28,Eesti loodus. Harilik nurmenukk. Estonian nature. Cowslip.,2023-05-15T19:31:18Z,,27,UColptJi6rmEhgPX3KFaNimw,PT28S,hd,False,False,,15.0,1.0,0.0,public,youtube,['https://en.wikipedia.org/wiki/Lifestyle_(sociology)']
bWggGuW51lM,Eesti loodus. Kuklased. Estonian nature. Ants.,2023-04-28T09:47:37Z,,27,UColptJi6rmEhgPX3KFaNimw,PT8S,hd,False,False,,12.0,1.0,0.0,public,youtube,['https://en.wikipedia.org/wiki/Lifestyle_(sociology)']
toDxvDoF8-0,Eesti loodus. Lilled. Estonian nature. Flowers.,2022-06-16T19:58:31Z,,27,UColptJi6rmEhgPX3KFaNimw,PT14S,hd,False,False,,86.0,5.0,0.0,public,youtube,
QQ_aflo3j04,2 марта 2024 г.,2024-03-02T16:23:05Z,,22,UCtylyZRB5-uAbnKiLRN7g3w,PT11S,hd,False,False,,0.0,0.0,0.0,public,youtube,"['https://en.wikipedia.org/wiki/Action-adventure_game', 'https://en.wikipedia.org/wiki/Action_game', 'https://en.wikipedia.org/wiki/Role-playing_video_game', 'https://en.wikipedia.org/wiki/Video_game_culture']"
7ZFkky_T8VM,2 марта 2024 г.,2024-03-02T16:12:18Z,,22,UCtylyZRB5-uAbnKiLRN7g3w,PT17S,hd,False,False,,1.0,1.0,0.0,public,youtube,"['https://en.wikipedia.org/wiki/Action-adventure_game', 'https://en.wikipedia.org/wiki/Action_game', 'https://en.wikipedia.org/wiki/Video_game_culture']"
ng_WF4vdcx0,метро,2023-04-19T07:17:21Z,,22,UCtylyZRB5-uAbnKiLRN7g3w,PT17S,hd,False,False,,590.0,10.0,3.0,public,youtube,"['https://en.wikipedia.org/wiki/Action_game', 'https://en.wikipedia.org/wiki/Video_game_culture']"
CppSuN_JCuQ,DNB autoliising,2015-09-23T08:14:47Z,,22,UCLGewdn97KKDnD-5gOV6PMQ,PT21S,hd,False,False,,27.0,1.0,0.0,public,youtube,
jYVD0q0zypQ,Vaata ringi! - DNB autoliising,2015-04-02T12:21:59Z,"['auto', 'liising', 'pank', 'DNB']",22,UCLGewdn97KKDnD-5gOV6PMQ,PT20S,hd,False,False,,4313.0,0.0,0.0,public,youtube,
4q8Cn9DHpO8,Christmas greetings from DNB,2014-12-30T14:35:19Z,"['christmas', 'greetings', 'snow', 'toomas vint', 'vint', 'painting', 'park']",22,UCLGewdn97KKDnD-5gOV6PMQ,PT36S,hd,False,False,,25.0,0.0,0.0,public,youtube,"['https://en.wikipedia.org/wiki/Hobby', 'https://en.wikipedia.org/wiki/Lifestyle_(sociology)']"
kPJHi5yN1Zw,Jõulutervitused DNBlt,2014-12-30T14:32:46Z,"['jõulud', 'jõuluaeg', 'tervitused', 'lumi', 'park', 'vint', 'toomas vint', 'maal']",22,UCLGewdn97KKDnD-5gOV6PMQ,PT36S,hd,False,False,,27.0,0.0,0.0,public,youtube,
ziVFh5F_UvA,Unistad uuest kodust või autost?,2014-10-22T10:49:44Z,"['DNB', 'DNB Pank', 'kodu', 'kodulaen', 'liising', 'autoliising', 'laen', 'auto', 'kodu ost', 'auto ost', 'mortgage', 'home']",22,UCLGewdn97KKDnD-5gOV6PMQ,PT25S,hd,False,False,,51.0,0.0,0.0,public,youtube,
92SddO9KA7s,DNB Autoliising,2014-10-20T15:44:40Z,"['DNB', 'DNB Pank', 'liising', 'autoliising', 'auto', 'car', 'leasing', 'auto ost']",22,UCLGewdn97KKDnD-5gOV6PMQ,PT10S,hd,False,False,,19021.0,0.0,0.0,public,youtube,
RTV5bMNEOYs,DNB Kodulaen,2014-10-20T15:42:33Z,"['kodulaen', 'kodu', 'mortgage', 'loan', 'DNB Pank', 'bank', 'tasuta', 'DNB', 'laen', 'kodu ost']",22,UCLGewdn97KKDnD-5gOV6PMQ,PT10S,hd,False,False,,18730.0,0.0,1.0,public,youtube,
7rjjVUH30p8,Hiiumaa kodukohvikutepäevad 2025,2025-07-29T16:32:43Z,,22,UCSXukN6iE3c10_uDHZavlNQ,PT21S,hd,False,False,,11.0,0.0,0.0,public,youtube,
twIfGEVjq9E,"""Rannarootsi rahvarõivad"" raamatu esitlus",2025-07-23T20:07:19Z,,22,UCSXukN6iE3c10_uDHZavlNQ,PT4M55S,hd,False,False,,39.0,0.0,0.0,public,youtube,['https://en.wikipedia.org/wiki/Society']
-jLQqO_AP9M,Hiidlased Iseoma 2025 tantsupeol,2025-07-12T08:08:40Z,,22,UCSXukN6iE3c10_uDHZavlNQ,PT14M20S,hd,False,False,,420.0,4.0,0.0,public,youtube,"['https://en.wikipedia.org/wiki/Entertainment', 'https://en.wikipedia.org/wiki/Performing_arts']"
XWheRtnEr0U,Hiiu Sõlg & fotograaf Jimmy Nelson tantsupeol Iseoma 2025,2025-07-10T15:34:14Z,,22,UCSXukN6iE3c10_uDHZavlNQ,PT1M16S,hd,False,False,,16.0,0.0,0.0,public,youtube,"['https://en.wikipedia.org/wiki/Hobby', 'https://en.wikipedia.org/wiki/Lifestyle_(sociology)']"
tfCFTUYvOtE,Hiiumaa 4. turismimess 2025,2025-05-10T07:22:07Z,,22,UCSXukN6iE3c10_uDHZavlNQ,PT2M23S,hd,False,False,,313.0,2.0,0.0,public,youtube,"['https://en.wikipedia.org/wiki/Society', 'https://en.wikipedia.org/wiki/Tourism']"
-nE2hV3JuTo,Hiiumaa Turismimess 2024: Tunnustamine,2025-03-24T11:25:28Z,,22,UCSXukN6iE3c10_uDHZavlNQ,PT25M22S,hd,False,False,,36.0,0.0,0.0,public,youtube,"['https://en.wikipedia.org/wiki/Society', 'https://en.wikipedia.org/wiki/Tourism']"
gcIxe_xCK9I,Hiiumaa turismimess 2024: Avamine,2025-03-24T10:34:16Z,,22,UCSXukN6iE3c10_uDHZavlNQ,PT17M50S,hd,False,False,,39.0,1.0,0.0,public,youtube,"['https://en.wikipedia.org/wiki/Society', 'https://en.wikipedia.org/wiki/Tourism']"
CrsrMmt3FpI,Hiiumaa rahvariideaasta 2025,2025-01-16T13:46:04Z,,22,UCSXukN6iE3c10_uDHZavlNQ,PT3M12S,hd,False,False,,558.0,7.0,0.0,public,youtube,['https://en.wikipedia.org/wiki/Entertainment']
0XFC5KkIpAg,Nele Eller Hiiumaa käsitöölaadast,2024-12-15T20:38:30Z,,22,UCSXukN6iE3c10_uDHZavlNQ,PT1M18S,hd,False,False,,30.0,0.0,0.0,public,youtube,['https://en.wikipedia.org/wiki/Tourism']
o0uno1UBd3g,Hiiumaa Glögikohvikute päev 2024,2024-11-28T09:16:51Z,,22,UCSXukN6iE3c10_uDHZavlNQ,PT23S,hd,False,False,,32.0,0.0,0.0,public,youtube,
ix_m9jNPiec,Hiiumaa keskkonnapäev: Meremajandus,2024-09-18T22:02:10Z,,22,UCSXukN6iE3c10_uDHZavlNQ,PT7M21S,hd,False,False,,76.0,1.0,0.0,public,youtube,"['https://en.wikipedia.org/wiki/Society', 'https://en.wikipedia.org/wiki/Tourism']"
Ol70Mno5W1Y,Euroopa Tuletornide võrgustik,2024-07-01T12:12:14Z,,22,UCSXukN6iE3c10_uDHZavlNQ,PT8M44S,hd,False,False,,41.0,0.0,0.0,public,youtube,['https://en.wikipedia.org/wiki/Society']
s1uizrSvIJI,Hiiumaa kunstiaasta kutsub!,2024-02-01T07:12:53Z,,22,UCSXukN6iE3c10_uDHZavlNQ,PT1M25S,hd,False,False,,112.0,1.0,0.0,public,youtube,"['https://en.wikipedia.org/wiki/Hobby', 'https://en.wikipedia.org/wiki/Lifestyle_(sociology)']"
WUHyvlU3JbI,Harri Rinne Hiidenmaasta,2024-01-21T14:23:43Z,,22,UCSXukN6iE3c10_uDHZavlNQ,PT2M19S,hd,False,False,,255.0,6.0,0.0,public,youtube,"['https://en.wikipedia.org/wiki/Society', 'https://en.wikipedia.org/wiki/Tourism']"
-rb1YOeVBwo,Peke Eloranta Saarenmaasta,2024-01-21T14:21:25Z,,22,UCSXukN6iE3c10_uDHZavlNQ,PT2M35S,hd,False,False,,57.0,0.0,0.0,public,youtube,"['https://en.wikipedia.org/wiki/Society', 'https://en.wikipedia.org/wiki/Tourism']"
XIEZq0gJsQk,Hiiumaa glögikohvikute päev 2023,2023-12-05T11:12:39Z,,22,UCSXukN6iE3c10_uDHZavlNQ,PT22S,hd,False,False,,184.0,0.0,0.0,public,youtube,
uSc_mOeg1rQ,Hiiumaa kutsub: kiiret ei ole siin kuhugi!,2023-08-15T12:27:28Z,,22,UCSXukN6iE3c10_uDHZavlNQ,PT50S,hd,False,False,,1457.0,14.0,1.0,public,youtube,
xS4WIeMz7Cw,Kodukohvikute päevad Hiiumaal 2023,2023-07-13T18:21:44Z,,22,UCSXukN6iE3c10_uDHZavlNQ,PT36S,hd,False,False,,81.0,2.0,0.0,public,youtube,
f4vm6A0VErI,Hiiumaa kutsub: Eesti mõnusaim spaa,2023-06-16T12:36:34Z,,22,UCSXukN6iE3c10_uDHZavlNQ,PT36S,hd,False,False,,33769.0,6.0,0.0,public,youtube,
GLjBQCkba28,Hiiumaa kutsub: tee väike exit!,2023-06-06T10:08:59Z,,22,UCSXukN6iE3c10_uDHZavlNQ,PT20S,hd,False,False,,130267.0,5.0,0.0,public,youtube,
_PSGmoRncEo,Hiiumaa kutsub: Õpi päriselt puhkama!,2023-06-06T09:59:46Z,,22,UCSXukN6iE3c10_uDHZavlNQ,PT21S,hd,False,False,,688738.0,248.0,0.0,public,youtube,
ADyHMkp_2xg,Tere tulemast!,2023-06-01T19:52:14Z,,22,UCSXukN6iE3c10_uDHZavlNQ,PT22M1S,hd,False,False,,370.0,1.0,0.0,public,youtube,"['https://en.wikipedia.org/wiki/Lifestyle_(sociology)', 'https://en.wikipedia.org/wiki/Tourism']"
i6LBHGjpM_c,Hiidenmaa - Itämeren paratiisisaari,2023-05-24T11:45:47Z,,22,UCSXukN6iE3c10_uDHZavlNQ,PT1M15S,hd,False,False,,657655.0,3.0,0.0,public,youtube,
mVgy_7w7EbY,"Keskpäevane mõtisklus Fred Jüssi, Kristiina Hellström, Jaan Tootsen",2023-01-29T21:57:13Z,,22,UCSXukN6iE3c10_uDHZavlNQ,PT1H30M27S,hd,False,False,,2404.0,45.0,2.0,public,youtube,['https://en.wikipedia.org/wiki/Society']
cmyIcXS6z3U,Hiiumaa kirjandusfestival 2022: Jaan Tootsen ja Tõnu Õnnepalu,2022-09-12T21:20:51Z,,22,UCSXukN6iE3c10_uDHZavlNQ,PT1H5M17S,hd,False,False,,498.0,3.0,0.0,public,youtube,['https://en.wikipedia.org/wiki/Society']
jeAcO8VnHn8,Kutse Hiiumaa kodukohvikute päevadele,2022-07-21T08:06:04Z,,22,UCSXukN6iE3c10_uDHZavlNQ,PT36S,hd,False,False,,1040.0,6.0,0.0,public,youtube,
4iMGVQR3SPQ,Hiiumaa Kirjandufestival 2022,2022-06-23T16:44:17Z,,22,UCSXukN6iE3c10_uDHZavlNQ,PT23S,hd,False,False,,44.0,0.0,0.0,public,youtube,
fOJINQNmRXY,Suve tervitamine Hiiumaal,2022-06-21T14:47:54Z,,22,UCSXukN6iE3c10_uDHZavlNQ,PT6M2S,hd,False,False,,161.0,0.0,0.0,public,youtube,['https://en.wikipedia.org/wiki/Music']
ChU1JYwCkmc,"Õppevideo ""Meedia kui oht ja võimalus"" (lõpus QR kood - osale uuringus)",2021-02-06T20:36:44Z,,24,UCROO7awVqUqtV5cG8x0vhtA,PT8M40S,hd,False,False,,326.0,10.0,0.0,public,youtube,
8UzQ41-crbU,Teeme pizzat,2020-11-22T19:43:54Z,,24,UCROO7awVqUqtV5cG8x0vhtA,PT2M54S,hd,False,False,,28.0,0.0,0.0,public,youtube,"['https://en.wikipedia.org/wiki/Food', 'https://en.wikipedia.org/wiki/Lifestyle_(sociology)']"
H064C6GUdz8,KudjaSkate2020,2020-09-09T15:00:23Z,,24,UCROO7awVqUqtV5cG8x0vhtA,PT2M58S,hd,False,False,,49.0,1.0,0.0,public,youtube,"['https://en.wikipedia.org/wiki/Hobby', 'https://en.wikipedia.org/wiki/Lifestyle_(sociology)']"
0RcJunLQaUY,SÖM 2020 käis Mihkli talumuuseumis muuseumiampsul,2020-07-24T12:36:30Z,,24,UCROO7awVqUqtV5cG8x0vhtA,PT2M49S,hd,False,False,,64.0,3.0,0.0,public,youtube,['https://en.wikipedia.org/wiki/Lifestyle_(sociology)']
pmRyKOddVVs,#teemelapselepai 2020,2020-06-01T15:51:57Z,,24,UCROO7awVqUqtV5cG8x0vhtA,PT45S,hd,False,False,,206.0,3.0,0.0,public,youtube,
rnFmGZdGBuQ,Püha Soobiku avastusterada - hinge kodu,2020-02-24T07:22:02Z,,24,UCROO7awVqUqtV5cG8x0vhtA,PT4M,hd,False,False,,245.0,4.0,0.0,public,youtube,"['https://en.wikipedia.org/wiki/Christian_music', 'https://en.wikipedia.org/wiki/Hobby', 'https://en.wikipedia.org/wiki/Lifestyle_(sociology)']"
Mq8nKWJlN54,Kus on prügi koht?,2020-02-19T13:59:45Z,,24,UCROO7awVqUqtV5cG8x0vhtA,PT44S,hd,False,False,,164.0,4.0,,public,youtube,
Jd8yb1-Vt5U,Animatsioon - Lase sõprus kastist välja!,2020-02-14T07:51:49Z,,24,UCROO7awVqUqtV5cG8x0vhtA,PT29S,hd,False,False,,134.0,5.0,0.0,public,youtube,"['https://en.wikipedia.org/wiki/Entertainment', 'https://en.wikipedia.org/wiki/Film']"
kbC9_QF_9VQ,Egert 10,2019-12-12T14:04:56Z,,24,UCROO7awVqUqtV5cG8x0vhtA,PT4M27S,hd,False,False,,166.0,4.0,,public,youtube,['https://en.wikipedia.org/wiki/Lifestyle_(sociology)']
y9Tf0EfjqCE,Päkapikud piiluvad,2019-12-01T09:33:30Z,,24,UCROO7awVqUqtV5cG8x0vhtA,PT44S,hd,False,False,,1411.0,9.0,0.0,public,youtube,['https://en.wikipedia.org/wiki/Lifestyle_(sociology)']
ycBdJIQvJ5o,Kadrimömin,2019-11-20T14:27:33Z,,24,UCROO7awVqUqtV5cG8x0vhtA,PT51S,hd,False,False,,143.0,2.0,1.0,public,youtube,['https://en.wikipedia.org/wiki/Lifestyle_(sociology)']
3TUQ-gnVkdU,"Möista-möista, kes on see kallis inimene, kellest lapsed räägivad?",2019-11-10T11:52:46Z,,24,UCROO7awVqUqtV5cG8x0vhtA,PT7M4S,hd,False,False,,238.0,12.0,,public,youtube,['https://en.wikipedia.org/wiki/Lifestyle_(sociology)']
SbRBiq33jjo,Minifilm MALEV - Saaremaa Öpilasmalev 2019,2019-11-06T19:39:41Z,,24,UCROO7awVqUqtV5cG8x0vhtA,PT4M1S,hd,False,False,,183.0,2.0,,public,youtube,"['https://en.wikipedia.org/wiki/Film', 'https://en.wikipedia.org/wiki/Lifestyle_(sociology)']"
1ClDrYEvf8w,Pihtla koolis esimene animatsioon-reklaam,2019-10-30T13:30:45Z,,24,UCROO7awVqUqtV5cG8x0vhtA,PT23S,hd,False,False,,98.0,8.0,2.0,public,youtube,
S_En4msu5rM,POP-UP Fotonäitus Taskulambiga Kuressaare Edukontoris,2019-10-17T17:38:56Z,,24,UCROO7awVqUqtV5cG8x0vhtA,PT22S,hd,False,False,,20.0,1.0,0.0,public,youtube,['https://en.wikipedia.org/wiki/Lifestyle_(sociology)']
XboQFqYRytM,Renno 8.a. sünnipäev,2019-10-17T11:40:27Z,,24,UCROO7awVqUqtV5cG8x0vhtA,PT6M40S,hd,False,False,,46.0,3.0,,public,youtube,['https://en.wikipedia.org/wiki/Lifestyle_(sociology)']
3IXTitkeodU,Motivaarikas 2019,2019-10-15T19:25:48Z,,24,UCROO7awVqUqtV5cG8x0vhtA,PT7M57S,hd,False,False,,162.0,3.0,0.0,public,youtube,
Sm_Z-lt9eGE,"WEBINAR ""Hirm esinemise ees""",2019-10-07T16:15:50Z,,24,UCROO7awVqUqtV5cG8x0vhtA,PT1M18S,hd,False,False,,238.0,27.0,0.0,public,youtube,
jTLV88e2xyA,Must-Valge / Black-white experiment,2019-09-25T12:54:34Z,,24,UCROO7awVqUqtV5cG8x0vhtA,PT1M23S,hd,False,False,,21.0,1.0,0.0,public,youtube,
mKmLyLHPQKk,POP-UP fotonäitus Kuressaare Lossis,2019-09-23T11:07:36Z,,24,UCROO7awVqUqtV5cG8x0vhtA,PT35S,hd,False,False,,29.0,3.0,0.0,public,youtube,['https://en.wikipedia.org/wiki/Lifestyle_(sociology)']
5BkWhxsN9hY,NOORED EI TOHI KANDA ÜLE 5KG - SÖM tööohutus,2019-09-23T09:55:01Z,,24,UCROO7awVqUqtV5cG8x0vhtA,PT15S,hd,False,False,,36.0,1.0,0.0,public,youtube,['https://en.wikipedia.org/wiki/Lifestyle_(sociology)']
SY8FnrDXx3A,"MALEVLANE PEAB KONTROLLIMA, ET EI OLEKS LEHVIVAID KÄTISEID EGA PAELU - SÖM tööohutus",2019-09-23T09:51:36Z,,24,UCROO7awVqUqtV5cG8x0vhtA,PT20S,hd,False,False,,34.0,1.0,,public,youtube,['https://en.wikipedia.org/wiki/Lifestyle_(sociology)']
KZSx82eLwzI,MALEVLANE PEAB RIIETUMA ETTENÄHTUD TÖÖRIIETUSSE - tööohutus Saaremaa Öpilasmalevas,2019-09-23T09:45:12Z,,24,UCROO7awVqUqtV5cG8x0vhtA,PT26S,hd,False,False,,30.0,1.0,0.0,public,youtube,
xM6jXY3q8MQ,TEATA RÜHMAJUHTI IGASUGU VÖIMALIKEST PUUDUSTEST - tööohutus Saaremaa Öpilasmalevas,2019-09-23T09:39:20Z,,24,UCROO7awVqUqtV5cG8x0vhtA,PT30S,hd,False,False,,29.0,1.0,0.0,public,youtube,
VRDgthfW4Bk,ÄRA RONI KÕRGUSTESSE - tööohutus Saaremaa Öpilasmalevas,2019-09-23T09:33:15Z,,24,UCROO7awVqUqtV5cG8x0vhtA,PT15S,hd,False,False,,24.0,1.0,0.0,public,youtube,['https://en.wikipedia.org/wiki/Lifestyle_(sociology)']
RWS39vvydNI,TÖÖ AJAL ÄRA TEGELE KÖRVALISTE TEGEVUSTEGA - tööohutus Saaremaa Öpilasmalevas,2019-09-23T09:14:52Z,,24,UCROO7awVqUqtV5cG8x0vhtA,PT40S,hd,False,False,,50.0,3.0,0.0,public,youtube,
tNd_-kjhCFU,"Minifilm ""AEG MINNA"" Saaremaa Meedia Stuudio",2019-04-30T21:07:28Z,,24,UCROO7awVqUqtV5cG8x0vhtA,PT7M33S,hd,False,False,,221.0,8.0,,public,youtube,"['https://en.wikipedia.org/wiki/Entertainment', 'https://en.wikipedia.org/wiki/Film']"
SJ9CPyM7Z0o,Kärla Retro Disko 19.04.2019,2019-04-27T20:39:09Z,,24,UCROO7awVqUqtV5cG8x0vhtA,PT4M3S,hd,False,False,,179.0,4.0,0.0,public,youtube,"['https://en.wikipedia.org/wiki/Hobby', 'https://en.wikipedia.org/wiki/Lifestyle_(sociology)']"
gIRWzzAMeWw,Saaremaa Miniteatripäevad 2019,2019-03-24T20:36:53Z,,24,UCROO7awVqUqtV5cG8x0vhtA,PT9M23S,hd,False,False,,212.0,5.0,0.0,public,youtube,['https://en.wikipedia.org/wiki/Society']
acaEZ0AIBYo,Saaremaa Meedia Stuudio alustab,2019-01-15T10:36:16Z,,24,UCROO7awVqUqtV5cG8x0vhtA,PT1M16S,hd,False,False,,693.0,7.0,0.0,public,youtube,"['https://en.wikipedia.org/wiki/Music', 'https://en.wikipedia.org/wiki/Pop_music']"
uY92qXC06mk,"NUMBRID 1-10 | ÕPIME NUMBREID | AnnuTannu videod lastele, eesti keeles",2025-08-02T22:51:22Z,"['annutannu', 'annu ja tannu', 'annu tannu', 'annu', 'tannu', 'eesti keeles', 'eestikeelne', 'video', 'eestikeelne video', 'videod eesti keeles', 'lapsed', 'väikelaps', 'väikelapsed', 'väikesed lapsed', 'lastele', 'video lastele', 'videod lastele', 'lastevideo', 'lastevideod', 'arendavad videod', 'arendavad videod lastele eesti keeles', 'arendavad videod eesti keeles', 'arendavad videod lastele', 'harivad videod', 'hariv', 'harivad videod lastele', 'numbrid', 'õpime numbreid', 'numbrid ühest kümneni', 'ühest kümneni', 'numbrite õppimine']",27,UCcL3kavvylguCWfh9Ma1w0g,PT1M22S,hd,False,False,,988.0,8.0,0.0,public,youtube,['https://en.wikipedia.org/wiki/Knowledge']
QXLLG2iVNKg,TALV JA JÕULUD | harivad videod lastele (eesti keeles) | ANNUTANNU,2024-12-11T09:56:16Z,"['annutannu', 'annu ja tannu', 'annu tannu', 'annu', 'tannu', 'eesti keeles', 'eestikeelne', 'video', 'eestikeelne video', 'videod eesti keeles', 'õpime sõnu', 'õpime', 'sõnu', 'lapsed', 'väikelaps', 'väikelapsed', 'väikesed lapsed', 'lastele', 'video lastele', 'videod lastele', 'lastevideo', 'lastevideod', 'mäng', 'arendavad videod', 'arendavad videod lastele eesti keeles', 'arendavad videod eesti keeles', 'arendavad videod lastele', 'harivad videod', 'hariv', 'harivad videod lastele', 'jõulud', 'jõulutraditsioonid', 'jõulupühad', 'talvekuud', 'jõulukombed']",27,UCcL3kavvylguCWfh9Ma1w0g,PT4M,hd,False,False,,8596.0,44.0,0.0,public,youtube,['https://en.wikipedia.org/wiki/Entertainment']
KDJ1GuABvUA,"ÕPIME MÕISTEID | üleval, all, paremal, vasakul, suur väike... | eesti keeles, lastele | AnnuTannu",2024-10-25T09:34:19Z,"['annutannu', 'annu ja tannu', 'annu tannu', 'annu', 'tannu', 'eesti keeles', 'eestikeelne', 'video', 'eestikeelne video', 'videod eesti keeles', 'õpime sõnu', 'õpime', 'sõnu', 'lapsed', 'väikelaps', 'väikelapsed', 'väikesed lapsed', 'lastele', 'video lastele', 'videod lastele', 'lastevideo', 'lastevideod', 'mäng', 'arendavad videod', 'arendavad videod lastele eesti keeles', 'arendavad videod eesti keeles', 'arendavad videod lastele', 'harivad videod', 'mõisted', 'õpime mõisteid', 'hariv', 'üleval', 'all', 'paremal', 'vasakul', 'harivad videod lastele']",27,UCcL3kavvylguCWfh9Ma1w0g,PT3M6S,hd,False,False,,21495.0,133.0,0.0,public,youtube,['https://en.wikipedia.org/wiki/Entertainment']
pirPN-G6_TQ,TANTSUVIDEO LASTELE | Tantsime koos! | ANNUTANNU,2024-05-20T09:02:30Z,"['annutannu', 'annu ja tannu', 'annu tannu', 'annu', 'tannu', 'eesti keeles', 'eestikeelne', 'video', 'eestikeelne video', 'videod eesti keeles', 'õpime sõnu', 'õpime', 'sõnu', 'lapsed', 'väikelaps', 'väikelapsed', 'väikesed lapsed', 'lastele', 'video lastele', 'videod lastele', 'lastevideo', 'lastevideod', 'mäng', 'arendavad videod', 'arendavad videod lastele eesti keeles', 'arendavad videod eesti keeles', 'arendavad videod lastele', 'harivad videod', 'tants', 'tantsimine', 'tantsuvideo', 'tantsuvideo lastele', 'tantsime koos']",24,UCcL3kavvylguCWfh9Ma1w0g,PT6M12S,hd,False,False,,5050.0,24.0,0.0,public,creativeCommon,['https://en.wikipedia.org/wiki/Music']
dHOGHbwnap0,"12 KUUD | AnnuTannu | eesti keeles, lastele",2024-03-08T11:06:20Z,"['annutannu', 'annu ja tannu', 'annu tannu', 'annu', 'tannu', 'eesti keeles', 'eestikeelne', 'video', 'eestikeelne video', 'videod eesti keeles', 'õpime sõnu', 'õpime', 'sõnu', 'lapsed', 'väikelaps', 'väikelapsed', 'väikesed lapsed', 'lastele', 'video lastele', 'videod lastele', 'lastevideo', 'lastevideod', 'mäng', 'arendavad videod', 'arendavad videod lastele eesti keeles', 'arendavad videod eesti keeles', 'arendavad videod lastele', 'kuud', 'õpime kuid', '12 kuud', 'harivad videod lastele']",27,UCcL3kavvylguCWfh9Ma1w0g,PT1M21S,hd,False,False,,10269.0,35.0,0.0,public,youtube,
OpiW8b1wyMM,"EILE, TÄNA, HOMME | AnnuTannu | eesti keeles, lastele",2024-02-25T16:38:27Z,"['annutannu', 'annu ja tannu', 'annu tannu', 'annu', 'tannu', 'eesti keeles', 'eestikeelne', 'video', 'eestikeelne video', 'videod eesti keeles', 'õpime sõnu', 'õpime', 'sõnu', 'lapsed', 'väikelaps', 'väikelapsed', 'väikesed lapsed', 'lastele', 'video lastele', 'videod lastele', 'lastevideo', 'lastevideod', 'mäng', 'arendavad videod', 'arendavad videod lastele eesti keeles', 'arendavad videod eesti keeles', 'arendavad videod lastele', 'eile täna homme', 'õpime aega', 'täna homme ülehomme', 'harivad videod lastele', 'harivad videod']",27,UCcL3kavvylguCWfh9Ma1w0g,PT1M18S,hd,False,False,,10544.0,70.0,0.0,public,youtube,['https://en.wikipedia.org/wiki/Knowledge']
vr7Wnf5xPn0,"AASTAAJAD | eesti keeles, lastele | AnnuTannu",2024-02-19T09:18:46Z,"['annutannu', 'annu ja tannu', 'annu tannu', 'annu', 'tannu', 'eesti keeles', 'eestikeelne', 'video', 'eestikeelne video', 'videod eesti keeles', 'õpime sõnu', 'õpime', 'sõnu', 'lapsed', 'väikelaps', 'väikelapsed', 'väikesed lapsed', 'lastele', 'video lastele', 'videod lastele', 'lastevideod', 'mäng', 'arendavad videod', 'arendavad videod lastele eesti keeles', 'arendavad videod eesti keeles', 'arendavad videod lastele', 'aastaajad', 'eesti aastaajad', 'õpime aastaaegu', 'aastaaegade õppimine', 'eestis on neli aastaaega', 'harivad videod lastele']",27,UCcL3kavvylguCWfh9Ma1w0g,PT2M11S,hd,False,False,,18101.0,76.0,0.0,public,youtube,['https://en.wikipedia.org/wiki/Entertainment']
9grNvTq5iCA,"Kastanimunadega värvimine |  eesti keeles, lastele | AnnuTannu",2023-10-23T13:49:50Z,"['annutannu', 'annu ja tannu', 'annu tannu', 'annu', 'tannu', 'eesti keeles', 'eestikeelne', 'video', 'eestikeelne video', 'videod eesti keeles', 'õpime sõnu', 'õpime', 'sõnu', 'lapsed', 'väikelaps', 'väikelapsed', 'väikesed lapsed', 'lastele', 'video lastele', 'videod lastele', 'lastevideo', 'lastevideod', 'mäng', 'arendavad videod', 'arendavad videod lastele eesti keeles', 'arendavad videod eesti keeles', 'arendavad videod lastele', 'kastanimunadega värvimine', 'kastanimunad', 'harivad videod lastele', 'harivad videod']",27,UCcL3kavvylguCWfh9Ma1w0g,PT5M6S,hd,False,False,,4548.0,11.0,0.0,public,youtube,"['https://en.wikipedia.org/wiki/Hobby', 'https://en.wikipedia.org/wiki/Lifestyle_(sociology)']"
A_BEegGZe3U,ANNU JA TANNU lähevad lasteaeda |  mänguvideo (eesti keeles),2023-08-29T17:44:22Z,"['annutannu', 'annu ja tannu', 'annu tannu', 'annu', 'tannu', 'eesti keeles', 'eestikeelne', 'eestikeelne video', 'videod eesti keeles', 'õpime sõnu', 'lapsed', 'väikelaps', 'väikelapsed', 'väikesed lapsed', 'lastele', 'video lastele', 'videod lastele', 'lastevideo', 'lastevideod', 'mäng', 'multikas eesti keeles', 'eestikeelnemultikas', 'multikas', 'mänguvideo', 'laps läheb lasteaeda', 'esimest korda lasteaias', 'esimest korda lasteaeda', 'kuidas harjutada last lasteaiaga', 'annu ja tannu lähevad lasteaeda', 'annu ja tannu lasteaias', 'arendavad videod']",24,UCcL3kavvylguCWfh9Ma1w0g,PT5M52S,hd,False,False,,7013.0,19.0,0.0,public,youtube,"['https://en.wikipedia.org/wiki/Hobby', 'https://en.wikipedia.org/wiki/Lifestyle_(sociology)']"
ljGCxSApV2Q,ANNU SÜNNIPÄEV | multikas (eesti keeles) | AnnuTannu,2023-07-15T20:54:11Z,"['annutannu', 'annu ja tannu', 'annu tannu', 'annu', 'tannu', 'eesti keeles', 'eestikeelne', 'video', 'eestikeelne video', 'videod eesti keeles', 'õpime sõnu', 'õpime', 'sõnu', 'lapsed', 'väikelaps', 'väikelapsed', 'väikesed lapsed', 'lastele', 'video lastele', 'videod lastele', 'lastevideo', 'lastevideod', 'mäng', 'multikas eesti keeles', 'eestikeelnemultikas', 'multikas', 'sünnipäev', 'annu sünnipäev', 'arendavad videod', 'arendavad videod lastele eesti keeles', 'arendavad videod eesti keeles', 'arendavad videod lastele']",24,UCcL3kavvylguCWfh9Ma1w0g,PT2M25S,hd,False,False,,3989.0,9.0,0.0,public,youtube,"['https://en.wikipedia.org/wiki/Hobby', 'https://en.wikipedia.org/wiki/Lifestyle_(sociology)']"
IQ381D8jssA,PUNANE AUTO sõidab linnas | multikas (eesti keeles) | AnnuTannu,2023-07-03T16:25:13Z,"['annutannu', 'annu ja tannu', 'annu tannu', 'annu', 'tannu', 'eesti keeles', 'eestikeelne', 'video', 'eestikeelne video', 'videod eesti keeles', 'õpime sõnu', 'eestikeelsed multikad', 'eesti keelsed multikad', 'multikas', 'multikad', 'lapsed', 'väikelaps', 'väikelapsed', 'väikesed lapsed', 'lastele', 'video lastele', 'videod lastele', 'lastevideo', 'lastevideod', 'auto', 'autod', 'õpime autosid', 'autod eesti keeles', 'autode multikas', 'multikad eesti keeles', 'autod lastele', 'punane auto', 'liiklus', 'valgusfoor', 'valgusfoori tuled', 'arendavad videod']",24,UCcL3kavvylguCWfh9Ma1w0g,PT2M33S,hd,False,False,,11598.0,30.0,0.0,public,youtube,"['https://en.wikipedia.org/wiki/Hobby', 'https://en.wikipedia.org/wiki/Lifestyle_(sociology)']"
WBWlpVGfkFU,ANNU ja TANNU ööbivad telgis | multikas (eesti keeles),2023-06-24T17:19:45Z,"['annutannu', 'annu ja tannu', 'annu tannu', 'annu', 'tannu', 'eesti keeles', 'eestikeelne', 'video', 'eestikeelne video', 'videod eesti keeles', 'õpime sõnu', 'õpime', 'sõnu', 'lapsed', 'väikelaps', 'väikelapsed', 'väikesed lapsed', 'lastele', 'video lastele', 'videod lastele', 'lastevideo', 'lastevideod', 'mäng', 'multikas eesti keeles', 'eestikeelnemultikas', 'multikas', 'arendavad videod', 'arendavad videod eesti keeles', 'arendavad videod lastele', 'arendavad videod lastele eesti keeles']",24,UCcL3kavvylguCWfh9Ma1w0g,PT4M21S,hd,False,False,,4767.0,14.0,0.0,public,youtube,"['https://en.wikipedia.org/wiki/Hobby', 'https://en.wikipedia.org/wiki/Lifestyle_(sociology)']"
FwRYLywEaus,"ÕPIME KELLA | Täistund, veerand, pool, kolmveerand | AnnuTannu",2023-06-18T18:18:49Z,"['annutannu', 'annu ja tannu', 'annu tannu', 'eesti keeles', 'eestikeelne', 'video', 'eestikeelne video', 'videod eesti keeles', 'õpime sõnu', 'õpime', 'sõnu', 'lapsed', 'väikelaps', 'väikelapsed', 'väikesed lapsed', 'lastele', 'video lastele', 'videod lastele', 'lastevideod', 'mäng', 'multikas eesti keeles', 'kell', 'õpime kella', 'kella õpetamine', 'lapsele kella õpetamine', 'kella õppimine', 'täistund', 'kuidas lapsele kella õpetada', 'arendavad videod', 'arendavad videod lastele', 'arendavad videod lastele eesti keeles', 'harivad videod lastele']",27,UCcL3kavvylguCWfh9Ma1w0g,PT3M54S,hd,False,False,,12210.0,88.0,0.0,public,youtube,['https://en.wikipedia.org/wiki/Knowledge']
KAoyPs38L7s,NÄDALAPÄEVAD | Õpime nädalapäevi (eesti keeles) | AnnuTannu,2023-05-20T13:48:26Z,"['annutannu', 'annu ja tannu', 'annu tannu', 'annu', 'tannu', 'eesti keeles', 'eestikeelne', 'video', 'eestikeelne video', 'videod eesti keeles', 'õpime sõnu', 'õpime', 'sõnu', 'lapsed', 'väikelaps', 'väikelapsed', 'väikesed lapsed', 'lastele', 'video lastele', 'videod lastele', 'lastevideo', 'lastevideod', 'mäng', 'multikas', 'multikas eesti keeles', 'nädalapäevad', 'õpime nädalapäevi', 'nädal', 'arendavad videod', 'arendavad videod eesti keeles', 'arendavad videod lastele', 'arendavad videod lastele eesti keeles', 'arendav', 'harivad videod lastele']",27,UCcL3kavvylguCWfh9Ma1w0g,PT54S,hd,False,False,,19542.0,71.0,0.0,public,youtube,
bvQpgfTuOiU,TITA ASJAD | Nukud | Mängime nukkudega (eesti keeles) | AnnuTannu,2023-02-12T20:20:15Z,"['annutannu', 'annu ja tannu', 'annu tannu', 'annu', 'tannu', 'eesti keeles', 'eestikeelne', 'video', 'eestikeelne video', 'videod eesti keeles', 'õpime sõnu', 'õpime', 'sõnu', 'lapsed', 'väikelaps', 'väikelapsed', 'väikesed lapsed', 'lastele', 'video lastele', 'videod lastele', 'lastevideo', 'lastevideod', 'mäng', 'multikas', 'multikas eesti keeles', 'tüdrukutele', 'nukud', 'mängime nukkudega', 'nukk', 'nukkudega mängimine', 'arendavad videod', 'arendavad videod lastele', 'arendavad videod eesti keeles', 'arendavad videod lastele eesti keeles']",24,UCcL3kavvylguCWfh9Ma1w0g,PT2M35S,hd,False,False,,5718.0,5.0,,public,youtube,"['https://en.wikipedia.org/wiki/Hobby', 'https://en.wikipedia.org/wiki/Lifestyle_(sociology)']"
Vc1cbL7uQaA,"KUJUNDID | Õpime kujundeid (eesti keeles, lastele) | AnnuTannu",2023-01-23T15:00:06Z,"['annutannu', 'annu ja tannu', 'annu tannu', 'annu', 'tannu', 'eesti keeles', 'eestikeelne', 'video', 'eestikeelne video', 'videod eesti keeles', 'õpime sõnu', 'õpime', 'sõnu', 'lapsed', 'väikelaps', 'väikelapsed', 'väikesed lapsed', 'lastele', 'video lastele', 'videod lastele', 'lastevideo', 'lastevideod', 'kujundid', 'õpime kujundeid', 'kujundid eesti keeles', 'kujundite õppimine', 'geomeetrilised kujundid', 'kuidas õpetada lapsele kujundeid', 'arendavad videod eesti keeles', 'arendavad videod lastele', 'arendavad videod', 'harivad videod lastele']",27,UCcL3kavvylguCWfh9Ma1w0g,PT1M26S,hd,False,False,,20069.0,56.0,0.0,public,youtube,
GGIlNUNQxO0,VÄRVID | Õpime värve (eesti keeles) | AnnuTannu,2023-01-07T19:59:17Z,"['annutannu', 'annu ja tannu', 'annu tannu', 'annu', 'tannu', 'eesti keeles', 'eestikeelne', 'video', 'eestikeelne video', 'videod eesti keeles', 'õpime sõnu', 'õpime', 'sõnu', 'lapsed', 'väikelaps', 'väikelapsed', 'väikesed lapsed', 'lastele', 'video lastele', 'videod lastele', 'lastevideo', 'lastevideod', 'õpime värve', 'värvid', 'värvid eesti keeles', 'värvide õppimine', 'arendav', 'arendavad videod', 'arendavad videod lastele', 'arendavad videod eesti keeles', 'arendavad videod lastele eesti keeles', 'harivad videod lastele']",27,UCcL3kavvylguCWfh9Ma1w0g,PT1M8S,hd,False,False,,12741.0,27.0,0.0,public,youtube,
KJR9QxV-bPw,"AUTOD | Õpime sõnu | eesti keeles, lastele | AnnuTannu",2022-09-18T12:46:15Z,"['annutannu', 'annu ja tannu', 'annu tannu', 'annu', 'tannu', 'eesti keeles', 'eestikeelne', 'video', 'eestikeelne video', 'videod eesti keeles', 'õpime sõnu', 'õpime', 'sõnu', 'eestikeelsed multikad', 'eesti keelsed multikad', 'multikas', 'multikad', 'lapsed', 'väikelaps', 'väikelapsed', 'väikesed lapsed', 'lastele', 'video lastele', 'videod lastele', 'lastevideo', 'lastevideod', 'auto', 'autod', 'õpime autosid', 'autod eesti keeles', 'autode multikas', 'multikad eesti keeles', 'autod lastele', 'arendav', 'arendavad videod', 'arendavad videod lastele']",27,UCcL3kavvylguCWfh9Ma1w0g,PT7M14S,hd,False,False,,36120.0,62.0,0.0,public,youtube,"['https://en.wikipedia.org/wiki/Hobby', 'https://en.wikipedia.org/wiki/Lifestyle_(sociology)']"
01-NY9Smf1g,ÕPIME SÕNU | Teeme PITSAT (eesti keeles) | AnnuTannu,2022-07-23T16:00:37Z,"['annutannu', 'annu ja tannu', 'annu tannu', 'annu', 'tannu', 'eesti keeles', 'eestikeelne', 'video', 'eestikeelne video', 'videod eesti keeles', 'õpime sõnu', 'teeme pitsat', 'pitsa', 'õpime', 'sõnu', 'eestikeelsed multikad', 'eesti keelsed multikad', 'multikas', 'multikad', 'lapsed', 'väikelaps', 'väikelapsed', 'väikesed lapsed', 'lastele', 'video lastele', 'videod lastele', 'lastevideo', 'lastevideod', 'arendav', 'arendavad videod', 'arendavad videod eesti keeles', 'arendavad videod lastele', 'arendavad videod lastele eesti keeles']",27,UCcL3kavvylguCWfh9Ma1w0g,PT2M6S,hd,False,False,,11497.0,15.0,,public,youtube,"['https://en.wikipedia.org/wiki/Food', 'https://en.wikipedia.org/wiki/Lifestyle_(sociology)']"
l4zH-pk5Jn0,PUUVILJAD | Õpime puuvilju (eesti keeles) | AnnuTannu,2022-07-17T15:19:27Z,"['eesti keeles', 'puuviljad', 'puuvili', 'õpime puuvilju', 'õpime', 'puuvilju', 'lastele', 'lapsed', 'väikelapsed', 'väikesed lapsed', 'videod lastele', 'annu tannu', 'annu ja tannu', 'annutannu', 'video lastele', 'arendav', 'arendavad videod', 'arendavad videod lastele', 'arendavad videod lastele eesti keeles', 'arendavad videod eesti keeles', 'harivad videod lastele']",27,UCcL3kavvylguCWfh9Ma1w0g,PT1M41S,hd,False,False,,18492.0,34.0,,public,youtube,['https://en.wikipedia.org/wiki/Lifestyle_(sociology)']
13h429FUYqc,LOOMAD | Õpime loomi (eesti keeles) | AnnuTannu,2022-07-16T21:55:30Z,"['eesti keeles', 'lastele', 'lapsed', 'väikesed lapsed', 'loomad', 'loomanimed', 'õpime loomi', 'õpime loomanimesid', 'õpime', 'loomi', 'loomad eesti keeles', 'annu tannu', 'annutannu', 'annu ja tannu', 'arendav', 'arendavad videod', 'arendavad videod eesti keeles', 'arendavad videod lastele', 'arendavad videod lastele eesti keeles', 'harivad videod lastele', 'harivad videod']",27,UCcL3kavvylguCWfh9Ma1w0g,PT1M6S,hd,False,False,,19297.0,48.0,0.0,public,youtube,['https://en.wikipedia.org/wiki/Lifestyle_(sociology)']
210KZw9Esok,ÕPIME LOENDAMA 1-10 | loendamine (eesti keeles) | AnnuTannu,2022-07-16T19:09:18Z,"['eesti keeles', 'lastele', 'lapsed', 'õpime loendama', 'õpime', 'loendama', 'loendamine', 'ühest kümneni', 'õpime loendama ühest kümneni', '1-10', 'eestikeelsed videod lastele', 'kuidas õpetada last loendama', 'ühest kümneni loendamine', 'annu tannu', 'annu ja tannu', 'annutannu', 'videod lastele', 'video lastele', 'arendavad videod', 'arendav', 'arendavad videod lastele', 'arendavad videod lastele eesti keeles', 'harivad videod lastele']",27,UCcL3kavvylguCWfh9Ma1w0g,PT52S,hd,False,False,,3035.0,7.0,,public,creativeCommon,['https://en.wikipedia.org/wiki/Lifestyle_(sociology)']
if9qMqXvauE,NUMBRID 1-10 | Õpime numbreid (eesti keeles)  | AnnuTannu,2022-07-16T10:38:55Z,"['õpime numbreid', 'numbrid', 'eesti keeles', 'lastele', 'numbrite õppimine', 'õpime numbreid eesti keeles', 'kuidas õpetada lapsele numbreid', 'eestikeelsed multikad', 'eesti keeles numbrid', '1-10', 'numbrid lastele', 'eesti keeles lastele', 'annutannu', 'annu ja tannu', 'annu tannu', 'videod lastele', 'video lastele', 'arendavad videod eesti keeles', 'arendavad videod', 'arendavad videod lastele', 'harivad videod lastele', 'harivad videod']",27,UCcL3kavvylguCWfh9Ma1w0g,PT1M55S,hd,False,False,,127345.0,213.0,0.0,public,youtube,['https://en.wikipedia.org/wiki/Knowledge']
CAm2PfKc2oE,Eesti - Serbia basketball 27-aug-2025 Riga,2025-08-28T07:26:17Z,,17,UCJZqPyfUdhsgEdX3-he3ZVQ,PT23S,hd,False,False,,18.0,0.0,0.0,public,youtube,"['https://en.wikipedia.org/wiki/Basketball', 'https://en.wikipedia.org/wiki/Sport']"
QIShd0J7hiU,"Meoski talu peremees Nikolai Nöps. Ajavaod 2. hooaeg, 53 osa Ingerimaa",2025-06-04T13:27:07Z,,17,UCJZqPyfUdhsgEdX3-he3ZVQ,PT30S,hd,False,False,,29.0,0.0,0.0,public,youtube,['https://en.wikipedia.org/wiki/Society']
fjGTUQwiSjg,MeisterJaan Tom50,2025-06-01T15:17:53Z,,17,UCJZqPyfUdhsgEdX3-he3ZVQ,PT1M8S,hd,False,False,,274.0,0.0,0.0,public,youtube,['https://en.wikipedia.org/wiki/Music']
vH6-KTrDLZE,22 May 2025,2025-05-22T15:49:19Z,,17,UCJZqPyfUdhsgEdX3-he3ZVQ,PT12S,hd,False,False,,12.0,0.0,0.0,public,youtube,"['https://en.wikipedia.org/wiki/Lifestyle_(sociology)', 'https://en.wikipedia.org/wiki/Pet']"
zF5UzmOP7wA,"VIISU, PÕIE JA ÕLEKÕRRE-NIMELINE PUNDIUJUMINE 2024 : Nõo Lihatööstuse energiat täis tooted :)",2025-04-25T06:51:23Z,,17,UCJZqPyfUdhsgEdX3-he3ZVQ,PT35S,hd,False,False,,7.0,0.0,0.0,public,youtube,['https://en.wikipedia.org/wiki/Lifestyle_(sociology)']
yk9fEfXK_UA,Warco & Bruno 20-aprill-2025,2025-04-20T16:33:40Z,,17,UCJZqPyfUdhsgEdX3-he3ZVQ,PT18S,hd,False,False,,475.0,1.0,0.0,public,youtube,"['https://en.wikipedia.org/wiki/Lifestyle_(sociology)', 'https://en.wikipedia.org/wiki/Pet']"
MSXkcer_VRo,Osoonimürgitus vol2,2025-04-13T12:09:32Z,,17,UCJZqPyfUdhsgEdX3-he3ZVQ,PT22S,hd,False,False,,16.0,0.0,0.0,public,youtube,"['https://en.wikipedia.org/wiki/Lifestyle_(sociology)', 'https://en.wikipedia.org/wiki/Pet']"
IBel4AexCGo,Osoonimürgitus vol1,2025-04-13T12:08:50Z,,17,UCJZqPyfUdhsgEdX3-he3ZVQ,PT37S,hd,False,False,,10.0,0.0,0.0,public,youtube,"['https://en.wikipedia.org/wiki/Lifestyle_(sociology)', 'https://en.wikipedia.org/wiki/Pet']"
gEk-ctJ4Bqs,Tarzan Kamari seikluspargis 24-Aug-2024,2024-08-25T06:54:11Z,,17,UCJZqPyfUdhsgEdX3-he3ZVQ,PT16S,hd,False,False,,159.0,3.0,0.0,public,youtube,['https://en.wikipedia.org/wiki/Lifestyle_(sociology)']
RYwgRALl4RQ,Metsaääre tomatid 14-aug-2024,2024-08-14T18:15:07Z,,17,UCJZqPyfUdhsgEdX3-he3ZVQ,PT22S,hd,False,False,,127.0,0.0,0.0,public,youtube,
yj1FiM1xTsk,BasketBall and Hockey in Estonia. Korvpall ja Hoki Eestis.,2024-07-12T12:22:51Z,,17,UCJZqPyfUdhsgEdX3-he3ZVQ,PT16S,hd,False,False,,47.0,2.0,0.0,public,youtube,"['https://en.wikipedia.org/wiki/Basketball', 'https://en.wikipedia.org/wiki/Sport']"
Dvm0kTo-rNc,Auto kustutamine Tartu 17-aprill-2024,2024-04-17T08:27:22Z,,17,UCJZqPyfUdhsgEdX3-he3ZVQ,PT1M27S,hd,False,False,,370.0,0.0,1.0,public,youtube,
9LPf00A42Bk,Linnurahu algus Ülenurmes 15-apr-2024,2024-04-15T18:28:51Z,,17,UCJZqPyfUdhsgEdX3-he3ZVQ,PT27S,hd,False,False,,15.0,0.0,0.0,public,youtube,
9tK_Sy5DACM,Tartu VÄLK494 ver Narva 06-apr-2024 5-4(lisaajal)  emotsioonid (y),2024-04-06T17:12:54Z,,17,UCJZqPyfUdhsgEdX3-he3ZVQ,PT28S,hd,False,False,,23.0,0.0,0.0,public,youtube,"['https://en.wikipedia.org/wiki/Ice_hockey', 'https://en.wikipedia.org/wiki/Sport']"
aJ6_m_M7zcc,Tartu Rock ver Maaülikool . Eesti hümn 27märts2024,2024-03-28T10:12:57Z,,17,UCJZqPyfUdhsgEdX3-he3ZVQ,PT1M32S,hd,False,False,,11.0,0.0,0.0,public,youtube,['https://en.wikipedia.org/wiki/Music']
4D0iweHcCN4,Aardla järv 11-märts-2024 hokiklubi Mohawk trenn :),2024-03-11T06:56:19Z,,17,UCJZqPyfUdhsgEdX3-he3ZVQ,PT21S,hd,False,False,,151.0,0.0,0.0,public,youtube,['https://en.wikipedia.org/wiki/Lifestyle_(sociology)']
1aPg68FbyWc,Aardla järv 11-märts-2024 hommikune uisutrenn.,2024-03-11T06:52:21Z,,17,UCJZqPyfUdhsgEdX3-he3ZVQ,PT30S,hd,False,False,,40.0,0.0,0.0,public,youtube,['https://en.wikipedia.org/wiki/Lifestyle_(sociology)']
ZKQxVmkfEw8,Aardla järv 11-märts-2024 uisutamine puude vahel,2024-03-11T06:46:53Z,,17,UCJZqPyfUdhsgEdX3-he3ZVQ,PT45S,hd,False,False,,65.0,0.0,0.0,public,youtube,['https://en.wikipedia.org/wiki/Lifestyle_(sociology)']
BSLa_Y6jtYM,Tartu õlu utiliseerimine Soomes,2023-08-31T09:11:50Z,,17,UCJZqPyfUdhsgEdX3-he3ZVQ,PT22S,hd,False,False,,3042.0,20.0,0.0,public,youtube,
lA4tKB-hEkM,Tour d’ÖÖ UIT Tartu 19-aug-2023,2023-08-19T22:27:44Z,,17,UCJZqPyfUdhsgEdX3-he3ZVQ,PT2M26S,hd,False,False,,36.0,1.0,0.0,public,youtube,['https://en.wikipedia.org/wiki/Lifestyle_(sociology)']
THpDJvsQdS4,Ümera (Jumara) jõe ääres 2023a.,2023-08-06T17:21:40Z,,17,UCJZqPyfUdhsgEdX3-he3ZVQ,PT55S,hd,False,False,,37.0,0.0,0.0,public,youtube,"['https://en.wikipedia.org/wiki/Hobby', 'https://en.wikipedia.org/wiki/Lifestyle_(sociology)']"
r16eG6i5tAA,UJUMINE MANDRILT SAARELE 17-JUUNI-2023 ametlik treiler,2023-05-23T07:07:50Z,,17,UCJZqPyfUdhsgEdX3-he3ZVQ,PT1M10S,hd,False,False,,121.0,1.0,0.0,public,youtube,"['https://en.wikipedia.org/wiki/Entertainment', 'https://en.wikipedia.org/wiki/Film']"
1dGfZ6kfwPQ,Tartu Toomkiriku katusel 20-mai-2023,2023-05-21T10:50:16Z,,17,UCJZqPyfUdhsgEdX3-he3ZVQ,PT37S,hd,False,False,,10.0,0.0,0.0,public,youtube,
rnV06oOpMpc,PundiUjumine 2023,2023-05-05T12:19:59Z,,17,UCJZqPyfUdhsgEdX3-he3ZVQ,PT33S,hd,False,False,,75.0,1.0,0.0,public,youtube,['https://en.wikipedia.org/wiki/Entertainment']
HCLBLttUt5I,Porijõgi 08 Jaan 2023 -15C* uisutamine.,2023-01-08T10:27:42Z,,17,UCJZqPyfUdhsgEdX3-he3ZVQ,PT46S,hd,False,False,,167.0,2.0,1.0,public,youtube,['https://en.wikipedia.org/wiki/Lifestyle_(sociology)']
zeM3UZoaA44,puuluup peipsi 2022,2022-06-22T15:55:48Z,,17,UCJZqPyfUdhsgEdX3-he3ZVQ,PT1M26S,hd,False,False,,31.0,0.0,0.0,public,youtube,"['https://en.wikipedia.org/wiki/Entertainment', 'https://en.wikipedia.org/wiki/Performing_arts']"
XhBsyCdfq2k,Oneplus 3T A3003 niinimetatud originaal aku by ebay,2020-09-28T06:39:02Z,,17,UCJZqPyfUdhsgEdX3-he3ZVQ,PT23S,hd,False,False,,42.0,0.0,0.0,public,youtube,['https://en.wikipedia.org/wiki/Technology']
FcF35-X6FXo,Mattias Nöps  Personal Record 51  Push-Ups 25-Apr-2020,2020-04-25T17:16:44Z,,17,UCJZqPyfUdhsgEdX3-he3ZVQ,PT1M20S,hd,False,False,,87.0,4.0,3.0,public,youtube,"['https://en.wikipedia.org/wiki/Health', 'https://en.wikipedia.org/wiki/Lifestyle_(sociology)', 'https://en.wikipedia.org/wiki/Physical_fitness']"
ghfvTbUZsHk,TaliKätekõverduste Kontaktivaba Treening Tartu Emajõgi  01-aprill-2020,2020-04-01T06:20:49Z,,17,UCJZqPyfUdhsgEdX3-he3ZVQ,PT48S,hd,False,False,,241.0,3.0,0.0,public,youtube,['https://en.wikipedia.org/wiki/Lifestyle_(sociology)']
NyQeVF_38rw,"Anne Veski ""Позади крутой поворот"" Belgart 2020 MaaimaMeistrivõistluste AfterPartyl  :)",2020-01-20T11:21:51Z,,17,UCJZqPyfUdhsgEdX3-he3ZVQ,PT2M53S,hd,False,False,,159.0,3.0,0.0,public,youtube,"['https://en.wikipedia.org/wiki/Music', 'https://en.wikipedia.org/wiki/Pop_music']"
a6ysccxGvrA,"Eesti Politsei 101 Ujumine Emajõgi 12 Nov 2019 Vesi 4,8C Õhk 6C",2019-11-23T14:01:42Z,,17,UCJZqPyfUdhsgEdX3-he3ZVQ,PT2M43S,hd,False,False,,154.0,0.0,0.0,public,youtube,['https://en.wikipedia.org/wiki/Lifestyle_(sociology)']
d6GcaKMEinw,"Skating and iceswimming in Estonia, in Varnja, on the lake Peipsi",2019-01-30T19:18:35Z,['Skating Iceswimming Winterswimming \nEstonia\nPeipsi\nVarnja'],17,UCJZqPyfUdhsgEdX3-he3ZVQ,PT57S,hd,False,False,,558.0,7.0,0.0,public,youtube,['https://en.wikipedia.org/wiki/Lifestyle_(sociology)']
0s1cDlUgCd0,Mattiase hallituse tekkimise katse,2018-12-10T19:49:52Z,,17,UCJZqPyfUdhsgEdX3-he3ZVQ,PT46S,hd,False,False,,32.0,0.0,0.0,public,youtube,
U22jfZhdfQs,"Kopra ""Maja"" Aardla järve botaanilis-ornitoloogilisel kaitsealal",2018-12-03T13:20:07Z,,17,UCJZqPyfUdhsgEdX3-he3ZVQ,PT23S,sd,False,False,,45.0,0.0,0.0,public,youtube,['https://en.wikipedia.org/wiki/Lifestyle_(sociology)']
JyHd0LygNhU,Aardla järve botaanilis-ornitoloogiline kaitseala 01-Dec-2018 ice skating,2018-12-01T15:12:09Z,,17,UCJZqPyfUdhsgEdX3-he3ZVQ,PT57S,sd,False,False,,111.0,0.0,0.0,public,youtube,['https://en.wikipedia.org/wiki/Lifestyle_(sociology)']
aM4P7-1PDD4,"Eesti Politsei 100 Ujumine Emajõgi 12-Nov-2018 Vesi +4,8C Õhk +3C",2018-11-12T12:09:36Z,"['eesti', 'politsei', '100', 'taliujumine', 'ujumine', 'emajõgi', 'swimming', 'winter swimming', 'ice swimming', 'estonia', 'police', 'tartu']",17,UCJZqPyfUdhsgEdX3-he3ZVQ,PT3M56S,hd,False,False,,652.0,0.0,0.0,public,youtube,['https://en.wikipedia.org/wiki/Lifestyle_(sociology)']
Tx5PvRgWDpU,Tammeka kõksimise sõu by Eno Lints (y),2018-09-30T11:35:58Z,"['tammeka', 'Eno Lints', 'premium liiga', 'tartu']",17,UCJZqPyfUdhsgEdX3-he3ZVQ,PT3M43S,hd,False,False,,109.0,2.0,0.0,public,youtube,['https://en.wikipedia.org/wiki/Sport']
YVL7MxzWJOE,"ODESSA KATAKOMBID , Catacombs of Odessa, ОДЕСЬКІ КАТАКОМБИ, August 2018",2018-09-06T15:47:33Z,"['odessa', 'katakombid', 'ukraina', 'Catacombs of Odessa', 'caracombs', 'ОДЕСЬКІ КАТАКОМБИ']",17,UCJZqPyfUdhsgEdX3-he3ZVQ,PT9M50S,hd,False,False,,149.0,0.0,0.0,public,youtube,"['https://en.wikipedia.org/wiki/Hobby', 'https://en.wikipedia.org/wiki/Lifestyle_(sociology)']"
sfx4GhhbVQM,"Ice Skating on ""THIN"" Ice River Porijõgi 30-March-2018",2018-03-30T15:40:10Z,"['ice skating', 'thin ice', 'river', 'estonia', 'porijõgi', 'extreme']",17,UCJZqPyfUdhsgEdX3-he3ZVQ,PT41S,hd,False,False,,102.0,0.0,0.0,public,youtube,"['https://en.wikipedia.org/wiki/Hobby', 'https://en.wikipedia.org/wiki/Lifestyle_(sociology)']"
sEEaPZtbBks,Porijõgi 17-March-2018 Ice Skating,2018-03-17T09:59:38Z,,17,UCJZqPyfUdhsgEdX3-he3ZVQ,PT3M12S,hd,False,False,,132.0,1.0,0.0,public,youtube,['https://en.wikipedia.org/wiki/Lifestyle_(sociology)']
sF_DNZ86puQ,Kauneim linn on Eestis Tartu Jurjev Юрьев Dorpat,2017-12-02T17:33:09Z,"['Tartu', 'Jurjev', 'Юрьев', 'Dorpat', 'estonia', 'Raimond Valgre', 'Teine maailmasõda', 'Eesti']",17,UCJZqPyfUdhsgEdX3-he3ZVQ,PT6M29S,hd,False,False,,641.0,7.0,0.0,public,youtube,['https://en.wikipedia.org/wiki/Music']
fSwn95wPS94,"Eesti Politsei 99 Ujumine Emajõgi 10-Nov-2017  Vesi +3,6*C Õhk 5*C",2017-11-10T11:10:05Z,"['eesti', 'politsei', '99', 'estonia', 'tartu', 'taliujumine', 'winter', 'swimming', 'ice']",17,UCJZqPyfUdhsgEdX3-he3ZVQ,PT2M58S,hd,False,False,,236.0,0.0,0.0,public,youtube,['https://en.wikipedia.org/wiki/Lifestyle_(sociology)']
zkEVh8d-_r0,Levi SouthPark 02-May-2017,2017-05-02T13:40:55Z,,17,UCJZqPyfUdhsgEdX3-he3ZVQ,PT24S,hd,False,False,,102.0,1.0,0.0,public,youtube,"['https://en.wikipedia.org/wiki/Hobby', 'https://en.wikipedia.org/wiki/Lifestyle_(sociology)']"
ux7gaufMWvA,Happy Easter 16-April-2017,2017-04-16T11:00:24Z,,17,UCJZqPyfUdhsgEdX3-he3ZVQ,PT16S,hd,False,False,,74.0,2.0,0.0,public,youtube,['https://en.wikipedia.org/wiki/Lifestyle_(sociology)']
lANrUoumeVM,Tammeka Valge II Puurivaht Mattias  :)  19-Märts-2017,2017-03-20T10:54:03Z,,17,UCJZqPyfUdhsgEdX3-he3ZVQ,PT7S,hd,False,False,,159.0,2.0,0.0,public,youtube,"['https://en.wikipedia.org/wiki/Association_football', 'https://en.wikipedia.org/wiki/Sport']"
Mh32zFFqpNw,Munakas 05-Veebr-2017 First Tail Grab Attempt,2017-02-06T12:33:55Z,"['Munakas', 'Tail Grab', 'Attempt', 'Real ski', 'Estonia', 'Rahinge']",17,UCJZqPyfUdhsgEdX3-he3ZVQ,PT11S,hd,False,False,,45.0,0.0,0.0,public,youtube,"['https://en.wikipedia.org/wiki/Hobby', 'https://en.wikipedia.org/wiki/Lifestyle_(sociology)']"
SPFJykczMqQ,Белгарт Минск Опен   21-Jaan- 2017 200m vabalt ujumine,2017-01-26T07:29:41Z,,17,UCJZqPyfUdhsgEdX3-he3ZVQ,PT4M51S,hd,False,False,,25.0,0.0,0.0,public,youtube,['https://en.wikipedia.org/wiki/Lifestyle_(sociology)']
P-NjcePwXTc,"Belgart Minsk 50m брасс  Poola mütsidega tegelased jagelevad , 22-jaan-2017",2017-01-24T13:39:46Z,,17,UCJZqPyfUdhsgEdX3-he3ZVQ,PT1M2S,hd,False,False,,86.0,0.0,0.0,public,youtube,['https://en.wikipedia.org/wiki/Sport']
oFP7M04UqQg,Belgart Minsk Eesti Läti 4x25m 22-Jaan-2017,2017-01-23T11:09:42Z,,17,UCJZqPyfUdhsgEdX3-he3ZVQ,PT2M17S,hd,False,False,,67.0,0.0,0.0,public,youtube,['https://en.wikipedia.org/wiki/Sport']
_mgXitNy6bs,Munakas 15-Jaan-2017,2017-01-16T07:33:39Z,,17,UCJZqPyfUdhsgEdX3-he3ZVQ,PT33S,hd,False,False,,91.0,0.0,0.0,public,youtube,['https://en.wikipedia.org/wiki/Lifestyle_(sociology)']
V_azxf3Te4E,5 years old Estonian boy who has been skiing seven years,2017-01-11T20:03:51Z,"['skiing', 'real ski', 'estonia']",17,UCJZqPyfUdhsgEdX3-he3ZVQ,PT31S,hd,False,False,,2609.0,22.0,1.0,public,youtube,['https://en.wikipedia.org/wiki/Lifestyle_(sociology)']
yOf0iDyykKo,Munakas 08-Jaan-2016 first Switch 180 on skis,2017-01-09T08:09:59Z,,17,UCJZqPyfUdhsgEdX3-he3ZVQ,PT12S,hd,False,False,,40.0,0.0,0.0,public,youtube,['https://en.wikipedia.org/wiki/Lifestyle_(sociology)']
4wB_WQqWR24,Munakas 25-Dec-2016,2016-12-25T16:36:20Z,,17,UCJZqPyfUdhsgEdX3-he3ZVQ,PT15S,hd,False,False,,90.0,0.0,0.0,public,youtube,['https://en.wikipedia.org/wiki/Lifestyle_(sociology)']
JpnEzc7GRMM,Tartu Tamme Kooli 1 klasside Jõululaul ( Kingisoov ) 20-Detsember-2016,2016-12-20T22:55:55Z,,17,UCJZqPyfUdhsgEdX3-he3ZVQ,PT1M42S,hd,False,False,,454.0,4.0,1.0,public,youtube,['https://en.wikipedia.org/wiki/Music']
RSKka_UMB5o,Tartu Tamme Kooli 1 klasside Jõululaul ( Armas jõuluvanake meie poole teel ) 20-Detsember-2016,2016-12-20T22:36:15Z,,17,UCJZqPyfUdhsgEdX3-he3ZVQ,PT50S,hd,False,False,,472.0,2.0,0.0,public,youtube,"['https://en.wikipedia.org/wiki/Classical_music', 'https://en.wikipedia.org/wiki/Music']"
-rcLZspqVjo,Anne Ahven Maratoni Moodi Ujumine 26-Nov-2016,2016-11-26T17:44:04Z,"['winter swimming', 'ice swimming', '450m', 'marathon', 'tartu', 'anne ahven', 'welcome to estonia', 'estonia']",17,UCJZqPyfUdhsgEdX3-he3ZVQ,PT8M,hd,False,False,,89.0,0.0,0.0,public,youtube,['https://en.wikipedia.org/wiki/Lifestyle_(sociology)']
AHfoj4jeY68,"Eesti Politsei 98 Ujumine Emajõgi 11-Nov-2016 Vesi +0,0*C Õhk  3*C",2016-11-11T12:28:03Z,"['Eesti', 'Politsei', 'Ujumine', 'taliujumine', 'tartu', 'swimming', 'winter swimming', 'ice swimming', 'estonia', 'police']",17,UCJZqPyfUdhsgEdX3-he3ZVQ,PT3M48S,hd,False,False,,1030.0,6.0,0.0,public,youtube,['https://en.wikipedia.org/wiki/Lifestyle_(sociology)']
ksTdsEFwIK0,"Jelgava 05-Nov-2016 Winter Swimming World Cup Freestyle 50m Siim Kukk 40,79",2016-11-08T11:30:56Z,,17,UCJZqPyfUdhsgEdX3-he3ZVQ,PT48S,hd,False,False,,30.0,0.0,0.0,public,youtube,['https://en.wikipedia.org/wiki/Sport']
UIHB9hcdOOg,"Jelgava 05-Nov-2016 Winter Swimming World Cup Freestyle 50m Margus Püvi 33,91 Mart Nöps 46,15",2016-11-08T11:18:35Z,,17,UCJZqPyfUdhsgEdX3-he3ZVQ,PT1M18S,hd,False,False,,37.0,0.0,0.0,public,youtube,['https://en.wikipedia.org/wiki/Sport']
zfbNCA9SqiA,"Jelgava 05-Nov-2016 Winter Swimming World Cup Freestyle 50m Kersti Rüütel 52,83",2016-11-08T10:54:57Z,,17,UCJZqPyfUdhsgEdX3-he3ZVQ,PT58S,hd,False,False,,24.0,0.0,0.0,public,youtube,['https://en.wikipedia.org/wiki/Sport']
GrZvur9JzLc,"Jelgava 05-Nov-2016 Winter Swimming World Cup Freestyle 50m Malle Elvet 1.18,20",2016-11-08T10:40:52Z,,17,UCJZqPyfUdhsgEdX3-he3ZVQ,PT1M9S,hd,False,False,,47.0,0.0,0.0,public,youtube,['https://en.wikipedia.org/wiki/Sport']
9cgIVX_0mxQ,"Jelgava 05-Nov-2016 Winter Swimming World Cup Butterfly 25m  Mart Nöps 27,55",2016-11-08T10:04:29Z,,17,UCJZqPyfUdhsgEdX3-he3ZVQ,PT34S,hd,False,False,,26.0,0.0,0.0,public,youtube,['https://en.wikipedia.org/wiki/Sport']
RV51hDOKuC0,"Jelgava 05-Nov-2016 Winter Swimming World Cup 25m Breaststroke Siim Kukk 22,89",2016-11-08T09:44:46Z,,17,UCJZqPyfUdhsgEdX3-he3ZVQ,PT29S,hd,False,False,,25.0,0.0,0.0,public,youtube,['https://en.wikipedia.org/wiki/Sport']
rbTZOm8Q9LM,"Jelgava 05-Nov-2016 Winter Swimming World Cup 25m Breaststroke Mart Nöps 23,00",2016-11-08T09:27:14Z,,17,UCJZqPyfUdhsgEdX3-he3ZVQ,PT41S,hd,False,False,,20.0,0.0,0.0,public,youtube,['https://en.wikipedia.org/wiki/Sport']
8uRKEy1jRDU,"Rahinge lake  30-Oct-2016 , training to swim butterfly  :)",2016-10-30T18:10:32Z,,17,UCJZqPyfUdhsgEdX3-he3ZVQ,PT40S,hd,False,False,,52.0,0.0,0.0,public,youtube,['https://en.wikipedia.org/wiki/Lifestyle_(sociology)']
kIyRT7KevFk,Tammekas Tammestaadion Palli Vise 28-Aug-2016 11m,2016-08-29T07:21:44Z,,17,UCJZqPyfUdhsgEdX3-he3ZVQ,PT7S,hd,False,False,,126.0,0.0,0.0,public,youtube,['https://en.wikipedia.org/wiki/Sport']
_t4R4wXUnkA,Tammekas Tammestaadion  Kaugushüpe 28-Aug-2016 2m 48cm,2016-08-29T06:59:13Z,,17,UCJZqPyfUdhsgEdX3-he3ZVQ,PT8S,hd,False,False,,72.0,0.0,0.0,public,youtube,['https://en.wikipedia.org/wiki/Sport']
K_hqUie4ntU,RahingeBackFlipSlowMotion2011,2016-08-15T07:15:33Z,,17,UCJZqPyfUdhsgEdX3-he3ZVQ,PT13S,hd,False,False,"{'blocked': ['BY', 'RU']}",11.0,0.0,0.0,public,youtube,['https://en.wikipedia.org/wiki/Lifestyle_(sociology)']
5Gu5Iyr78fQ,World First Kids Wake Ski @Rahinge  Veesuusk 31-July-2016,2016-07-31T14:27:45Z,,17,UCJZqPyfUdhsgEdX3-he3ZVQ,PT24S,hd,False,False,,49.0,0.0,0.0,public,youtube,"['https://en.wikipedia.org/wiki/Hobby', 'https://en.wikipedia.org/wiki/Lifestyle_(sociology)']"
8tO7AkpRwl4,Ülenurme äike 3Juuli2016 Part2,2016-07-08T07:45:55Z,,17,UCJZqPyfUdhsgEdX3-he3ZVQ,PT23S,hd,False,False,,16.0,0.0,0.0,public,youtube,
-UOZakUFnz0,Ülenurme äike 3juuli2016 Part1,2016-07-08T07:43:54Z,,17,UCJZqPyfUdhsgEdX3-he3ZVQ,PT1M11S,hd,False,False,,21.0,0.0,0.0,public,youtube,
NwfNulqJB1s,Kergejõustiku mängurühma spordipäev 28-Mai-2016,2016-05-28T17:07:32Z,,17,UCJZqPyfUdhsgEdX3-he3ZVQ,PT1M4S,hd,False,False,,24.0,0.0,0.0,public,youtube,['https://en.wikipedia.org/wiki/Sport']
nt9b64ESEGg,World First Kids Wake Ski  @Rahinge Veesuusk 25-May-2016,2016-05-26T09:22:18Z,"['wake ski', 'rahinge', 'germandia', 'hand made']",17,UCJZqPyfUdhsgEdX3-he3ZVQ,PT14S,hd,False,False,,113.0,0.0,0.0,public,youtube,"['https://en.wikipedia.org/wiki/Hobby', 'https://en.wikipedia.org/wiki/Lifestyle_(sociology)']"
4kGccrKJJUY,Levi Camp531 WaterSkiing Test PART2,2016-05-09T07:21:49Z,"['levi', 'levi camp531', 'waterskiing', 'waterski', 'rahinge', 'germandia']",17,UCJZqPyfUdhsgEdX3-he3ZVQ,PT32S,hd,False,False,,68.0,0.0,0.0,public,youtube,"['https://en.wikipedia.org/wiki/Hobby', 'https://en.wikipedia.org/wiki/Lifestyle_(sociology)']"
tjlV5F9hFaM,Levi Finland Lapland Winter Swimming Ice Swimming 06-May-2016,2016-05-06T18:56:12Z,,17,UCJZqPyfUdhsgEdX3-he3ZVQ,PT21S,hd,False,False,,447.0,1.0,,public,youtube,"['https://en.wikipedia.org/wiki/Hobby', 'https://en.wikipedia.org/wiki/Lifestyle_(sociology)']"
JkadSSakCjI,LäxLiigaKõrgeleVist,2016-05-06T11:54:17Z,,17,UCJZqPyfUdhsgEdX3-he3ZVQ,PT22S,hd,False,False,,33.0,0.0,0.0,public,youtube,['https://en.wikipedia.org/wiki/Lifestyle_(sociology)']
A-JIiPWqGd4,Meie Liigume Tehvandi Mäejooks  23- apr- 2016,2016-04-24T12:09:15Z,"['tehvandi', 'meie liigume', 'rahinge', 'mäejooks', 'tehvandi mäejooks', 'germandia', 'estonia', 'eesti']",17,UCJZqPyfUdhsgEdX3-he3ZVQ,PT1M5S,hd,False,False,,417.0,3.0,0.0,public,youtube,['https://en.wikipedia.org/wiki/Lifestyle_(sociology)']
Rny3w5di9EI,"World Speed Ski Record Attempt, Munakas 02-April-2016",2016-04-04T07:29:19Z,"['World Speed Ski Record', 'World Record', 'munakas', 'väike munamägi', 'munamägi', 'rahinge', 'germandia']",17,UCJZqPyfUdhsgEdX3-he3ZVQ,PT15S,hd,False,False,,129.0,1.0,0.0,public,youtube,['https://en.wikipedia.org/wiki/Lifestyle_(sociology)']
wltflGlMf0w,Hobustemäe Freeride 25-March-2016,2016-03-25T17:17:59Z,,17,UCJZqPyfUdhsgEdX3-he3ZVQ,PT1M45S,hd,False,False,,68.0,1.0,0.0,public,youtube,['https://en.wikipedia.org/wiki/Lifestyle_(sociology)']
FJfAVBy2yw4,"Kelly Sildaru Ski Slopestyle 2st  Run SFR Freestyle Tour  La Clusaz 91,2 Points",2016-03-21T10:34:30Z,"['kelly sildaru', 'sildaru', 'ski slopestyle', 'sfr tour', 'la clusaz', 'rahinge', 'germandia', 'switch 1080']",17,UCJZqPyfUdhsgEdX3-he3ZVQ,PT2M27S,hd,False,False,,459.0,2.0,0.0,public,youtube,['https://en.wikipedia.org/wiki/Lifestyle_(sociology)']
TfqVcLvOlps,Kelly Sildaru Ski Slopestyle 1st  Run SFR Freestyle Tour  La Clusaz 92.6 points,2016-03-21T10:28:57Z,"['kelly sildaru', 'sildaru', 'ski slopestyle', 'sfr tour', 'la clusaz', 'rahinge', 'germandia']",17,UCJZqPyfUdhsgEdX3-he3ZVQ,PT2M18S,hd,False,False,,706.0,1.0,0.0,public,youtube,['https://en.wikipedia.org/wiki/Lifestyle_(sociology)']
MK9trw44oxQ,Pingviinide Paraad 2016 Jalad Ees Ujumine,2016-03-15T08:11:35Z,"['pingviinide paraad', '2016', 'jalad ees ujumine', 'tartu', 'anne kanal', 'anne ahven', 'estonia', 'winter swimming', 'ice swimming']",17,UCJZqPyfUdhsgEdX3-he3ZVQ,PT1M3S,hd,False,False,,116.0,1.0,0.0,public,youtube,
9yYUXVapjZw,EMV Ski Cross 13-March-2016,2016-03-14T07:57:17Z,"['Estonian', 'Freestyle', 'Skiing', 'Championship', '2016', 'Ski Cross']",17,UCJZqPyfUdhsgEdX3-he3ZVQ,PT1M11S,hd,False,False,,127.0,0.0,0.0,public,youtube,['https://en.wikipedia.org/wiki/Lifestyle_(sociology)']
Le5d30aIr1I,Metsaääre Tänava Snowpark 12-Märts- 2016,2016-03-12T16:58:01Z,,17,UCJZqPyfUdhsgEdX3-he3ZVQ,PT10S,hd,False,False,,31.0,0.0,0.0,public,youtube,['https://en.wikipedia.org/wiki/Lifestyle_(sociology)']
4udcfXtliOM,Munakas 06-Märts-2016 First UnNatural 180,2016-03-06T16:25:58Z,,17,UCJZqPyfUdhsgEdX3-he3ZVQ,PT22S,hd,False,False,,94.0,0.0,0.0,public,youtube,['https://en.wikipedia.org/wiki/Lifestyle_(sociology)']
dAwRmf8CNUQ,One of those days 4 - Munaka Metsa Rada  06-Märts-2016,2016-03-06T16:12:55Z,"['One of those days 4', 'Munakas', 'Väike Munamägi', 'Metsarada']",17,UCJZqPyfUdhsgEdX3-he3ZVQ,PT27S,hd,False,False,,70.0,0.0,0.0,public,youtube,['https://en.wikipedia.org/wiki/Lifestyle_(sociology)']
FnG-6KSuna8,WINTER SWIMMING FESTIVAL PIRITA OPEN 2016 200m freestyle Margus Püvi  Mart Nöps,2016-02-29T14:45:45Z,,17,UCJZqPyfUdhsgEdX3-he3ZVQ,PT4M39S,hd,False,False,,173.0,0.0,0.0,public,youtube,['https://en.wikipedia.org/wiki/Sport']
cYZgKDBfYqw,WINTER SWIMMING FESTIVAL PIRITA OPEN 2016 200m freestyle Siim Kukk,2016-02-29T13:49:15Z,,17,UCJZqPyfUdhsgEdX3-he3ZVQ,PT3M36S,hd,False,False,,78.0,0.0,0.0,public,youtube,['https://en.wikipedia.org/wiki/Sport']
NpoFQPQAo4A,WINTER SWIMMING FESTIVAL PIRITA OPEN 2016 200m freestyle Külli Tootsi,2016-02-29T12:48:53Z,,17,UCJZqPyfUdhsgEdX3-he3ZVQ,PT3M38S,hd,False,False,,51.0,0.0,0.0,public,youtube,['https://en.wikipedia.org/wiki/Sport']
YCh1-E6eDNg,WINTER SWIMMING FESTIVAL PIRITA OPEN 2016 200m freestyle Kersti Rüütel,2016-02-29T11:10:53Z,,17,UCJZqPyfUdhsgEdX3-he3ZVQ,PT4M55S,hd,False,False,"{'blocked': ['BY', 'RU']}",157.0,1.0,0.0,public,youtube,['https://en.wikipedia.org/wiki/Lifestyle_(sociology)']
Vf-HKZ0AOf4,WINTER SWIMMING FESTIVAL PIRITA OPEN 2016 100m freestyle Margus Püvi,2016-02-29T10:04:08Z,,17,UCJZqPyfUdhsgEdX3-he3ZVQ,PT1M21S,hd,False,False,,48.0,0.0,0.0,public,youtube,['https://en.wikipedia.org/wiki/Lifestyle_(sociology)']
qGeizGg0I1U,WINTER SWIMMING FESTIVAL PIRITA OPEN 2016 100m freestyle Külli Tootsi,2016-02-29T09:41:58Z,,17,UCJZqPyfUdhsgEdX3-he3ZVQ,PT1M41S,hd,False,False,,60.0,0.0,0.0,public,youtube,['https://en.wikipedia.org/wiki/Lifestyle_(sociology)']
rQZ_UNe8i7M,Winter Swimming World Cup Pirita Open 2016 25m Breaststroke IWSA Mart Nöps,2016-02-29T08:56:22Z,,17,UCJZqPyfUdhsgEdX3-he3ZVQ,PT26S,hd,False,False,,50.0,0.0,0.0,public,youtube,['https://en.wikipedia.org/wiki/Sport']
6qucSoT4PwA,"Winter Swimming World Cup Pirita Open 2016 25m Breaststroke IWSA Evelin Jõgeda, Kersti Rüütel",2016-02-29T08:23:40Z,,17,UCJZqPyfUdhsgEdX3-he3ZVQ,PT35S,hd,False,False,,138.0,1.0,0.0,public,youtube,['https://en.wikipedia.org/wiki/Lifestyle_(sociology)']
IlFBmyqqnng,Winter Swimming World Cup Pirita Open 2016 4x25m Freestyle Relay Tartu Taliujujad,2016-02-28T10:12:22Z,,17,UCJZqPyfUdhsgEdX3-he3ZVQ,PT1M51S,hd,False,False,,148.0,0.0,0.0,public,youtube,['https://en.wikipedia.org/wiki/Sport']
zP3FOCLDzBg,"Tartu Taliujumise ""Hümn"" 24-Veebr-2016",2016-02-25T09:48:02Z,,17,UCJZqPyfUdhsgEdX3-he3ZVQ,PT3M51S,hd,False,False,,117.0,1.0,0.0,public,youtube,
T_L-WNWoFfE,Urban Skiing  20-Feb-2016 Toomemägi Tartu Estonia,2016-02-20T16:18:45Z,"['urban skiing', 'rahinge', 'tartu', 'estonia', 'freestyle skiing']",17,UCJZqPyfUdhsgEdX3-he3ZVQ,PT41S,hd,False,False,,187.0,0.0,1.0,public,youtube,['https://en.wikipedia.org/wiki/Lifestyle_(sociology)']
orTQuNmjpxc,Reverse Winter Swimming  (feet ahead),2016-02-20T10:09:34Z,"['revers swimming', 'winter swimming', 'ice swimming', 'feet ahead', 'anne ahven', 'pingviinide paraad', 'anne kanal', 'rahinge']",17,UCJZqPyfUdhsgEdX3-he3ZVQ,PT18S,hd,False,False,,191.0,0.0,0.0,public,youtube,['https://en.wikipedia.org/wiki/Lifestyle_(sociology)']
_rsOnIpdXYM,New Generation  17-Feb- 2016,2016-02-18T10:53:00Z,"['kelly sildaru', 'tanel padar', 'the sun', 'new generation', 'x games', 'rahinge', 'henry sildaru']",17,UCJZqPyfUdhsgEdX3-he3ZVQ,PT37S,hd,False,False,,27.0,0.0,0.0,public,youtube,"['https://en.wikipedia.org/wiki/Music', 'https://en.wikipedia.org/wiki/Rock_music']"
ctDtp4j5lmc,"Mart Nöps 50M Breaststroke (head up)  Grand Canal, Taierzhuang, China 18-Jan-2016",2016-01-25T08:48:20Z,"['Winter swimming', 'ice swimming', 'china', 'estonia', 'tartu', 'anne ahven', 'grand canal', 'taierzhuang']",17,UCJZqPyfUdhsgEdX3-he3ZVQ,PT1M54S,hd,False,False,,291.0,1.0,0.0,public,youtube,['https://en.wikipedia.org/wiki/Lifestyle_(sociology)']
aH3itms3cr0,"Janek Kotsalainen 50M Freestyle Grand Canal, Taierzhuang, China 18-Jan-2016",2016-01-22T15:20:01Z,,17,UCJZqPyfUdhsgEdX3-he3ZVQ,PT1M7S,hd,False,False,,41.0,0.0,0.0,public,youtube,['https://en.wikipedia.org/wiki/Sport']
IaBdSRGGmhw,"Jaanus Oks 50M Freestyle Grand Canal, Taierzhuang, China 18-Jan-2016",2016-01-22T14:48:16Z,,17,UCJZqPyfUdhsgEdX3-he3ZVQ,PT57S,hd,False,False,,67.0,0.0,0.0,public,youtube,['https://en.wikipedia.org/wiki/Lifestyle_(sociology)']
q88TvKJOm5Q,China Swimming Trip January-2016,2016-01-22T09:35:13Z,"['china', 'swimming', 'winter swimming', 'ice swimming', 'estonia', 'anne ahven']",17,UCJZqPyfUdhsgEdX3-he3ZVQ,PT2M43S,hd,False,False,,106.0,0.0,0.0,public,youtube,"['https://en.wikipedia.org/wiki/Lifestyle_(sociology)', 'https://en.wikipedia.org/wiki/Tourism']"
eAWf4nGYBf4,"Estonia + UK 4x50M Team Relay,  Grand Canal, Taierzhuang, China 18-Jan-2016",2016-01-21T15:13:31Z,"['winterswimming', 'estonia', 'tartu', 'anne ahven', 'iceswimming', 'china', 'grand canal', 'Taierzhuang', 'United Kingdom']",17,UCJZqPyfUdhsgEdX3-he3ZVQ,PT5M29S,hd,False,False,,241.0,1.0,0.0,public,youtube,"['https://en.wikipedia.org/wiki/Hobby', 'https://en.wikipedia.org/wiki/Lifestyle_(sociology)']"
S4FWE1gwzgE,Anne Kanal 31-Dec- 2015 Aastalõpu Pesemis Festival,2016-01-04T08:35:12Z,,17,UCJZqPyfUdhsgEdX3-he3ZVQ,PT6M33S,hd,False,False,,235.0,2.0,0.0,public,youtube,['https://en.wikipedia.org/wiki/Lifestyle_(sociology)']
XnyPUcUExM8,Rahinge Lake Winter Swimming  20-Dec-2015,2015-12-20T16:03:54Z,"['winterswimming', 'swimming', 'iceswimming', 'rahinge', 'rahinge lake']",17,UCJZqPyfUdhsgEdX3-he3ZVQ,PT1M25S,hd,False,False,,91.0,0.0,0.0,public,youtube,['https://en.wikipedia.org/wiki/Lifestyle_(sociology)']
b0si6KekkDc,"Kelly Sildaru Ski Slopestyle 2st (Winning) Run Dew Tour 2015 - by  ""Fast"" Internet Connection :)",2015-12-16T17:12:26Z,"['kelly sildaru', 'Dew Tour', 'Ski']",17,UCJZqPyfUdhsgEdX3-he3ZVQ,PT1M7S,hd,False,False,,468.0,1.0,0.0,public,youtube,['https://en.wikipedia.org/wiki/Lifestyle_(sociology)']
pAR4wz8lbWs,Kelly Sildaru Dew Tour 2015 Women Ski Slopestyle Awards Ceremony,2015-12-13T17:37:46Z,"['Skiing (Sport)', 'Dew Tour', 'Slopestyle', 'kelly sildaru']",17,UCJZqPyfUdhsgEdX3-he3ZVQ,PT2M20S,hd,False,False,,14570.0,29.0,1.0,public,youtube,['https://en.wikipedia.org/wiki/Lifestyle_(sociology)']
yv8eWRQim-4,Kelly Sildaru Ski Slopestyle 1st Run Dew Tour 2015,2015-12-13T17:10:27Z,,17,UCJZqPyfUdhsgEdX3-he3ZVQ,PT2M18S,hd,False,False,,8807.0,12.0,0.0,public,youtube,"['https://en.wikipedia.org/wiki/Hobby', 'https://en.wikipedia.org/wiki/Lifestyle_(sociology)']"
3IEJh5gQIaQ,"Anne Ahven Winter Swimming Festival 28-Nov-2015, Water  +1C",2015-11-29T15:45:38Z,"['Winter Swimming', 'Swimming (Sport)', 'tartu', 'estonia', 'ice swimming', 'anne ahven']",17,UCJZqPyfUdhsgEdX3-he3ZVQ,PT1M34S,hd,False,False,,225.0,2.0,0.0,public,youtube,"['https://en.wikipedia.org/wiki/Lifestyle_(sociology)', 'https://en.wikipedia.org/wiki/Tourism']"
sk63tv4x40Y,Kassitoome Road GAP 18-Dec-2012,2015-11-21T10:40:01Z,"['road gap', 'death gap', 'kassikas', 'kassitoome']",17,UCJZqPyfUdhsgEdX3-he3ZVQ,PT12S,hd,False,False,,117.0,0.0,0.0,public,youtube,['https://en.wikipedia.org/wiki/Lifestyle_(sociology)']
VNWaH84MSCo,"Eesti Politsei 97 Ujumine Emajõgi 12-Nov-2015 Vesi +5,1*C Õhk +2*C",2015-11-12T09:28:46Z,"['Estonia (Country)', 'Emajõgi (River)', 'eesti politsei', 'politsei', 'taliujumine', 'winter swimming', 'ice swimming', 'anne ahven']",17,UCJZqPyfUdhsgEdX3-he3ZVQ,PT3M42S,hd,False,False,,277.0,1.0,0.0,public,youtube,['https://en.wikipedia.org/wiki/Lifestyle_(sociology)']
oEmuLf_wxs4,Jelgava 07-Nov-2015 Winter Swimming World Cup 25m  Malle Elvet,2015-11-08T18:10:50Z,,17,UCJZqPyfUdhsgEdX3-he3ZVQ,PT46S,hd,False,False,,106.0,1.0,0.0,public,youtube,['https://en.wikipedia.org/wiki/Sport']
VTTZiOE80Bw,Jelgava 07-Nov-2015 Winter Swimming World Cup 450m Kersti Rüütel,2015-11-08T13:44:12Z,,17,UCJZqPyfUdhsgEdX3-he3ZVQ,PT3M48S,hd,False,False,,318.0,4.0,0.0,public,youtube,['https://en.wikipedia.org/wiki/Lifestyle_(sociology)']
EsLNikwJy4k,"Jelgava 07-Nov-2015 Winter Swimming World Cup 25m Risto Mets ~~26,00",2015-11-08T12:40:52Z,,17,UCJZqPyfUdhsgEdX3-he3ZVQ,PT56S,hd,False,False,,51.0,0.0,0.0,public,youtube,['https://en.wikipedia.org/wiki/Sport']
maMDQ7zWd-M,"Jelgava 07-Nov-2015 Winter Swimming World Cup, Estonia Team 4x25m ~~01.08,25",2015-11-08T12:06:03Z,"['Swimming', 'jelgava', 'jelgavas roni', 'winter swimming', 'estonia']",17,UCJZqPyfUdhsgEdX3-he3ZVQ,PT1M30S,hd,False,False,,194.0,0.0,0.0,public,youtube,['https://en.wikipedia.org/wiki/Lifestyle_(sociology)']
-pRl96AlZZE,"Jelgava 07-Nov-2015 Winter Swimming World Cup 25m Mart Nöps 22,32",2015-11-08T09:15:19Z,"['Swimming', 'jelgava', 'jelgavas roni', 'winter swimming world cup']",17,UCJZqPyfUdhsgEdX3-he3ZVQ,PT1M2S,hd,False,False,,157.0,2.0,0.0,public,youtube,['https://en.wikipedia.org/wiki/Sport']
7zFan6rzMGw,Alaküla Mõhnastiku BigAir Oktoober 2015,2015-10-27T13:49:24Z,,17,UCJZqPyfUdhsgEdX3-he3ZVQ,PT5S,hd,False,False,,35.0,0.0,0.0,public,youtube,"['https://en.wikipedia.org/wiki/Hobby', 'https://en.wikipedia.org/wiki/Lifestyle_(sociology)']"
ntY5r6RWMpI,Kassitoome 24-Oct-2015 Autumn Skiing,2015-10-24T15:23:20Z,"['Kassitoome', 'Skiing (Sport)']",17,UCJZqPyfUdhsgEdX3-he3ZVQ,PT39S,hd,False,False,,187.0,3.0,0.0,public,youtube,['https://en.wikipedia.org/wiki/Lifestyle_(sociology)']
tQ-ge1l5fDM,Pühajärve Kloostrimetsa HalfMarathon  03-Oct- 2015 TimeLapse by Sony HDR-AS100,2015-10-05T13:45:41Z,,17,UCJZqPyfUdhsgEdX3-he3ZVQ,PT27S,hd,False,False,,65.0,0.0,0.0,public,youtube,['https://en.wikipedia.org/wiki/Lifestyle_(sociology)']
8yUSyY3cXIM,Forest Skiing 04-Oct-2015 Alaküla Mõhnastik,2015-10-05T06:54:36Z,,17,UCJZqPyfUdhsgEdX3-he3ZVQ,PT17S,hd,False,False,,87.0,0.0,0.0,public,youtube,"['https://en.wikipedia.org/wiki/Hobby', 'https://en.wikipedia.org/wiki/Lifestyle_(sociology)']"
1_n6WvuBtd0,Vaikne Järv ( Vaikne Lake )  Time - Lapse Video 19- Sept-2015,2015-09-21T14:34:14Z,"['Vaikne järv', 'Vaikne Lake', 'Time Lapse', 'Time-lapse', 'elva']",17,UCJZqPyfUdhsgEdX3-he3ZVQ,PT33S,sd,False,False,,95.0,0.0,0.0,public,youtube,['https://en.wikipedia.org/wiki/Lifestyle_(sociology)']
6CCFGxU8biU,SlackLine ( XXXL Extra Long ) 20-Sept-2015 Palojärv,2015-09-20T16:38:41Z,['slackline'],17,UCJZqPyfUdhsgEdX3-he3ZVQ,PT15S,hd,False,False,,67.0,0.0,0.0,public,youtube,"['https://en.wikipedia.org/wiki/Hobby', 'https://en.wikipedia.org/wiki/Lifestyle_(sociology)']"
ybS4lY0LWVo,Rahinge 06-Sept-2015,2015-09-06T17:34:02Z,,17,UCJZqPyfUdhsgEdX3-he3ZVQ,PT45S,hd,False,False,,25.0,0.0,0.0,public,youtube,"['https://en.wikipedia.org/wiki/Hobby', 'https://en.wikipedia.org/wiki/Lifestyle_(sociology)']"
AiAMUlcSM5c,SlackLine DiscGolf  06-Sept-2015,2015-09-06T17:09:26Z,,17,UCJZqPyfUdhsgEdX3-he3ZVQ,PT56S,hd,False,False,,49.0,0.0,0.0,public,youtube,"['https://en.wikipedia.org/wiki/Hobby', 'https://en.wikipedia.org/wiki/Lifestyle_(sociology)']"
6Qae_PQd7fM,"Rahinge 19-juuli-2015 Kaimo ""PoissmeestekasJump""",2015-07-20T20:36:58Z,,17,UCJZqPyfUdhsgEdX3-he3ZVQ,PT27S,hd,False,False,,39.0,0.0,0.0,public,youtube,['https://en.wikipedia.org/wiki/Lifestyle_(sociology)']
ZFiZ_QhKfYQ,Rahinge 05-july-2015,2015-07-05T17:48:12Z,,17,UCJZqPyfUdhsgEdX3-he3ZVQ,PT17S,hd,False,False,,37.0,0.0,0.0,public,youtube,['https://en.wikipedia.org/wiki/Lifestyle_(sociology)']
-rFanIsj3Rk,Jumping with Kelly & Henry Sildaru at Rahinge WaterRamp 01-July-2015,2015-07-02T09:33:02Z,"['rahinge', 'waterramp', 'waterjump', 'germandia', 'face plant', 'sildaru', 'kelly sildaru', 'henry sildaru', 'Olympic Games (Website Category)', 'estonia', 'neverstopskiing', 'neverstopsporting']",17,UCJZqPyfUdhsgEdX3-he3ZVQ,PT34S,hd,False,False,,548.0,3.0,0.0,public,youtube,"['https://en.wikipedia.org/wiki/Hobby', 'https://en.wikipedia.org/wiki/Lifestyle_(sociology)']"
AlJr4fjMIRk,First Jump ( 180° Face Plant  ) at  Rahinge WaterRamp 27-June-2015,2015-06-27T15:01:07Z,"['Rahinge', '180° Face Plant', 'waterramp', 'germandia', 'Jump', 'Jumping', 'Funny']",17,UCJZqPyfUdhsgEdX3-he3ZVQ,PT21S,hd,False,False,,208.0,0.0,0.0,public,youtube,"['https://en.wikipedia.org/wiki/Hobby', 'https://en.wikipedia.org/wiki/Lifestyle_(sociology)']"
Fd2rvZY5OKI,Metsaääre Tänava SnowPark 31-May-2015,2015-05-31T19:56:13Z,"['gravitis', 'bungee', 'gravitis bungee', 'snowpark', 'snow', 'germandia', 'summer', 'rahinge', '180 degrees', 'ski 18']",17,UCJZqPyfUdhsgEdX3-he3ZVQ,PT15S,hd,False,False,,88.0,0.0,0.0,public,youtube,"['https://en.wikipedia.org/wiki/Hobby', 'https://en.wikipedia.org/wiki/Lifestyle_(sociology)']"
tXRw0-8ZcWM,"Againer ""Spin and Win"" test Levi 29-aprill-2015",2015-05-03T16:13:00Z,,17,UCJZqPyfUdhsgEdX3-he3ZVQ,PT25S,hd,False,False,,63.0,0.0,0.0,public,youtube,"['https://en.wikipedia.org/wiki/Hobby', 'https://en.wikipedia.org/wiki/Lifestyle_(sociology)']"
E_bqoYsgV3g,Levi solgitoru 02-May-2015,2015-05-03T14:28:06Z,,17,UCJZqPyfUdhsgEdX3-he3ZVQ,PT9S,hd,False,False,,28.0,0.0,0.0,public,youtube,"['https://en.wikipedia.org/wiki/Hobby', 'https://en.wikipedia.org/wiki/Lifestyle_(sociology)']"
sP2N-NgAWYc,Levi Ski 180 Tricks 02-May-2015,2015-05-03T13:10:53Z,,17,UCJZqPyfUdhsgEdX3-he3ZVQ,PT22S,hd,False,False,,119.0,0.0,0.0,public,youtube,"['https://en.wikipedia.org/wiki/Hobby', 'https://en.wikipedia.org/wiki/Lifestyle_(sociology)']"
xmO19fN1URw,Levi 01-Mai-2015  180 Kraadi trikk,2015-05-01T16:52:42Z,,17,UCJZqPyfUdhsgEdX3-he3ZVQ,PT8S,hd,False,False,,28.0,0.0,0.0,public,youtube,"['https://en.wikipedia.org/wiki/Hobby', 'https://en.wikipedia.org/wiki/Lifestyle_(sociology)']"
1KIVJQe0G0s,Againer Waterski  test Levi 27-aprill-2015,2015-04-27T15:43:31Z,,17,UCJZqPyfUdhsgEdX3-he3ZVQ,PT20S,hd,False,False,,98.0,0.0,0.0,public,youtube,"['https://en.wikipedia.org/wiki/Hobby', 'https://en.wikipedia.org/wiki/Lifestyle_(sociology)']"
-FZI01mEmX0,Againer test 26-aprill-2015 Levi,2015-04-26T16:38:08Z,,17,UCJZqPyfUdhsgEdX3-he3ZVQ,PT24S,hd,False,False,,591.0,2.0,0.0,public,youtube,"['https://en.wikipedia.org/wiki/Hobby', 'https://en.wikipedia.org/wiki/Lifestyle_(sociology)']"
SM6Dasy_HSY,Kuutsekas 18-Aprill-2015,2015-04-20T14:12:38Z,,17,UCJZqPyfUdhsgEdX3-he3ZVQ,PT49S,hd,False,False,,78.0,2.0,0.0,public,youtube,"['https://en.wikipedia.org/wiki/Hobby', 'https://en.wikipedia.org/wiki/Lifestyle_(sociology)']"
Xro_g3tqc5o,Time-Lapse Test Sony HDR-AS100VR Kuutsemägi 18-Aprill-2015,2015-04-20T12:06:56Z,,17,UCJZqPyfUdhsgEdX3-he3ZVQ,PT1M46S,hd,False,False,,94.0,1.0,0.0,public,youtube,['https://en.wikipedia.org/wiki/Hobby']
d6gIkQ1G23o,Anne Kanal 17-Aprill-2015,2015-04-17T09:44:48Z,,17,UCJZqPyfUdhsgEdX3-he3ZVQ,PT56S,hd,False,False,,125.0,0.0,0.0,public,youtube,['https://en.wikipedia.org/wiki/Lifestyle_(sociology)']
1E0JTj01jQU,Porijõgi-Emajõgi ujumiskanali ametlik avamine 31-Märts-2015,2015-03-31T11:59:12Z,,17,UCJZqPyfUdhsgEdX3-he3ZVQ,PT1M26S,hd,False,False,,256.0,1.0,0.0,public,youtube,['https://en.wikipedia.org/wiki/Lifestyle_(sociology)']
Ixz7mS_IxtQ,QC Kids Open  28-March-2015,2015-03-30T08:43:52Z,"['QC', 'Kuutsekas', 'Kuutsemägi', 'Kuutsemäe', 'Rahinge', 'Slopestyle', 'Munakas', 'Germandia', 'Cork 720', 'Karneval', 'Box']",17,UCJZqPyfUdhsgEdX3-he3ZVQ,PT51S,hd,False,False,,96.0,1.0,0.0,public,youtube,"['https://en.wikipedia.org/wiki/Hobby', 'https://en.wikipedia.org/wiki/Lifestyle_(sociology)']"
JOt8p4xmIdQ,First Ever Cork 720 on Box ?,2015-03-28T15:46:00Z,,17,UCJZqPyfUdhsgEdX3-he3ZVQ,PT11S,hd,False,False,,127.0,1.0,0.0,public,youtube,"['https://en.wikipedia.org/wiki/Hobby', 'https://en.wikipedia.org/wiki/Lifestyle_(sociology)']"
es4DSKoLN6E,Kassitoome Kassikas 15-Aprill-2013 TV3 Aprillinaljad,2015-03-27T10:50:32Z,,17,UCJZqPyfUdhsgEdX3-he3ZVQ,PT2M31S,sd,False,False,,1082.0,17.0,0.0,public,youtube,['https://en.wikipedia.org/wiki/Entertainment']
oVaO53sVUUk,Oliver Karindi Season Edit 2015 ( NOT) :),2015-03-23T12:26:14Z,,17,UCJZqPyfUdhsgEdX3-he3ZVQ,PT47S,hd,False,False,,67.0,0.0,0.0,public,youtube,"['https://en.wikipedia.org/wiki/Hobby', 'https://en.wikipedia.org/wiki/Lifestyle_(sociology)']"
xMMkfvsMZYQ,Kuutsekas 22-March-2015,2015-03-23T08:50:14Z,,17,UCJZqPyfUdhsgEdX3-he3ZVQ,PT15S,hd,False,False,,24.0,0.0,0.0,public,youtube,"['https://en.wikipedia.org/wiki/Hobby', 'https://en.wikipedia.org/wiki/Lifestyle_(sociology)']"
e1Vb8LjgwqA,"Anne Kanal 19-Märts-2015 Jüri Homenja ""Klaver"" Vesi +2*C",2015-03-19T12:34:33Z,"['Jüri Homenja', 'Klaver', 'Anne Kanal', 'Tartu', 'Winter swimming', 'Ice swimming']",17,UCJZqPyfUdhsgEdX3-he3ZVQ,PT2M51S,hd,False,False,,334.0,0.0,0.0,public,youtube,
XslOLxBtbw8,Kuutsemägi 15-March-2015 Some New Tricks,2015-03-16T13:21:41Z,,17,UCJZqPyfUdhsgEdX3-he3ZVQ,PT21S,hd,False,False,,53.0,0.0,0.0,public,youtube,"['https://en.wikipedia.org/wiki/Hobby', 'https://en.wikipedia.org/wiki/Lifestyle_(sociology)']"
guAKGCgFwDc,"Kuutsemägi 15-March-2015 Corcked zero spin, cork zero",2015-03-16T10:58:01Z,,17,UCJZqPyfUdhsgEdX3-he3ZVQ,PT10S,hd,False,False,,163.0,0.0,0.0,public,youtube,"['https://en.wikipedia.org/wiki/Hobby', 'https://en.wikipedia.org/wiki/Lifestyle_(sociology)']"
vlEr7NGExVQ,Marjamägi 15-March-2015,2015-03-16T10:20:23Z,,17,UCJZqPyfUdhsgEdX3-he3ZVQ,PT1M24S,hd,False,False,,95.0,0.0,0.0,public,youtube,"['https://en.wikipedia.org/wiki/Hobby', 'https://en.wikipedia.org/wiki/Lifestyle_(sociology)']"
Al4SBv8YXhM,Munakas 07-08 March- 2015,2015-03-09T08:59:34Z,,17,UCJZqPyfUdhsgEdX3-he3ZVQ,PT15S,hd,False,False,,71.0,0.0,0.0,public,youtube,"['https://en.wikipedia.org/wiki/Hobby', 'https://en.wikipedia.org/wiki/Lifestyle_(sociology)']"
k-BspV1OppA,EESTI VALDADE TALIMÄNGUD MÄESUUSATAMINE MEHED U16 KUUTSEMÄGI 28-VEEBR-2015,2015-03-02T12:27:07Z,,17,UCJZqPyfUdhsgEdX3-he3ZVQ,PT51S,hd,False,False,,259.0,0.0,0.0,public,youtube,['https://en.wikipedia.org/wiki/Sport']
ozcNHpgQblk,Kairit & Priit Reiman Pingviinide Paraad 24-Veebr-2015,2015-02-25T17:48:06Z,,17,UCJZqPyfUdhsgEdX3-he3ZVQ,PT1M20S,hd,False,False,,348.0,1.0,0.0,public,youtube,['https://en.wikipedia.org/wiki/Lifestyle_(sociology)']
gPxgFjzbs2Q,Pingviinide Paraad 24-Veebr-2015,2015-02-25T10:36:55Z,,17,UCJZqPyfUdhsgEdX3-he3ZVQ,PT2M7S,hd,False,False,,198.0,0.0,0.0,public,youtube,['https://en.wikipedia.org/wiki/Lifestyle_(sociology)']
X07-mQCzGdM,New Generation New Tricks 180 & 360 Degrees :)  Munakas 15-Feb-2015,2015-02-16T09:37:59Z,"['Munakas', 'Väike Munamägi', 'Ski 180', 'Ski 360', 'germandia', 'rahinge']",17,UCJZqPyfUdhsgEdX3-he3ZVQ,PT18S,hd,False,False,,82.0,0.0,0.0,public,youtube,['https://en.wikipedia.org/wiki/Lifestyle_(sociology)']
fEXa8cXdets,Canada Ski Trip Movie 2015 ( Mount St. Louis Moonstone ),2015-02-04T23:48:20Z,"['Sildaru', 'Kelly Sildaru', 'Henry Sildaru', 'Rahinge', 'Germandia', 'Ski', 'Mount St. Louis Moonstone (Ski Area)', 'Snow', 'Canada', 'Toronto', 'Winter', 'Skiing (Sport)', 'mattias nöps', 'Canada Open', 'Crash']",17,UCJZqPyfUdhsgEdX3-he3ZVQ,PT3M49S,hd,False,False,,1575.0,7.0,0.0,public,youtube,"['https://en.wikipedia.org/wiki/Lifestyle_(sociology)', 'https://en.wikipedia.org/wiki/Tourism']"
02NdRtfa2fw,SmallAir Crash Canada 2015,2015-02-03T19:06:23Z,,17,UCJZqPyfUdhsgEdX3-he3ZVQ,PT16S,hd,False,False,,31.0,0.0,0.0,public,youtube,['https://en.wikipedia.org/wiki/Lifestyle_(sociology)']
uiD-IpIq7os,Munakas SmallAir* 10-Jaan-2015,2015-01-12T11:08:28Z,,17,UCJZqPyfUdhsgEdX3-he3ZVQ,PT20S,hd,False,False,,213.0,0.0,0.0,public,youtube,['https://en.wikipedia.org/wiki/Lifestyle_(sociology)']
Oxr1TbhrSwQ,Metsaääre SnowPark 04-Jan-2015,2015-01-04T14:27:27Z,,17,UCJZqPyfUdhsgEdX3-he3ZVQ,PT14S,hd,False,False,,22.0,0.0,0.0,public,youtube,['https://en.wikipedia.org/wiki/Lifestyle_(sociology)']
p0sd9H28-c4,"Aastalõpu Pesemis Festival 31-Dets-2014 Kell:14.00  Anne Kanal , Tartu , Eesti Vabariik",2014-12-31T18:48:48Z,"['Anne Kanal', 'Tartu', 'Taliujumine', '31 detsember', 'Head vana aasta lõppu', 'Winter swimming', 'Ice swimming', 'Eesti', 'Estonia']",17,UCJZqPyfUdhsgEdX3-he3ZVQ,PT8M50S,hd,False,False,,405.0,2.0,0.0,public,youtube,['https://en.wikipedia.org/wiki/Lifestyle_(sociology)']
yo-8poX60KE,Germandia Bungee Test 28-Dec-2014,2014-12-29T10:26:03Z,,17,UCJZqPyfUdhsgEdX3-he3ZVQ,PT21S,hd,False,False,,31.0,1.0,0.0,public,youtube,"['https://en.wikipedia.org/wiki/Hobby', 'https://en.wikipedia.org/wiki/Lifestyle_(sociology)']"
mG2WxWebuQQ,Metsaääre SnowPark Bungee 27-Dec-2014,2014-12-27T17:52:46Z,,17,UCJZqPyfUdhsgEdX3-he3ZVQ,PT23S,hd,False,False,,54.0,0.0,0.0,public,youtube,['https://en.wikipedia.org/wiki/Lifestyle_(sociology)']
kGHb3CjAMj8,Metsaääre SnowPark Bungee test  25-Dec-2014,2014-12-25T14:29:15Z,,17,UCJZqPyfUdhsgEdX3-he3ZVQ,PT17S,hd,False,False,,137.0,0.0,0.0,public,youtube,['https://en.wikipedia.org/wiki/Lifestyle_(sociology)']
Fk72RMJ69cQ,Kuutsemägi BigAir 21-Dec-2014 Crash,2014-12-21T20:55:46Z,,17,UCJZqPyfUdhsgEdX3-he3ZVQ,PT24S,hd,False,False,,172.0,0.0,0.0,public,youtube,"['https://en.wikipedia.org/wiki/Hobby', 'https://en.wikipedia.org/wiki/Lifestyle_(sociology)']"
OW1fIQJ2284,Kuutsekas 30-Nov-2014 Crash,2014-12-01T16:53:16Z,,17,UCJZqPyfUdhsgEdX3-he3ZVQ,PT26S,hd,False,False,,46.0,0.0,0.0,public,youtube,['https://en.wikipedia.org/wiki/Lifestyle_(sociology)']
gDNX3laGt20,Kuutsemägi 30-Nov-2014,2014-12-01T14:42:07Z,,17,UCJZqPyfUdhsgEdX3-he3ZVQ,PT43S,hd,False,False,,165.0,0.0,0.0,public,youtube,['https://en.wikipedia.org/wiki/Lifestyle_(sociology)']
Sy4BcNGBuTs,"Eesti Politsei 96 Ujumine Emajõgi 12-Nov-2014 Vesi +4,5*C Õhk +9*C",2014-11-12T13:50:49Z,"['Eesti', 'Eesti politsei', 'Emajõgi', 'Ujumine', 'Tartu', 'Taliujumine', 'winter swimming', 'ice swimming', 'estonian police', 'estonia', 'police', 'COP']",17,UCJZqPyfUdhsgEdX3-he3ZVQ,PT1M33S,hd,False,False,,812.0,0.0,0.0,public,youtube,['https://en.wikipedia.org/wiki/Lifestyle_(sociology)']
Ykg38lQxMro,"Father's Day at Rahinge, 09-Nov-2014",2014-11-10T18:18:27Z,"['rahinge', ""Father's Day"", 'skiing', 'ski', 'Bigair', 'snow', 'germandia']",17,UCJZqPyfUdhsgEdX3-he3ZVQ,PT10S,hd,False,False,,35.0,0.0,0.0,public,youtube,['https://en.wikipedia.org/wiki/Lifestyle_(sociology)']
PeRuTu4ePIg,Rahinge 09-Nov-2014 Somersault Fail,2014-11-10T12:43:34Z,,17,UCJZqPyfUdhsgEdX3-he3ZVQ,PT18S,hd,False,False,,43.0,1.0,0.0,public,youtube,"['https://en.wikipedia.org/wiki/Hobby', 'https://en.wikipedia.org/wiki/Lifestyle_(sociology)']"
-e99S8m0was,Rahinge 09-Nov-2014,2014-11-10T12:11:32Z,,17,UCJZqPyfUdhsgEdX3-he3ZVQ,PT17S,hd,False,False,,24.0,0.0,0.0,public,youtube,"['https://en.wikipedia.org/wiki/Hobby', 'https://en.wikipedia.org/wiki/Lifestyle_(sociology)']"
9YumLzn8KyU,ForestSkiing- Forest Ski Segment From  RealSkiEE,2014-10-05T07:05:32Z,"['ForestSkiing', 'Forest', 'Skiing', 'RealSkiEE', 'Rahinge', 'Germandia', 'Snow', 'Forest Ski']",17,UCJZqPyfUdhsgEdX3-he3ZVQ,PT37S,hd,False,False,,134.0,0.0,0.0,public,youtube,"['https://en.wikipedia.org/wiki/Hobby', 'https://en.wikipedia.org/wiki/Lifestyle_(sociology)']"
bmIjXGOVlMY,Rahinge Slip 'N Slide,2014-10-02T05:07:48Z,"['rahinge', ""Slip 'N Slide""]",17,UCJZqPyfUdhsgEdX3-he3ZVQ,PT7S,hd,False,False,,107.0,0.0,0.0,public,youtube,['https://en.wikipedia.org/wiki/Lifestyle_(sociology)']
QW_BXC4f6M8,"Sony HDR-AS100V ""paneb näkku""",2014-09-20T08:17:15Z,,17,UCJZqPyfUdhsgEdX3-he3ZVQ,PT17S,hd,False,False,,35.0,0.0,0.0,public,youtube,['https://en.wikipedia.org/wiki/Technology']
BHEMo6hmmys,Latvia Ski Trip 13-Sept- 2014,2014-09-15T09:21:07Z,"['Baldones WaterRamp;', 'Marupe Wake Park', 'Baldones Waterjump', 'Stereo wakeski', 'Boont wakeski', 'Rahinge', 'ski trip', 'Latvia', 'Skiing (Sport)', 'Waterskiing (Sport)']",17,UCJZqPyfUdhsgEdX3-he3ZVQ,PT1M4S,hd,False,False,,199.0,2.0,0.0,public,youtube,['https://en.wikipedia.org/wiki/Lifestyle_(sociology)']
TRFYXDoKCVY,wildlife trampoline training,2014-09-15T07:48:10Z,,17,UCJZqPyfUdhsgEdX3-he3ZVQ,PT12S,hd,False,False,,71.0,0.0,0.0,public,youtube,['https://en.wikipedia.org/wiki/Lifestyle_(sociology)']
b3AXZx_wpkU,Snap Wake Open Final Rahinge 30-Aug-2014 Waterramp DEMO,2014-09-02T20:46:38Z,,17,UCJZqPyfUdhsgEdX3-he3ZVQ,PT2M44S,hd,False,False,,461.0,0.0,0.0,public,youtube,"['https://en.wikipedia.org/wiki/Hobby', 'https://en.wikipedia.org/wiki/Lifestyle_(sociology)']"
9SsWaRHewl4,SNAP Wake Open 2014 FINAL Rahinge 29-Aug-2014 WakeSki StereoSki Mart Nöps Run,2014-08-30T08:48:47Z,,17,UCJZqPyfUdhsgEdX3-he3ZVQ,PT1M38S,hd,False,False,,249.0,1.0,0.0,public,youtube,"['https://en.wikipedia.org/wiki/Hobby', 'https://en.wikipedia.org/wiki/Lifestyle_(sociology)']"
2x36DKpgmMg,Simon Pettai Small Crash at Rahinge 29-Aug-2014,2014-08-30T07:15:07Z,,17,UCJZqPyfUdhsgEdX3-he3ZVQ,PT22S,hd,False,False,,305.0,0.0,0.0,public,youtube,"['https://en.wikipedia.org/wiki/Hobby', 'https://en.wikipedia.org/wiki/Lifestyle_(sociology)', 'https://en.wikipedia.org/wiki/Vehicle']"
Uf-ZxIMvaVA,Warco 24-aug-2014 part2,2014-08-25T20:43:20Z,,17,UCJZqPyfUdhsgEdX3-he3ZVQ,PT3M49S,sd,False,False,,16.0,0.0,0.0,public,youtube,
SdenvJtJ4K8,Warco 24-aug-2014 part1,2014-08-25T19:24:19Z,,17,UCJZqPyfUdhsgEdX3-he3ZVQ,PT7M14S,sd,False,False,,36.0,0.0,0.0,public,youtube,"['https://en.wikipedia.org/wiki/Lifestyle_(sociology)', 'https://en.wikipedia.org/wiki/Pet']"
HpqxuvgQwSA,Vooremägi Timelapse Uus 02 aug 2014,2014-08-04T07:13:22Z,,17,UCJZqPyfUdhsgEdX3-he3ZVQ,PT1M26S,hd,False,False,,42.0,0.0,0.0,public,youtube,['https://en.wikipedia.org/wiki/Lifestyle_(sociology)']
zbXOav3eOvg,Mattias sai endale suupilli 09-juuli-2014,2014-07-10T11:20:07Z,,17,UCJZqPyfUdhsgEdX3-he3ZVQ,PT46S,hd,False,False,,288.0,2.0,0.0,public,youtube,['https://en.wikipedia.org/wiki/Lifestyle_(sociology)']
lvaAFf7vVVc,Rahinge 20-May-2014 before thunder / enne äikese tormi,2014-05-21T12:40:25Z,,17,UCJZqPyfUdhsgEdX3-he3ZVQ,PT3M9S,hd,False,False,,176.0,2.0,0.0,public,youtube,
EIbVZzSdlyA,Põrnikad KevadJämm 13-May-2014 Part-2,2014-05-16T18:51:25Z,,17,UCJZqPyfUdhsgEdX3-he3ZVQ,PT7M14S,hd,False,False,,18.0,0.0,0.0,public,youtube,"['https://en.wikipedia.org/wiki/Hobby', 'https://en.wikipedia.org/wiki/Lifestyle_(sociology)', 'https://en.wikipedia.org/wiki/Performing_arts']"
xkZt-Rms0CA,Põrnikad KevadJämm 13-May-2014 Part-1,2014-05-14T18:23:55Z,,17,UCJZqPyfUdhsgEdX3-he3ZVQ,PT22M26S,hd,False,False,,31.0,0.0,0.0,public,youtube,['https://en.wikipedia.org/wiki/Lifestyle_(sociology)']
J1jp8GjWLU4,International Mother's Day with Father :)  at Tähtvere Snowpark 11-May-2014,2014-05-12T10:11:21Z,"[""Mother's Day (Holiday)"", 'Tähtvere', 'Father', 'Ski', 'rahinge', 'germandia', 'snowpark', 'Urban ski', 'gravitis bungee']",17,UCJZqPyfUdhsgEdX3-he3ZVQ,PT41S,hd,False,False,,98.0,0.0,0.0,public,youtube,['https://en.wikipedia.org/wiki/Lifestyle_(sociology)']
0pETzvs9STc,Timelapse 11-May-2014 Tähtvere SnowPark,2014-05-12T07:29:19Z,,17,UCJZqPyfUdhsgEdX3-he3ZVQ,PT36S,hd,False,False,,23.0,0.0,0.0,public,youtube,
bBsMXLyF3PE,RealSkiEE 26-April-2014,2014-04-26T19:52:57Z,,17,UCJZqPyfUdhsgEdX3-he3ZVQ,PT29S,hd,False,False,,94.0,1.0,0.0,public,youtube,['https://en.wikipedia.org/wiki/Lifestyle_(sociology)']
0gVUXRVO4es,JormaToruKunn,2014-04-13T20:55:39Z,,17,UCJZqPyfUdhsgEdX3-he3ZVQ,PT6S,hd,False,False,,134.0,0.0,0.0,public,youtube,['https://en.wikipedia.org/wiki/Lifestyle_(sociology)']
cqTM19fFVzA,Tähtvere Chad's Gap 13-Apr-2014,2014-04-13T14:48:36Z,,17,UCJZqPyfUdhsgEdX3-he3ZVQ,PT7S,hd,False,False,,93.0,0.0,0.0,public,youtube,['https://en.wikipedia.org/wiki/Lifestyle_(sociology)']
MqJrOs1WZBE,Kuutsemäe 05-Apr- 2014 Test Run,2014-04-06T08:05:04Z,,17,UCJZqPyfUdhsgEdX3-he3ZVQ,PT22S,hd,False,False,,308.0,1.0,0.0,public,youtube,['https://en.wikipedia.org/wiki/Lifestyle_(sociology)']
KMzdE-NwUxQ,CRAZY Skiing With no Snow!!! Kassitoome 01-Apr-2014 RealSkiEE,2014-04-01T15:19:13Z,"['01 aprill', 'Kassitoome', 'Kassikas', 'Urban skiing', 'Powder skiing', 'rahinge', 'germandia', 'gravitis bungee', '180 degrees', 'switch skiing', 'water ski', 'stereo ski', 'skiing in to water', 'Pond Skim']",17,UCJZqPyfUdhsgEdX3-he3ZVQ,PT1M21S,hd,False,False,,1962.0,6.0,1.0,public,youtube,['https://en.wikipedia.org/wiki/Lifestyle_(sociology)']
TdwU_TE7uAc,AnneKanal 27- March- 2014,2014-03-27T13:43:39Z,,22,UCJZqPyfUdhsgEdX3-he3ZVQ,PT50S,hd,False,False,,96.0,0.0,0.0,public,youtube,"['https://en.wikipedia.org/wiki/Hobby', 'https://en.wikipedia.org/wiki/Lifestyle_(sociology)']"
dgH0yGT86cM,Rahinge 2011 Backflip Drink,2014-03-25T16:53:34Z,,22,UCJZqPyfUdhsgEdX3-he3ZVQ,PT5S,hd,False,False,,69.0,0.0,0.0,public,youtube,"['https://en.wikipedia.org/wiki/Hobby', 'https://en.wikipedia.org/wiki/Lifestyle_(sociology)']"
a1eYJHnCYG0,Kuutsemägi 23-March-2014,2014-03-24T09:50:21Z,,22,UCJZqPyfUdhsgEdX3-he3ZVQ,PT35S,hd,False,False,,123.0,0.0,0.0,public,youtube,"['https://en.wikipedia.org/wiki/Hobby', 'https://en.wikipedia.org/wiki/Lifestyle_(sociology)']"
3v-SFxPoNhg,Germandia Bungee Test Part-3,2014-03-17T13:10:50Z,,22,UCJZqPyfUdhsgEdX3-he3ZVQ,PT59S,hd,False,False,,57.0,0.0,0.0,public,youtube,"['https://en.wikipedia.org/wiki/Hobby', 'https://en.wikipedia.org/wiki/Lifestyle_(sociology)']"
NToeUpCa4HQ,Timelaps 15-March-2014 Ülenurme,2014-03-17T10:31:26Z,,22,UCJZqPyfUdhsgEdX3-he3ZVQ,PT36S,hd,False,False,,49.0,0.0,0.0,public,youtube,
zabn82wagV4,FrontFlip (NotLanded) Kuutsekas 16-March-2014,2014-03-16T15:08:14Z,"['Front Flip', 'Ski FrontFlip', 'crash']",22,UCJZqPyfUdhsgEdX3-he3ZVQ,PT17S,hd,False,False,,204.0,3.0,0.0,public,youtube,"['https://en.wikipedia.org/wiki/Hobby', 'https://en.wikipedia.org/wiki/Lifestyle_(sociology)']"
ojU9k3iBfRM,Speed Skiing  World Record ( or NOT)  at Munakas ( 08-March-2014),2014-03-09T07:45:05Z,"['Munakas', 'Munamägi', 'Naistepäev', 'Speed Skiing World Record', 'Sööstlaskumine']",22,UCJZqPyfUdhsgEdX3-he3ZVQ,PT55S,hd,False,False,,684.0,1.0,0.0,public,youtube,"['https://en.wikipedia.org/wiki/Hobby', 'https://en.wikipedia.org/wiki/Lifestyle_(sociology)']"
EyN4Mq-Ccq0,Lesson nr 3 : Learning  to Ski Switch ( or Not :-) ),2014-03-02T15:19:54Z,,22,UCJZqPyfUdhsgEdX3-he3ZVQ,PT45S,hd,False,False,,140.0,0.0,0.0,public,youtube,"['https://en.wikipedia.org/wiki/Hobby', 'https://en.wikipedia.org/wiki/Lifestyle_(sociology)']"
I1uTfzSkAA0,Germandia Bungee Test Part 2,2014-02-15T17:26:21Z,,22,UCJZqPyfUdhsgEdX3-he3ZVQ,PT19S,hd,False,False,,102.0,0.0,0.0,public,youtube,"['https://en.wikipedia.org/wiki/Hobby', 'https://en.wikipedia.org/wiki/Lifestyle_(sociology)']"
S4Jw8Hewe2U,Anne Kanal 13-Veebr-2014,2014-02-13T16:51:13Z,,22,UCJZqPyfUdhsgEdX3-he3ZVQ,PT1M30S,hd,False,False,,54.0,0.0,0.0,public,youtube,
fYxV1tY6R7E,Canada Ski Trip Movie 2014 ( Mount St. Louis Moonstone ),2014-02-12T06:57:05Z,"['Mount St. Louis Moonstone', 'Canada (Country)', 'Ski movie', 'Rahinge', 'Germandia', 'Orillia (City/Town/Village)', 'big jump', 'very big kicker', 'long rail', 'longest rail', 'crash', 'biggest crash ever', 'mattias nöps', '4 year old skier']",22,UCJZqPyfUdhsgEdX3-he3ZVQ,PT3M31S,hd,False,False,,2213.0,9.0,0.0,public,youtube,['https://en.wikipedia.org/wiki/Lifestyle_(sociology)']
cKYtyGGA2iw,Lesson Nr.2  How to ski on the stairs,2014-02-03T01:35:56Z,,22,UCJZqPyfUdhsgEdX3-he3ZVQ,PT9S,hd,False,False,,96.0,0.0,0.0,public,youtube,['https://en.wikipedia.org/wiki/Lifestyle_(sociology)']
E-gc9sShaIk,Munakas 25 jaan 2014,2014-01-26T08:12:38Z,,22,UCJZqPyfUdhsgEdX3-he3ZVQ,PT44S,hd,False,False,,95.0,0.0,0.0,public,youtube,['https://en.wikipedia.org/wiki/Lifestyle_(sociology)']
S_GFf0sJj0c,Kuutsekas 19-jaan-2014,2014-01-19T17:18:13Z,,22,UCJZqPyfUdhsgEdX3-he3ZVQ,PT16S,hd,False,False,,68.0,0.0,0.0,public,youtube,['https://en.wikipedia.org/wiki/Lifestyle_(sociology)']
17v1nsFISeQ,Mattias @  First Bungee 2014,2014-01-12T13:20:22Z,,17,UCJZqPyfUdhsgEdX3-he3ZVQ,PT13S,hd,False,False,,90.0,3.0,0.0,public,youtube,['https://en.wikipedia.org/wiki/Lifestyle_(sociology)']
T8CSzHHxeUU,Helmet Test,2014-01-12T12:28:51Z,,17,UCJZqPyfUdhsgEdX3-he3ZVQ,PT13S,hd,False,False,,58.0,0.0,0.0,public,youtube,['https://en.wikipedia.org/wiki/Lifestyle_(sociology)']
cfbxUQzTlaI,2014 First Snow,2014-01-12T12:08:35Z,,17,UCJZqPyfUdhsgEdX3-he3ZVQ,PT13S,hd,False,False,,45.0,0.0,0.0,public,youtube,['https://en.wikipedia.org/wiki/Lifestyle_(sociology)']
9lun9DfEHcE,Mattias @ Kuutsemägi 05-Jaan-2014,2014-01-06T09:43:43Z,"['King of the box', 'Kuutsemägi']",17,UCJZqPyfUdhsgEdX3-he3ZVQ,PT8S,hd,False,False,,209.0,1.0,0.0,public,youtube,"['https://en.wikipedia.org/wiki/Hobby', 'https://en.wikipedia.org/wiki/Lifestyle_(sociology)']"
8Fn1Bx8Ty4A,Mattias @ Kuutsemägi 29-Dec-2013,2013-12-29T15:58:38Z,,17,UCJZqPyfUdhsgEdX3-he3ZVQ,PT29S,sd,False,False,,69.0,0.0,0.0,public,youtube,"['https://en.wikipedia.org/wiki/Hobby', 'https://en.wikipedia.org/wiki/Lifestyle_(sociology)']"
PeeLXh5qrqw,One Lap with Mattias @ Kuutsemägi 26 Dec 2013,2013-12-26T17:08:12Z,,17,UCJZqPyfUdhsgEdX3-he3ZVQ,PT1M1S,hd,False,False,,137.0,2.0,0.0,public,youtube,"['https://en.wikipedia.org/wiki/Hobby', 'https://en.wikipedia.org/wiki/Lifestyle_(sociology)']"
pFs9CSo75HU,Rahinge Xmas Jam 24-Dec-2013,2013-12-25T07:13:20Z,,17,UCJZqPyfUdhsgEdX3-he3ZVQ,PT33S,hd,False,False,,329.0,3.0,0.0,public,youtube,"['https://en.wikipedia.org/wiki/Hobby', 'https://en.wikipedia.org/wiki/Music']"
MTqR1luaBlo,Duell 21 Dec 2013,2013-12-21T19:14:54Z,,17,UCJZqPyfUdhsgEdX3-he3ZVQ,PT37S,hd,False,False,,132.0,0.0,0.0,public,youtube,"['https://en.wikipedia.org/wiki/Hobby', 'https://en.wikipedia.org/wiki/Lifestyle_(sociology)']"
bemhwkyYR7I,Germandia Bungee Test Part 1,2013-11-17T15:21:37Z,"['germandia', 'bungee', 'test', 'banshee bungee']",17,UCJZqPyfUdhsgEdX3-he3ZVQ,PT1M,hd,False,False,,852.0,6.0,0.0,public,youtube,"['https://en.wikipedia.org/wiki/Hobby', 'https://en.wikipedia.org/wiki/Lifestyle_(sociology)']"
6vdlrPO1-Cc,Hobustemäe EestiMeistrikad 50M allamäge jooksus 03-Nov-2013,2013-11-03T18:56:20Z,,17,UCJZqPyfUdhsgEdX3-he3ZVQ,PT16S,hd,False,False,,45.0,0.0,0.0,public,youtube,['https://en.wikipedia.org/wiki/Lifestyle_(sociology)']
qwzZ9soSGW0,Ülenurme Time-Lapse  19-Oct-2013,2013-10-19T17:05:42Z,,17,UCJZqPyfUdhsgEdX3-he3ZVQ,PT18S,hd,False,False,,81.0,0.0,0.0,public,youtube,
KPoDYWlmazo,"Rahinge 13-Sept-2013 ""Toika"" Test",2013-09-13T20:03:49Z,,17,UCJZqPyfUdhsgEdX3-he3ZVQ,PT18S,hd,False,False,,45.0,0.0,0.0,public,youtube,['https://en.wikipedia.org/wiki/Lifestyle_(sociology)']
qCyy76ePQdY,Rahinge 13-Sept-2013,2013-09-13T19:30:44Z,,17,UCJZqPyfUdhsgEdX3-he3ZVQ,PT10S,hd,False,False,,53.0,0.0,0.0,public,youtube,"['https://en.wikipedia.org/wiki/Hobby', 'https://en.wikipedia.org/wiki/Lifestyle_(sociology)']"
7ktsdf3KC7M,Rahinge 07-Sept-2013,2013-09-07T13:56:27Z,"['Stereo ski', 'Wakeski', 'Rahinge', 'Backflip']",17,UCJZqPyfUdhsgEdX3-he3ZVQ,PT23S,hd,False,False,,185.0,0.0,0.0,public,youtube,['https://en.wikipedia.org/wiki/Lifestyle_(sociology)']
EWoEzZ6DLzo,Rahinge 20-aug-2013,2013-08-20T18:25:25Z,,17,UCJZqPyfUdhsgEdX3-he3ZVQ,PT31S,hd,False,False,,86.0,2.0,0.0,public,youtube,['https://en.wikipedia.org/wiki/Lifestyle_(sociology)']
nJDXu7UfbQA,Rahinge 17-aug-2013 cork720 60Fps,2013-08-17T13:45:50Z,,17,UCJZqPyfUdhsgEdX3-he3ZVQ,PT10S,hd,False,False,,207.0,0.0,0.0,public,youtube,['https://en.wikipedia.org/wiki/Lifestyle_(sociology)']
kmRtEy0WLBY,Rahinge  16-Aug-2013,2013-08-16T20:18:25Z,,17,UCJZqPyfUdhsgEdX3-he3ZVQ,PT51S,hd,False,False,,32.0,0.0,0.0,public,youtube,['https://en.wikipedia.org/wiki/Lifestyle_(sociology)']
3_IC6sij3Xo,"Just ""another"" training day at Rahinge part2  13-Aug-2013",2013-08-14T11:32:49Z,,17,UCJZqPyfUdhsgEdX3-he3ZVQ,PT37S,hd,False,False,,55.0,0.0,0.0,public,youtube,['https://en.wikipedia.org/wiki/Lifestyle_(sociology)']
CH_7UEt6P9U,The Basement King - Official Trailer Full VGA,2013-08-08T05:12:25Z,,17,UCJZqPyfUdhsgEdX3-he3ZVQ,PT14S,hd,False,False,,82.0,0.0,0.0,public,youtube,"['https://en.wikipedia.org/wiki/Hobby', 'https://en.wikipedia.org/wiki/Lifestyle_(sociology)']"
2j40-WhSNm4,Rahinge 28 juuli 2013,2013-07-28T18:58:35Z,,17,UCJZqPyfUdhsgEdX3-he3ZVQ,PT51S,hd,False,False,,69.0,0.0,0.0,public,youtube,['https://en.wikipedia.org/wiki/Lifestyle_(sociology)']
6Sdc3i4Zbzg,Rahinge 09 july 2013 Stepup kicker,2013-07-10T15:28:31Z,,17,UCJZqPyfUdhsgEdX3-he3ZVQ,PT9S,hd,False,False,,59.0,0.0,0.0,public,youtube,['https://en.wikipedia.org/wiki/Lifestyle_(sociology)']
JJ6ps5Wz_-A,JormaFirstEver1080TailCraaaab,2013-07-08T19:14:28Z,,17,UCJZqPyfUdhsgEdX3-he3ZVQ,PT8S,hd,False,False,,40.0,0.0,0.0,public,youtube,"['https://en.wikipedia.org/wiki/Hobby', 'https://en.wikipedia.org/wiki/Lifestyle_(sociology)']"
tIbYaupDf1w,Rahinge 03 Juuli 2013 WaterTramp,2013-07-03T06:45:10Z,,17,UCJZqPyfUdhsgEdX3-he3ZVQ,PT9S,hd,False,False,,94.0,0.0,0.0,public,youtube,"['https://en.wikipedia.org/wiki/Hobby', 'https://en.wikipedia.org/wiki/Lifestyle_(sociology)']"
5pqmzUO5TcY,Rahinge 17- june- 2013,2013-06-16T21:50:25Z,,17,UCJZqPyfUdhsgEdX3-he3ZVQ,PT33S,hd,False,False,,48.0,0.0,0.0,public,youtube,"['https://en.wikipedia.org/wiki/Hobby', 'https://en.wikipedia.org/wiki/Lifestyle_(sociology)']"
PFlTJ0Cfnzs,"Just ""another"" training day at Rahinge 11-June-2013",2013-06-12T11:52:13Z,,17,UCJZqPyfUdhsgEdX3-he3ZVQ,PT1M14S,hd,False,False,,229.0,3.0,2.0,public,youtube,"['https://en.wikipedia.org/wiki/Hobby', 'https://en.wikipedia.org/wiki/Lifestyle_(sociology)']"
4Dlfg0auHBw,Rahinge 05- june- 2013,2013-06-05T19:00:31Z,,17,UCJZqPyfUdhsgEdX3-he3ZVQ,PT30S,hd,False,False,,27.0,0.0,0.0,public,youtube,['https://en.wikipedia.org/wiki/Hobby']
5O33kIa1xok,Rahinge 28-May-2013,2013-05-28T19:03:03Z,,17,UCJZqPyfUdhsgEdX3-he3ZVQ,PT38S,hd,False,False,,37.0,0.0,0.0,public,youtube,
uJU2sZ2C-7k,Jorma Duubeldab,2013-05-28T07:12:00Z,,17,UCJZqPyfUdhsgEdX3-he3ZVQ,PT14S,hd,False,False,,28.0,0.0,0.0,public,youtube,
bXd-NSRrSTw,Rahinge 26-May-2013,2013-05-26T10:31:58Z,,17,UCJZqPyfUdhsgEdX3-he3ZVQ,PT18S,hd,False,False,,140.0,0.0,0.0,public,youtube,"['https://en.wikipedia.org/wiki/Hobby', 'https://en.wikipedia.org/wiki/Lifestyle_(sociology)']"
ccy6UfdI9tw,Rahinge 17-May-2013,2013-05-17T19:42:33Z,"['Rahinge', 'stereoski', 'wakeski', 'frontflip', 'backflip']",17,UCJZqPyfUdhsgEdX3-he3ZVQ,PT18S,hd,False,False,,70.0,1.0,0.0,public,youtube,['https://en.wikipedia.org/wiki/Lifestyle_(sociology)']
IhdhLk2fU1s,Rahinge 14-May-2013,2013-05-14T18:47:46Z,,17,UCJZqPyfUdhsgEdX3-he3ZVQ,PT27S,hd,False,False,,24.0,0.0,0.0,public,youtube,"['https://en.wikipedia.org/wiki/Hobby', 'https://en.wikipedia.org/wiki/Lifestyle_(sociology)']"
JkpVGWnjBLo,Kuidas teha kabrioletti,2013-05-14T08:14:46Z,,17,UCJZqPyfUdhsgEdX3-he3ZVQ,PT26S,hd,False,False,,90.0,0.0,0.0,public,youtube,"['https://en.wikipedia.org/wiki/Hobby', 'https://en.wikipedia.org/wiki/Lifestyle_(sociology)']"
5f2nXHpRzCI,Sony HDRAS15 Full HD 60FPS DOG TEST,2013-05-12T09:25:43Z,,17,UCJZqPyfUdhsgEdX3-he3ZVQ,PT29S,hd,False,False,,95.0,0.0,0.0,public,youtube,"['https://en.wikipedia.org/wiki/Hobby', 'https://en.wikipedia.org/wiki/Lifestyle_(sociology)', 'https://en.wikipedia.org/wiki/Pet']"
L8ZrlC1I534,Rahinge 11-May-2013,2013-05-11T20:17:59Z,,17,UCJZqPyfUdhsgEdX3-he3ZVQ,PT11S,hd,False,False,,67.0,0.0,0.0,public,youtube,"['https://en.wikipedia.org/wiki/Hobby', 'https://en.wikipedia.org/wiki/Lifestyle_(sociology)']"
7rE6gqBcyGE,Rahinge 07-May-2013,2013-05-07T21:36:11Z,"['rahinge', 'waterramp', 'backflip', 'frontflip', 'wakeski']",17,UCJZqPyfUdhsgEdX3-he3ZVQ,PT49S,hd,False,False,,118.0,1.0,1.0,public,youtube,"['https://en.wikipedia.org/wiki/Hobby', 'https://en.wikipedia.org/wiki/Lifestyle_(sociology)']"
H0vokB5dCxw,Rahinge 01-Mai-2013,2013-05-01T18:09:40Z,"['rahinge waterramp', 'double backflip', 'backflip']",17,UCJZqPyfUdhsgEdX3-he3ZVQ,PT41S,hd,False,False,,183.0,1.0,0.0,public,youtube,['https://en.wikipedia.org/wiki/Lifestyle_(sociology)']
NhDifLMvst0,Munakas 28April-2013 Biggest Ski Crash Ever,2013-04-29T20:35:08Z,,17,UCJZqPyfUdhsgEdX3-he3ZVQ,PT33S,hd,False,False,,94.0,0.0,0.0,public,youtube,"['https://en.wikipedia.org/wiki/Hobby', 'https://en.wikipedia.org/wiki/Lifestyle_(sociology)']"
8tDtT8mJWMg,World Record Jump 21April-2013 Kuutsemäe Mountain,2013-04-27T12:08:30Z,"['World Record Jump', 'World biggest crash', 'Kuutsemäe']",17,UCJZqPyfUdhsgEdX3-he3ZVQ,PT22S,hd,False,False,,354.0,0.0,0.0,public,youtube,"['https://en.wikipedia.org/wiki/Hobby', 'https://en.wikipedia.org/wiki/Lifestyle_(sociology)']"
ULlY8B2Kk90,Kuutsemäe SiledaKarvagaSolgiToruTest 22-Aprill-2013,2013-04-23T20:20:24Z,,17,UCJZqPyfUdhsgEdX3-he3ZVQ,PT34S,hd,False,False,,52.0,0.0,0.0,public,youtube,['https://en.wikipedia.org/wiki/Hobby']
6uVxZk1SeBo,Kuutsemägi 22-Aprill-2013 Sony HDR-AS-15 Test,2013-04-22T21:00:56Z,,17,UCJZqPyfUdhsgEdX3-he3ZVQ,PT1M13S,hd,False,False,,109.0,0.0,1.0,public,youtube,"['https://en.wikipedia.org/wiki/Hobby', 'https://en.wikipedia.org/wiki/Lifestyle_(sociology)']"
yTEcGauBqDM,Kütiorg 20-Aprill-2013,2013-04-20T20:57:39Z,,17,UCJZqPyfUdhsgEdX3-he3ZVQ,PT1M6S,hd,False,False,,126.0,0.0,0.0,public,youtube,"['https://en.wikipedia.org/wiki/Hobby', 'https://en.wikipedia.org/wiki/Lifestyle_(sociology)']"
foPddvA7fDo,Mihkel Ustav Hand Drag 360,2013-04-13T17:38:21Z,,17,UCJZqPyfUdhsgEdX3-he3ZVQ,PT7S,hd,False,False,,344.0,0.0,0.0,public,youtube,"['https://en.wikipedia.org/wiki/Hobby', 'https://en.wikipedia.org/wiki/Lifestyle_(sociology)']"
rWXn7PI7c_g,Kuutsemäe LõpuKoll 13-Aprill-2013,2013-04-13T16:36:56Z,,17,UCJZqPyfUdhsgEdX3-he3ZVQ,PT11S,hd,False,False,,294.0,0.0,0.0,public,youtube,"['https://en.wikipedia.org/wiki/Hobby', 'https://en.wikipedia.org/wiki/Lifestyle_(sociology)']"
HoGZw7K-lak,Pargi Sauna Urban 11-Aprill-2013,2013-04-12T06:33:23Z,,17,UCJZqPyfUdhsgEdX3-he3ZVQ,PT39S,hd,False,False,,280.0,1.0,0.0,public,youtube,['https://en.wikipedia.org/wiki/Lifestyle_(sociology)']
gwXpe4Z417Q,Ülenurme SnowPark 08-April-2013,2013-04-08T18:16:00Z,,17,UCJZqPyfUdhsgEdX3-he3ZVQ,PT31S,hd,False,False,,128.0,0.0,0.0,public,youtube,['https://en.wikipedia.org/wiki/Lifestyle_(sociology)']
8ZigD8N5R0I,Ülenurme SnowPark 07-April-2013,2013-04-07T10:20:16Z,,17,UCJZqPyfUdhsgEdX3-he3ZVQ,PT15S,hd,False,False,,64.0,0.0,0.0,public,youtube,['https://en.wikipedia.org/wiki/Lifestyle_(sociology)']
uZrS0XMsJNo,Munakas 06-April-2013,2013-04-06T15:11:19Z,,17,UCJZqPyfUdhsgEdX3-he3ZVQ,PT36S,hd,False,False,,90.0,0.0,0.0,public,youtube,['https://en.wikipedia.org/wiki/Lifestyle_(sociology)']
nzKDKLM24ww,Ülenurme Biathlon 06-April-2013,2013-04-06T13:21:05Z,,17,UCJZqPyfUdhsgEdX3-he3ZVQ,PT1M14S,hd,False,False,,190.0,0.0,0.0,public,youtube,['https://en.wikipedia.org/wiki/Lifestyle_(sociology)']
h0aHs-sGE20,Munakas 29-Märts-2013,2013-03-31T19:21:52Z,,17,UCJZqPyfUdhsgEdX3-he3ZVQ,PT18S,hd,False,False,,68.0,0.0,0.0,public,youtube,['https://en.wikipedia.org/wiki/Lifestyle_(sociology)']
ELYQRpEVlEo,"The Basement King, 24-March-2013 /  Pangodi KeldriKunn, 24-Märts-2013",2013-03-24T18:46:21Z,,17,UCJZqPyfUdhsgEdX3-he3ZVQ,PT36S,hd,False,False,,236.0,2.0,1.0,public,youtube,['https://en.wikipedia.org/wiki/Lifestyle_(sociology)']
cuKVaJ1nzgU,Toomemägi 07-March-2013 Veiko Small Crash,2013-03-08T08:45:57Z,,17,UCJZqPyfUdhsgEdX3-he3ZVQ,PT10S,hd,False,False,,130.0,0.0,0.0,public,youtube,['https://en.wikipedia.org/wiki/Lifestyle_(sociology)']
3V_WnH6GLTs,Anne Kanal 07-märts-2013,2013-03-07T13:43:03Z,,17,UCJZqPyfUdhsgEdX3-he3ZVQ,PT54S,hd,False,False,,46.0,0.0,0.0,public,youtube,
eG-WbnCnS6A,Anne Kanal  04-Märts-2013,2013-03-04T22:02:58Z,,17,UCJZqPyfUdhsgEdX3-he3ZVQ,PT2M28S,hd,False,False,,84.0,0.0,0.0,public,youtube,
YsjejUuN0Mw,Anne Kanal  02-Märts-2013,2013-03-02T14:11:19Z,,17,UCJZqPyfUdhsgEdX3-he3ZVQ,PT1M14S,hd,False,False,,93.0,0.0,0.0,public,youtube,['https://en.wikipedia.org/wiki/Lifestyle_(sociology)']
hXuJAvzO_Jw,Anne Kanal 24-Veebr-2013,2013-02-26T23:03:24Z,,17,UCJZqPyfUdhsgEdX3-he3ZVQ,PT53S,hd,False,False,,240.0,0.0,0.0,public,youtube,
FGaefwOfQtk,PorijõeDownHill 23-Veebr-2013,2013-02-23T12:46:20Z,,17,UCJZqPyfUdhsgEdX3-he3ZVQ,PT22S,hd,False,False,,36.0,0.0,0.0,public,youtube,['https://en.wikipedia.org/wiki/Lifestyle_(sociology)']
7P8OTbkZT5I,Anne Kanal  19-Veebruar-2013,2013-02-19T17:28:44Z,"['Anne', 'Kanal', '19', 'Veebruar', '2013']",17,UCJZqPyfUdhsgEdX3-he3ZVQ,PT2M16S,hd,False,False,,222.0,0.0,0.0,public,youtube,
G6BpCPy0Hgk,Anne Kanal  18-Veebruar-2013,2013-02-18T19:01:13Z,"['Anne', 'Kanal', '18', 'Veebruar', '2013']",17,UCJZqPyfUdhsgEdX3-he3ZVQ,PT53S,hd,False,False,,24.0,0.0,0.0,public,youtube,
4s9ldS55tfU,ÜlenurmeMarathon16-Feb-2013,2013-02-16T17:01:33Z,"['ÜlenurmeMarathon16', 'Feb', '2013']",17,UCJZqPyfUdhsgEdX3-he3ZVQ,PT1M59S,hd,False,False,,80.0,0.0,0.0,public,youtube,"['https://en.wikipedia.org/wiki/Hobby', 'https://en.wikipedia.org/wiki/Lifestyle_(sociology)']"
iT7zjexjk6g,ToomeRoadGap15-veebr-2013,2013-02-15T21:43:44Z,"['ToomeRoadGap15', 'veebr', '2013']",17,UCJZqPyfUdhsgEdX3-he3ZVQ,PT26S,hd,False,False,,41.0,0.0,0.0,public,youtube,
hfIqI_z045Q,Anne Kanal  15-Veebruar-2013,2013-02-15T18:52:07Z,"['Anne', 'Kanal', '15', 'Veebruar', '2013']",17,UCJZqPyfUdhsgEdX3-he3ZVQ,PT1M34S,hd,False,False,,96.0,0.0,0.0,public,youtube,
eiGMFQaOews,Anne Kanal  12-Veebruar-2013,2013-02-12T18:56:29Z,"['Anne', 'Kanal', '12', 'Veebruar', '2013']",17,UCJZqPyfUdhsgEdX3-he3ZVQ,PT1M48S,hd,False,False,,47.0,0.0,0.0,public,youtube,
kDoNKXbaysU,Anne Kanal  11-Veebruar-2013,2013-02-11T18:37:30Z,"['Anne', 'Kanal', '11', 'Veebruar', '2013']",17,UCJZqPyfUdhsgEdX3-he3ZVQ,PT1M56S,hd,False,False,,69.0,0.0,0.0,public,youtube,
_UCEvAtktOU,Mässer 09-VEEBRUAR-2013,2013-02-11T00:24:28Z,"['Mässer', '09', 'VEEBRUAR', '2013']",17,UCJZqPyfUdhsgEdX3-he3ZVQ,PT4M4S,hd,False,False,,713.0,0.0,0.0,public,youtube,"['https://en.wikipedia.org/wiki/Hobby', 'https://en.wikipedia.org/wiki/Lifestyle_(sociology)']"
DGcODTc6NF4,Margus Kirsimäe Mässeri Crash 09-Veebr-2013,2013-02-10T21:00:14Z,"['Margus', 'Kirsimäe', 'Mässeri', 'Crash', '09', 'Veebr', '2013']",17,UCJZqPyfUdhsgEdX3-he3ZVQ,PT7S,hd,False,False,,231.0,0.0,0.0,public,youtube,"['https://en.wikipedia.org/wiki/Hobby', 'https://en.wikipedia.org/wiki/Lifestyle_(sociology)']"
ETmo0JrNlK8,"Kuidas Tõnis Tein KaameraMeest Tahtis ära ""tappa"" :)",2013-02-09T21:55:39Z,"['Kuidas', 'Tõnis', 'Tein', 'KaameraMeest', 'Tahtis', 'ära', 'tappa']",17,UCJZqPyfUdhsgEdX3-he3ZVQ,PT12S,hd,False,False,,336.0,0.0,0.0,public,youtube,"['https://en.wikipedia.org/wiki/Hobby', 'https://en.wikipedia.org/wiki/Lifestyle_(sociology)']"
cn9Z_Jiw2xo,Munakas 08-Veebr-2013 SuureSolgiToruTest,2013-02-09T08:22:09Z,"['Munakas', '08', 'Veebr', '2013', 'SuureSolgiToruTest']",17,UCJZqPyfUdhsgEdX3-he3ZVQ,PT17S,hd,False,False,,76.0,0.0,0.0,public,youtube,"['https://en.wikipedia.org/wiki/Hobby', 'https://en.wikipedia.org/wiki/Lifestyle_(sociology)']"
cwgCP0HeC_w,Anne Kanal  08-Veebruar-2013,2013-02-08T10:35:59Z,"['Anne', 'Kanal', '08', 'Veebruar', '2013']",17,UCJZqPyfUdhsgEdX3-he3ZVQ,PT1M9S,hd,False,False,,148.0,0.0,0.0,public,youtube,['https://en.wikipedia.org/wiki/Lifestyle_(sociology)']
NzeK4_iS4h8,Anne Kanal 06-Veebruar-2013,2013-02-07T06:14:06Z,"['Anne', 'Kanal', '06', 'Veebruar', '2013']",17,UCJZqPyfUdhsgEdX3-he3ZVQ,PT59S,hd,False,False,,32.0,0.0,0.0,public,youtube,['https://en.wikipedia.org/wiki/Lifestyle_(sociology)']
5-vsxPEl6JQ,Toomemägi 06-Veebruar-2013,2013-02-07T06:06:22Z,"['Toomemägi', '06', 'Veebruar', '2013']",17,UCJZqPyfUdhsgEdX3-he3ZVQ,PT37S,hd,False,False,,124.0,1.0,0.0,public,youtube,['https://en.wikipedia.org/wiki/Lifestyle_(sociology)']
cd6TkgKSQhw,Anne Kanal 05-Veebr-2013,2013-02-05T07:51:03Z,"['Anne', 'Kanal', '05', 'Veebr', '2013']",17,UCJZqPyfUdhsgEdX3-he3ZVQ,PT59S,hd,False,False,,61.0,0.0,0.0,public,youtube,
xJyY2NKpb7c,Anne Kanal 04-Veebr-2013,2013-02-04T12:12:00Z,"['Anne', 'Kanal', '04', 'Veebr', '2013']",17,UCJZqPyfUdhsgEdX3-he3ZVQ,PT20S,hd,False,False,,88.0,0.0,0.0,public,youtube,
qzCUgvmCDRY,EMV BigAir Ski 01-Veebr-2013 Munakas,2013-02-02T21:04:36Z,"['EMV', 'BigAir', 'Ski', '01', 'Veebr', '2013', 'Munakas']",17,UCJZqPyfUdhsgEdX3-he3ZVQ,PT1M1S,hd,False,False,,471.0,0.0,0.0,public,youtube,['https://en.wikipedia.org/wiki/Lifestyle_(sociology)']
FATGUT36sUc,Munakas 01-Veebr-2013 Indreku Suusa Test,2013-02-02T08:56:20Z,"['Munakas', '01', 'Veebr', '2013', 'Indreku', 'Suusa', 'Test']",17,UCJZqPyfUdhsgEdX3-he3ZVQ,PT37S,hd,False,False,,55.0,0.0,0.0,public,youtube,['https://en.wikipedia.org/wiki/Lifestyle_(sociology)']
3ogK60GDjVE,Anne Kanal 01-Veebr-2013,2013-02-01T09:08:28Z,"['Anne', 'Kanal', '01', 'Veebr', '2013']",17,UCJZqPyfUdhsgEdX3-he3ZVQ,PT1M8S,hd,False,False,,23.0,0.0,0.0,public,youtube,['https://en.wikipedia.org/wiki/Lifestyle_(sociology)']
MvEkG_LZjNE,Anne Kanal 31-Jaanuar-2013,2013-01-31T14:19:30Z,"['Anne', 'Kanal', '31', 'Jaanuar', '2013']",17,UCJZqPyfUdhsgEdX3-he3ZVQ,PT1M6S,hd,False,False,,125.0,0.0,0.0,public,youtube,
vWC-OvekUZc,Anne Kanal 30-Jaanuar-2013,2013-01-30T22:49:38Z,"['Anne', 'Kanal', '30', 'Jaanuar', '2013']",17,UCJZqPyfUdhsgEdX3-he3ZVQ,PT58S,hd,False,False,,56.0,0.0,0.0,public,youtube,
tLD80YtZPT4,Toomemägi 30-Jaan-2013,2013-01-30T22:14:52Z,"['My', 'Movie', '30', 'Jaan', '2013']",17,UCJZqPyfUdhsgEdX3-he3ZVQ,PT35S,hd,False,False,,77.0,0.0,0.0,public,youtube,['https://en.wikipedia.org/wiki/Lifestyle_(sociology)']
xjveirqiyg8,Anne Kanal 29-jaan-2013,2013-01-29T08:32:19Z,"['My', 'Movie', '29', 'jaan', '2013']",17,UCJZqPyfUdhsgEdX3-he3ZVQ,PT1M13S,hd,False,False,,37.0,0.0,0.0,public,youtube,['https://en.wikipedia.org/wiki/Lifestyle_(sociology)']
_D4RjfuQsX4,"Anne Kanalis Päikesetõusu Nautimas, 28-Jaanuar-2013",2013-01-28T09:40:21Z,"['My', 'Movie', '28', 'Jaanuar', '2013']",17,UCJZqPyfUdhsgEdX3-he3ZVQ,PT38S,hd,False,False,,145.0,0.0,0.0,public,youtube,['https://en.wikipedia.org/wiki/Lifestyle_(sociology)']
V4hkOYj4IKM,"Munakas 25-Jaan-2013, Sony Action Camera HDR-AS15 pimeduse test",2013-01-26T12:50:27Z,"['My', 'Movie', '25', 'Jaan', '2013']",17,UCJZqPyfUdhsgEdX3-he3ZVQ,PT32S,hd,False,False,,112.0,0.0,0.0,public,youtube,['https://en.wikipedia.org/wiki/Lifestyle_(sociology)']
5nlOq4N1p9k,"Anne Kanal 19-Jaanuar-2013, Väike Suplus",2013-01-19T10:11:29Z,"['jaanuar 19', '2013']",17,UCJZqPyfUdhsgEdX3-he3ZVQ,PT41S,hd,False,False,,164.0,1.0,0.0,public,youtube,
v3emBvu67NM,Ilutulestik Saue moodi 1-Jaan-2013,2013-01-01T17:37:56Z,"['Ilutulestik', 'Saue', 'moodi', '1', 'Jaan', '2013']",17,UCJZqPyfUdhsgEdX3-he3ZVQ,PT32S,hd,False,False,,1206.0,0.0,0.0,public,youtube,
12V4wjfkJYk,Ülenurme SnowPark Opening 26-Dec-2012,2012-12-26T13:58:00Z,"['My', 'Movie', '26', 'dec', '2012']",17,UCJZqPyfUdhsgEdX3-he3ZVQ,PT31S,hd,False,False,,83.0,0.0,0.0,public,youtube,['https://en.wikipedia.org/wiki/Lifestyle_(sociology)']
pCRy4eA4AnI,Toomemägi  23-Dec-2012 Jorma Crash,2012-12-23T23:04:00Z,['MAH00065'],17,UCJZqPyfUdhsgEdX3-he3ZVQ,PT33S,hd,False,False,,71.0,0.0,0.0,public,youtube,
Fr1--GK-Q0I,Toomemägi 22-Dec-2012,2012-12-23T14:51:12Z,"['My', 'Movie', '22', 'Dec', '2012']",17,UCJZqPyfUdhsgEdX3-he3ZVQ,PT52S,hd,False,False,,87.0,0.0,0.0,public,youtube,['https://en.wikipedia.org/wiki/Lifestyle_(sociology)']
eVagf8ToCMg,KiteWing 15-Dec-2012 part2,2012-12-16T16:43:41Z,"['Kitewing', '15', 'Dec', '2012', 'by', 'pentax']",17,UCJZqPyfUdhsgEdX3-he3ZVQ,PT1M21S,hd,False,False,,59.0,0.0,0.0,public,youtube,['https://en.wikipedia.org/wiki/Lifestyle_(sociology)']
roqDljb8aCc,Kitewing 15-Dec-2012 near Saadjärv,2012-12-16T09:42:29Z,"['Kitewing', '15', 'Dec', '2012']",17,UCJZqPyfUdhsgEdX3-he3ZVQ,PT1M1S,hd,False,False,,168.0,3.0,0.0,public,youtube,"['https://en.wikipedia.org/wiki/Hobby', 'https://en.wikipedia.org/wiki/Lifestyle_(sociology)']"
E7ZaojErxF0,ÜlenurmeSnowParkBuildingTimeLaps 08-Dec-2012,2012-12-08T12:17:01Z,"['My', 'Movie', '08', 'dec', '2012']",17,UCJZqPyfUdhsgEdX3-he3ZVQ,PT18S,hd,False,False,,45.0,0.0,0.0,public,youtube,['https://en.wikipedia.org/wiki/Lifestyle_(sociology)']
tKbJQYHM2MU,Ülenurme SnowPark Timelaps 01-02 Dec-2012.mp4,2012-12-02T16:52:13Z,['timelaps video'],17,UCJZqPyfUdhsgEdX3-he3ZVQ,PT47S,hd,False,False,,244.0,0.0,0.0,public,youtube,['https://en.wikipedia.org/wiki/Lifestyle_(sociology)']
4K-C_67NG2o,Heinategemise Timelaps 07-Oktoober-2012,2012-10-07T21:12:22Z,['IMGP0747'],17,UCJZqPyfUdhsgEdX3-he3ZVQ,PT32S,hd,False,False,,25.0,0.0,0.0,public,youtube,
6IhRMkTCGvQ,"Wakeski / Stereoski Backflip and Frontflip, Rahinge 29-Sept-2012",2012-09-29T18:55:55Z,"['streoski;', 'wakeski;', 'rahinge;', 'germandia']",17,UCJZqPyfUdhsgEdX3-he3ZVQ,PT20S,hd,False,False,,325.0,2.0,0.0,public,youtube,"['https://en.wikipedia.org/wiki/Hobby', 'https://en.wikipedia.org/wiki/Lifestyle_(sociology)']"
yTRww6LMAaI,Germandia Telefonipood esitleb Iphone 5 karbist välja,2012-09-26T09:12:39Z,['iphone 5 germandia'],28,UCJZqPyfUdhsgEdX3-he3ZVQ,PT1M57S,hd,False,False,,431.0,2.0,0.0,public,youtube,"['https://en.wikipedia.org/wiki/Lifestyle_(sociology)', 'https://en.wikipedia.org/wiki/Technology']"
XkrTjNI6RTE,"Wakeski / Stereoski Backflip, Rahinge 22-Sept-2012",2012-09-22T12:24:52Z,['IMGP0742'],17,UCJZqPyfUdhsgEdX3-he3ZVQ,PT14S,hd,False,False,,145.0,0.0,0.0,public,youtube,"['https://en.wikipedia.org/wiki/Hobby', 'https://en.wikipedia.org/wiki/Lifestyle_(sociology)']"
BvQ2sEQ8M-I,Taevaskoda 16-Sept-2012,2012-09-22T07:34:02Z,['IMGP0699'],23,UCJZqPyfUdhsgEdX3-he3ZVQ,PT19S,hd,False,False,,89.0,0.0,0.0,public,youtube,"['https://en.wikipedia.org/wiki/Hobby', 'https://en.wikipedia.org/wiki/Lifestyle_(sociology)']"
uoZhesIRnQQ,"Wakeski / Stereoski Frontflip, Rahinge 15-Sept-2012",2012-09-15T13:52:39Z,['IMGP0663'],23,UCJZqPyfUdhsgEdX3-he3ZVQ,PT14S,hd,False,False,,195.0,1.0,0.0,public,youtube,"['https://en.wikipedia.org/wiki/Hobby', 'https://en.wikipedia.org/wiki/Lifestyle_(sociology)']"
BrFwFIiH7Es,Jõesuu small offroud 14-Sept-2012,2012-09-14T20:12:46Z,['IMGP0634'],23,UCJZqPyfUdhsgEdX3-he3ZVQ,PT2M47S,hd,False,False,,53.0,0.0,0.0,public,youtube,"['https://en.wikipedia.org/wiki/Lifestyle_(sociology)', 'https://en.wikipedia.org/wiki/Vehicle']"
DZUiTLOM9AM,"Wakeski / Stereoski Backflip, Rahinge 10-Sept-2012",2012-09-10T19:34:00Z,"['wakeski;', 'stereoski;', 'rahinge', 'backflip;', 'germandia']",23,UCJZqPyfUdhsgEdX3-he3ZVQ,PT20S,hd,False,False,,313.0,1.0,0.0,public,youtube,['https://en.wikipedia.org/wiki/Hobby']
PVLVkL7iA78,TimelapsÜlenurme09-sept-2012,2012-09-09T17:53:06Z,['IMGP0612'],23,UCJZqPyfUdhsgEdX3-he3ZVQ,PT21S,hd,False,False,,17.0,0.0,0.0,public,youtube,
OcGCo4drDto,WarcoSlowMotion,2012-09-08T18:01:39Z,['WarcoSlowMotion'],23,UCJZqPyfUdhsgEdX3-he3ZVQ,PT28S,hd,False,False,,14.0,0.0,0.0,public,youtube,"['https://en.wikipedia.org/wiki/Hobby', 'https://en.wikipedia.org/wiki/Lifestyle_(sociology)', 'https://en.wikipedia.org/wiki/Pet']"
qmOQAIl3rwo,Nokia Original Battery BP-6MT plahvatus,2012-08-31T10:19:27Z,['nokia battery BP-6MT'],23,UCJZqPyfUdhsgEdX3-he3ZVQ,PT25S,hd,False,False,,470.0,1.0,0.0,public,youtube,['https://en.wikipedia.org/wiki/Technology']
hsfcAO6hcXA,"Indreku  longest, highest lend ever, Rahinge 25-Aug-2012",2012-08-25T20:02:16Z,['IMGP0568'],17,UCJZqPyfUdhsgEdX3-he3ZVQ,PT7S,hd,False,False,,47.0,0.0,0.0,public,youtube,"['https://en.wikipedia.org/wiki/Hobby', 'https://en.wikipedia.org/wiki/Lifestyle_(sociology)']"
_xPi_DpPJ8A,"Wakeski / Stereoski 360, Rahinge 25-August-2012",2012-08-25T13:54:57Z,"['rahinge;', 'wakeski', '360', 'stereoski']",17,UCJZqPyfUdhsgEdX3-he3ZVQ,PT11S,hd,False,False,,222.0,0.0,0.0,public,youtube,"['https://en.wikipedia.org/wiki/Hobby', 'https://en.wikipedia.org/wiki/Lifestyle_(sociology)']"
epYE60e1Rgg,Triple BackFlip 10-August-2012 Acropatpark CZ,2012-08-10T19:49:18Z,['IMGP0024'],17,UCJZqPyfUdhsgEdX3-he3ZVQ,PT17S,hd,False,False,,122.0,0.0,0.0,public,youtube,"['https://en.wikipedia.org/wiki/Hobby', 'https://en.wikipedia.org/wiki/Lifestyle_(sociology)', 'https://en.wikipedia.org/wiki/Tourism']"
itcjKi8v7iQ,Acrobatpark 09-aug-2012,2012-08-09T19:25:47Z,['GOPR0016'],17,UCJZqPyfUdhsgEdX3-he3ZVQ,PT17S,hd,False,False,,119.0,0.0,0.0,public,youtube,"['https://en.wikipedia.org/wiki/Hobby', 'https://en.wikipedia.org/wiki/Lifestyle_(sociology)']"
dWXCAn2Nt0s,Rahinge 29-Juuli-2012 2-osa,2012-08-05T21:03:07Z,['MOV10082'],17,UCJZqPyfUdhsgEdX3-he3ZVQ,PT7S,sd,False,False,,65.0,0.0,0.0,public,youtube,"['https://en.wikipedia.org/wiki/Hobby', 'https://en.wikipedia.org/wiki/Sport']"
6Y296f5GnYQ,First Back Flip ?,2012-08-04T19:04:25Z,['IMGP0014'],17,UCJZqPyfUdhsgEdX3-he3ZVQ,PT9S,hd,False,False,,33.0,0.0,0.0,public,youtube,"['https://en.wikipedia.org/wiki/Hobby', 'https://en.wikipedia.org/wiki/Lifestyle_(sociology)']"
sQAXrT71jGg,Rahinge 29-Juul-2012,2012-07-29T18:11:37Z,['MOV10081'],17,UCJZqPyfUdhsgEdX3-he3ZVQ,PT9S,sd,False,False,,223.0,0.0,0.0,public,youtube,"['https://en.wikipedia.org/wiki/Hobby', 'https://en.wikipedia.org/wiki/Lifestyle_(sociology)']"
9mua-BTflWA,Rahinge 05-juuli-2012,2012-07-05T20:40:10Z,['rahinge'],17,UCJZqPyfUdhsgEdX3-he3ZVQ,PT7S,sd,False,False,,97.0,0.0,0.0,public,youtube,['https://en.wikipedia.org/wiki/Lifestyle_(sociology)']
rtIJ_ChUfQk,Rahinge 09-Mai-2012,2012-05-09T19:05:32Z,['rahinge'],17,UCJZqPyfUdhsgEdX3-he3ZVQ,PT15S,sd,False,False,,103.0,0.0,0.0,public,youtube,
kaq0sNMo3LE,Porijõgi 01-aprill-2012 FULL VGA 60 frame per secundo ;),2012-04-02T05:25:42Z,['EGHV0011'],24,UCJZqPyfUdhsgEdX3-he3ZVQ,PT32S,sd,False,False,,416.0,1.0,0.0,public,youtube,['https://en.wikipedia.org/wiki/Lifestyle_(sociology)']
PH6wFauTUOw,Aprillinaljad Porijõel,2012-04-01T12:23:54Z,['EGHV0008'],24,UCJZqPyfUdhsgEdX3-he3ZVQ,PT25S,sd,False,False,,505.0,0.0,0.0,public,youtube,['https://en.wikipedia.org/wiki/Lifestyle_(sociology)']
tuk0kcxe6yE,Biggest Ever Crash on the solgitoru ;),2012-03-31T18:10:51Z,['outdoor sports'],24,UCJZqPyfUdhsgEdX3-he3ZVQ,PT3S,sd,False,False,,210.0,0.0,0.0,public,youtube,['https://en.wikipedia.org/wiki/Lifestyle_(sociology)']
zXbb2y1fn30,"Kassitoomel 18-Märts-2012, Oliver ütles: follow me ;)",2012-03-18T11:47:01Z,['EGHV0028'],24,UCJZqPyfUdhsgEdX3-he3ZVQ,PT26S,sd,False,False,,130.0,0.0,0.0,public,youtube,['https://en.wikipedia.org/wiki/Lifestyle_(sociology)']
nlusWdgmm8A,Kassitoome 18-Märts-2012,2012-03-18T11:38:14Z,['EGHV0029'],24,UCJZqPyfUdhsgEdX3-he3ZVQ,PT12S,sd,False,False,,217.0,0.0,0.0,public,youtube,"['https://en.wikipedia.org/wiki/Hobby', 'https://en.wikipedia.org/wiki/Lifestyle_(sociology)']"
Kp8ha8hZnUM,Jorma õpetas uue triki :),2012-03-17T18:36:21Z,"['Sequence', '01', '2']",24,UCJZqPyfUdhsgEdX3-he3ZVQ,PT7S,hd,False,False,,79.0,0.0,0.0,public,youtube,"['https://en.wikipedia.org/wiki/Hobby', 'https://en.wikipedia.org/wiki/Lifestyle_(sociology)']"
ExOgowfezm0,Metsaääretänava SnowPark 19-Veebr-2012,2012-02-19T10:58:07Z,['MOV10036'],24,UCJZqPyfUdhsgEdX3-he3ZVQ,PT9S,sd,False,False,,69.0,0.0,0.0,public,youtube,"['https://en.wikipedia.org/wiki/Hobby', 'https://en.wikipedia.org/wiki/Lifestyle_(sociology)']"
IQY5SRAJ0-U,Misty540 to misty720 or Front180 to front360 ?,2012-02-14T20:07:42Z,['MOV10031'],24,UCJZqPyfUdhsgEdX3-he3ZVQ,PT8S,sd,False,False,,112.0,0.0,1.0,public,youtube,"['https://en.wikipedia.org/wiki/Hobby', 'https://en.wikipedia.org/wiki/Lifestyle_(sociology)']"
T9IhJ-_EchU,Metsaääre tänava SnowPark 11-veebr-2012,2012-02-12T08:50:50Z,['MOV10015'],24,UCJZqPyfUdhsgEdX3-he3ZVQ,PT12S,sd,False,False,,84.0,0.0,0.0,public,youtube,"['https://en.wikipedia.org/wiki/Hobby', 'https://en.wikipedia.org/wiki/Lifestyle_(sociology)']"
r7e6sJ4HGzk,"Jorma 720 , Kuutsemägi 04-veebruar-2012, filmitud Sonim XP5300 Force telefoniga",2012-02-05T08:07:25Z,['MOV10011'],24,UCJZqPyfUdhsgEdX3-he3ZVQ,PT18S,sd,False,False,,474.0,0.0,0.0,public,youtube,"['https://en.wikipedia.org/wiki/Hobby', 'https://en.wikipedia.org/wiki/Lifestyle_(sociology)']"
ElBta9aC3FI,"Jorma backflipid inimtühjal Kuutsemäel. 04-Veebruar-2012, filmitud Sonim XP5300 Force telefoniga",2012-02-04T17:44:01Z,['MOV10001'],24,UCJZqPyfUdhsgEdX3-he3ZVQ,PT14S,sd,False,False,,405.0,1.0,0.0,public,youtube,"['https://en.wikipedia.org/wiki/Hobby', 'https://en.wikipedia.org/wiki/Lifestyle_(sociology)']"
pr9o4TxL2dw,Noor kitarrist Mattias,2012-01-06T19:58:23Z,['mobile'],24,UCJZqPyfUdhsgEdX3-he3ZVQ,PT29S,sd,False,False,,77.0,2.0,,public,youtube,['https://en.wikipedia.org/wiki/Music']
3YNfqVl31EE,Batuuditrenn22nov2011,2011-11-22T22:43:55Z,['mobile'],24,UCJZqPyfUdhsgEdX3-he3ZVQ,PT8S,sd,False,False,,72.0,0.0,0.0,public,youtube,['https://en.wikipedia.org/wiki/Lifestyle_(sociology)']
vQ2BjPUjCYw,Mattias22okt2011,2011-10-22T10:05:00Z,['mobile'],24,UCJZqPyfUdhsgEdX3-he3ZVQ,PT23S,sd,False,False,,43.0,0.0,0.0,public,youtube,"['https://en.wikipedia.org/wiki/Hobby', 'https://en.wikipedia.org/wiki/Lifestyle_(sociology)']"
Z0b4UfnUhPE,Jorma duubeldab,2011-10-07T16:03:57Z,['mobile'],24,UCJZqPyfUdhsgEdX3-he3ZVQ,PT9S,sd,False,False,,85.0,0.0,0.0,public,youtube,['https://en.wikipedia.org/wiki/Lifestyle_(sociology)']
jQ9sOAp2PwU,Slow540MuteToNose.avi,2011-09-15T20:05:56Z,['rahinge'],17,UCJZqPyfUdhsgEdX3-he3ZVQ,PT23S,hd,False,False,,78.0,1.0,0.0,public,youtube,['https://en.wikipedia.org/wiki/Lifestyle_(sociology)']
A6yrJ3IKm2c,Rahinge 04-september-2011,2011-09-05T20:11:57Z,"['Rahinge', 'Germandia', 'Sonim', 'xp5300']",28,UCJZqPyfUdhsgEdX3-he3ZVQ,PT13S,sd,False,False,,196.0,0.0,0.0,public,youtube,"['https://en.wikipedia.org/wiki/Hobby', 'https://en.wikipedia.org/wiki/Lifestyle_(sociology)']"
XmYZiEVhDJA,Rahinge OPEN`11  Double backflip+Double frontflip+ Frontflip,2011-05-31T12:42:39Z,"['Rahinge;', 'Double', 'backflip;', 'frontflip;', 'Frontflip']",17,UCJZqPyfUdhsgEdX3-he3ZVQ,PT9S,hd,False,False,,409.0,0.0,0.0,public,youtube,"['https://en.wikipedia.org/wiki/Hobby', 'https://en.wikipedia.org/wiki/Lifestyle_(sociology)']"
a8FBLTVeBS4,Rahinge OPEN`11,2011-05-28T20:22:34Z,"['rahinge;', 'Sw', 'Backflip']",17,UCJZqPyfUdhsgEdX3-he3ZVQ,PT8S,hd,False,False,,219.0,0.0,0.0,public,youtube,"['https://en.wikipedia.org/wiki/Hobby', 'https://en.wikipedia.org/wiki/Lifestyle_(sociology)']"
sx1NzYSBnuE,Kelgu Magnaat Warco,2011-04-17T10:34:38Z,['Warco'],17,UCJZqPyfUdhsgEdX3-he3ZVQ,PT1M3S,hd,False,False,,70.0,0.0,0.0,public,youtube,"['https://en.wikipedia.org/wiki/Lifestyle_(sociology)', 'https://en.wikipedia.org/wiki/Pet', 'https://en.wikipedia.org/wiki/Vehicle']"
jX-f0QT1AWo,Pannkoogi tegemise päev 15-Aprill-2011,2011-04-14T07:04:04Z,['pannkook'],17,UCJZqPyfUdhsgEdX3-he3ZVQ,PT53S,hd,False,False,,66.0,1.0,0.0,public,youtube,['https://en.wikipedia.org/wiki/Lifestyle_(sociology)']
LZNugvdu9Z0,Kassitoome 08-Aprill-2011,2011-04-08T12:42:03Z,['rahinge'],17,UCJZqPyfUdhsgEdX3-he3ZVQ,PT26S,hd,False,False,,404.0,1.0,0.0,public,youtube,['https://en.wikipedia.org/wiki/Lifestyle_(sociology)']
f20hXWEyYyw,Jorma V. Duubel EMV 05-Märts-2011,2011-03-11T17:00:06Z,['Kuutsekas'],17,UCJZqPyfUdhsgEdX3-he3ZVQ,PT25S,hd,False,False,,148.0,0.0,0.0,public,youtube,"['https://en.wikipedia.org/wiki/Hobby', 'https://en.wikipedia.org/wiki/Lifestyle_(sociology)']"
aQNcZ2a6ZAM,MõtlesinKOrraEtHakkanLumelauduriks,2011-01-22T21:12:04Z,"['FILE0008', '2']",17,UCJZqPyfUdhsgEdX3-he3ZVQ,PT13S,hd,False,False,,134.0,1.0,0.0,public,youtube,"['https://en.wikipedia.org/wiki/Hobby', 'https://en.wikipedia.org/wiki/Lifestyle_(sociology)']"
Gx-74C7GUsQ,jorma ütles follow me ...,2011-01-15T16:00:27Z,['kuutsekas'],17,UCJZqPyfUdhsgEdX3-he3ZVQ,PT38S,hd,False,False,,146.0,1.0,0.0,public,youtube,"['https://en.wikipedia.org/wiki/Hobby', 'https://en.wikipedia.org/wiki/Music']"
qO9FGjSPlME,Warco Scarletti tegemistega tutvumas.MOV,2010-12-25T11:26:09Z,"['Warco', 'Scarletti', 'tegemistega', 'turvumas']",17,UCJZqPyfUdhsgEdX3-he3ZVQ,PT1M2S,hd,False,False,,67.0,1.0,0.0,public,youtube,"['https://en.wikipedia.org/wiki/Lifestyle_(sociology)', 'https://en.wikipedia.org/wiki/Pet']"
1JGgtzir3t4,BatuudiTrenn 14-Dets-2010,2010-12-14T22:26:42Z,['FILE0010'],17,UCJZqPyfUdhsgEdX3-he3ZVQ,PT4S,hd,False,False,,229.0,0.0,0.0,public,youtube,"['https://en.wikipedia.org/wiki/Hobby', 'https://en.wikipedia.org/wiki/Lifestyle_(sociology)']"
VAn4n3w2UbI,BatuudiTrenn14-Dets-2010,2010-12-14T22:24:06Z,['FILE0014'],17,UCJZqPyfUdhsgEdX3-he3ZVQ,PT7S,hd,False,False,,48.0,0.0,0.0,public,youtube,['https://en.wikipedia.org/wiki/Lifestyle_(sociology)']
JayX-j4GnTo,MattiasKiigel 12-Dets-2010,2010-12-12T14:36:07Z,['FILE0010'],17,UCJZqPyfUdhsgEdX3-he3ZVQ,PT59S,hd,False,False,,26.0,0.0,0.0,public,youtube,['https://en.wikipedia.org/wiki/Lifestyle_(sociology)']
PcHcYyEzJZI,JormaDuubeldab 02-Dets-2010,2010-12-02T22:08:18Z,['rahinge'],17,UCJZqPyfUdhsgEdX3-he3ZVQ,PT16S,hd,False,False,,112.0,0.0,0.0,public,youtube,"['https://en.wikipedia.org/wiki/Hobby', 'https://en.wikipedia.org/wiki/Lifestyle_(sociology)']"
l44m9D53w7Q,Warco 27-Nov-2010,2010-11-27T12:37:08Z,['FILE0001'],17,UCJZqPyfUdhsgEdX3-he3ZVQ,PT26S,hd,False,False,,88.0,1.0,0.0,public,youtube,"['https://en.wikipedia.org/wiki/Lifestyle_(sociology)', 'https://en.wikipedia.org/wiki/Pet']"
Y9fi1PHLBiY,Mattias LilleTagaPeidus,2010-11-27T09:33:51Z,['FILE0002'],17,UCJZqPyfUdhsgEdX3-he3ZVQ,PT17S,hd,False,False,,476.0,2.0,0.0,public,youtube,['https://en.wikipedia.org/wiki/Lifestyle_(sociology)']
m0kKn_kHVkA,JormaDuubeldamas,2010-11-04T21:55:59Z,['rahinge'],17,UCJZqPyfUdhsgEdX3-he3ZVQ,PT6S,hd,False,False,,118.0,0.0,0.0,public,youtube,['https://en.wikipedia.org/wiki/Lifestyle_(sociology)']
W6NzJTIMInk,CirkusBoard-Volume3,2010-10-30T12:07:11Z,"['rahinge', 'cirkusborad', 'cantour', 'hd1080']",17,UCJZqPyfUdhsgEdX3-he3ZVQ,PT48S,hd,False,False,,130.0,1.0,0.0,public,youtube,['https://en.wikipedia.org/wiki/Lifestyle_(sociology)']
NCEHiT7zvn8,Countor HD test ööösel,2010-10-29T20:16:23Z,['FILE0004'],17,UCJZqPyfUdhsgEdX3-he3ZVQ,PT57S,hd,False,False,,58.0,0.0,0.0,public,youtube,['https://en.wikipedia.org/wiki/Vehicle']
TGaFuFToPro,Batuuditrennis 14-Okt-2010,2010-10-14T20:26:03Z,['FILE0007'],17,UCJZqPyfUdhsgEdX3-he3ZVQ,PT11S,hd,False,False,,156.0,0.0,0.0,public,youtube,"['https://en.wikipedia.org/wiki/Hobby', 'https://en.wikipedia.org/wiki/Lifestyle_(sociology)']"
P9sh-o9nCuc,RaseJorma,2010-10-07T20:22:52Z,['trampoline'],17,UCJZqPyfUdhsgEdX3-he3ZVQ,PT12S,hd,False,False,,116.0,0.0,0.0,public,youtube,"['https://en.wikipedia.org/wiki/Hobby', 'https://en.wikipedia.org/wiki/Lifestyle_(sociology)']"
5Qv_ZL8vuKA,CirkusBoard-Volume2,2010-10-07T20:02:48Z,['cirkusboard'],17,UCJZqPyfUdhsgEdX3-he3ZVQ,PT46S,hd,False,False,,199.0,0.0,0.0,public,youtube,['https://en.wikipedia.org/wiki/Lifestyle_(sociology)']
q7yFbUQ4v3Y,Tõrva bäkkar 25-sept-2010,2010-09-25T19:38:37Z,['Viidik'],17,UCJZqPyfUdhsgEdX3-he3ZVQ,PT6S,hd,False,False,,391.0,0.0,1.0,public,youtube,['https://en.wikipedia.org/wiki/Lifestyle_(sociology)']
j1WYPKvxOGQ,Tõrva 25-September-2010,2010-09-25T14:51:12Z,"['tõrva;', 'rahinge']",17,UCJZqPyfUdhsgEdX3-he3ZVQ,PT9S,hd,False,False,,185.0,0.0,0.0,public,youtube,['https://en.wikipedia.org/wiki/Lifestyle_(sociology)']
Di8jDIL6vdY,KitsedMetsaääreTänaval.MOV,2010-09-18T09:54:54Z,['KitsedMetsaääreTänaval'],17,UCJZqPyfUdhsgEdX3-he3ZVQ,PT24S,hd,False,False,,22.0,0.0,0.0,public,youtube,['https://en.wikipedia.org/wiki/Lifestyle_(sociology)']
k0uwq5CVPvI,Tõrva 05-September-2010,2010-09-05T20:09:56Z,"['tõrva', 'rahinge']",17,UCJZqPyfUdhsgEdX3-he3ZVQ,PT11S,hd,False,False,,218.0,0.0,0.0,public,youtube,['https://en.wikipedia.org/wiki/Lifestyle_(sociology)']
vxnzuCm-shY,Backkkkar 04-Sept-2010.wmv,2010-09-04T20:13:26Z,['rahinge'],17,UCJZqPyfUdhsgEdX3-he3ZVQ,PT9S,sd,False,False,,45.0,0.0,0.0,public,youtube,
0uW65RN4D9o,Rahinge 04-September-2010,2010-09-04T18:25:21Z,"['rahinge', 'double', 'backflip']",17,UCJZqPyfUdhsgEdX3-he3ZVQ,PT9S,hd,False,False,,97.0,0.0,0.0,public,youtube,['https://en.wikipedia.org/wiki/Lifestyle_(sociology)']
f8lNKH01GiQ,Rahinge 04-September-2010,2010-09-04T18:18:22Z,['rahinge'],17,UCJZqPyfUdhsgEdX3-he3ZVQ,PT11S,hd,False,False,,120.0,0.0,0.0,public,youtube,"['https://en.wikipedia.org/wiki/Hobby', 'https://en.wikipedia.org/wiki/Lifestyle_(sociology)']"
z_DaNTt7G7o,Rahinge 04-September-2010,2010-09-04T18:10:08Z,['rahinge'],17,UCJZqPyfUdhsgEdX3-he3ZVQ,PT7S,hd,False,False,,155.0,0.0,0.0,public,youtube,['https://en.wikipedia.org/wiki/Hobby']
F1Def_fJv9Q,OtsinSokiSponsorit.wmv,2010-08-28T18:34:28Z,['rahinge'],17,UCJZqPyfUdhsgEdX3-he3ZVQ,PT8S,hd,False,False,,81.0,0.0,0.0,public,youtube,
7pZQfPdmZC8,Rahinge batuudil teine hüpe :),2010-08-24T13:42:56Z,['rahinge'],17,UCJZqPyfUdhsgEdX3-he3ZVQ,PT14S,hd,False,False,,145.0,0.0,0.0,public,youtube,"['https://en.wikipedia.org/wiki/Hobby', 'https://en.wikipedia.org/wiki/Lifestyle_(sociology)']"
IZiLoHOf_GM,"Rahinge Stiilikunn´10, Armani duubeldab?",2010-08-21T18:58:44Z,['rahinge'],17,UCJZqPyfUdhsgEdX3-he3ZVQ,PT8S,hd,False,False,,142.0,1.0,0.0,public,youtube,"['https://en.wikipedia.org/wiki/Hobby', 'https://en.wikipedia.org/wiki/Lifestyle_(sociology)']"
671013qjP2U,"Rahinge Stiilikunn´10 , Hans-Kristjan Ladva duubeldamas",2010-08-21T18:52:05Z,['rahinge'],17,UCJZqPyfUdhsgEdX3-he3ZVQ,PT5S,hd,False,False,,248.0,1.0,0.0,public,youtube,"['https://en.wikipedia.org/wiki/Hobby', 'https://en.wikipedia.org/wiki/Lifestyle_(sociology)']"
32N7bdVuekE,"Raginge Stiilikunn´10, Tauno batuudikunn",2010-08-21T18:47:42Z,['rahinge'],17,UCJZqPyfUdhsgEdX3-he3ZVQ,PT5S,hd,False,False,,96.0,0.0,0.0,public,youtube,"['https://en.wikipedia.org/wiki/Hobby', 'https://en.wikipedia.org/wiki/Lifestyle_(sociology)']"
EZ0z-vHBU58,"Rahinge Stiilikunn´10, vend filmib venda",2010-08-21T18:11:37Z,['rahinge'],17,UCJZqPyfUdhsgEdX3-he3ZVQ,PT6S,hd,False,False,,131.0,1.0,0.0,public,youtube,
_IdDAHvw6HA,"Rahinge Stiilikunn´10, Jorma batuudil-2",2010-08-21T18:01:16Z,['rahinge'],17,UCJZqPyfUdhsgEdX3-he3ZVQ,PT4S,hd,False,False,,123.0,0.0,0.0,public,youtube,"['https://en.wikipedia.org/wiki/Hobby', 'https://en.wikipedia.org/wiki/Lifestyle_(sociology)']"
jKldSFyme-A,"Rahinge Stiilikunn´10, Jorma batuudil",2010-08-21T17:50:43Z,['rahinge'],17,UCJZqPyfUdhsgEdX3-he3ZVQ,PT6S,hd,False,False,,145.0,0.0,0.0,public,youtube,['https://en.wikipedia.org/wiki/Sport']
4I70CTEWMPY,"Rahinge 17-Aug-2010,  crashi hüppele eelnev soojendushüpe",2010-08-18T16:54:22Z,['rahinge'],17,UCJZqPyfUdhsgEdX3-he3ZVQ,PT12S,hd,False,False,,156.0,0.0,0.0,public,youtube,['https://en.wikipedia.org/wiki/Lifestyle_(sociology)']
kth9hNn37N0,"Rahinge 17-aug-2010,  parima crashi kandidaat ?",2010-08-17T19:32:42Z,['rahinge'],17,UCJZqPyfUdhsgEdX3-he3ZVQ,PT49S,hd,False,False,,283.0,0.0,0.0,public,youtube,['https://en.wikipedia.org/wiki/Lifestyle_(sociology)']
xSkVmsZJIh8,"Rahinge 17-Aug-2010,  backarit ikka veel lihvimas",2010-08-17T19:06:31Z,"['rahinge;', 'backflip']",17,UCJZqPyfUdhsgEdX3-he3ZVQ,PT8S,hd,False,False,,107.0,0.0,0.0,public,youtube,['https://en.wikipedia.org/wiki/Lifestyle_(sociology)']
iBPW-bBh1ck,"Rahinge 16-Juuli-2010, backflipi lihvimas",2010-08-16T19:30:47Z,"['rahinge;', 'backflip']",17,UCJZqPyfUdhsgEdX3-he3ZVQ,PT9S,hd,False,False,,75.0,0.0,0.0,public,youtube,['https://en.wikipedia.org/wiki/Lifestyle_(sociology)']
0i9gmLVGw00,"Rahinge 25-Juuli-2010 Tony SW BacFlip ,vale õlg ees :)",2010-07-25T15:56:23Z,['Rahinge'],17,UCJZqPyfUdhsgEdX3-he3ZVQ,PT5S,hd,False,False,,121.0,0.0,0.0,public,youtube,"['https://en.wikipedia.org/wiki/Hobby', 'https://en.wikipedia.org/wiki/Lifestyle_(sociology)']"
jrZBXjuv-XM,Rahinge 25-Juuli 2010 Rainar BackFlip,2010-07-25T15:55:17Z,['rahinge'],17,UCJZqPyfUdhsgEdX3-he3ZVQ,PT6S,hd,False,False,,84.0,0.0,0.0,public,youtube,['https://en.wikipedia.org/wiki/Sport']
6iNHH0omna0,Rahinge 25-Juuli-2010 Rainar SW Backflip,2010-07-25T15:51:45Z,['rahinge'],17,UCJZqPyfUdhsgEdX3-he3ZVQ,PT7S,hd,False,False,,84.0,0.0,0.0,public,youtube,['https://en.wikipedia.org/wiki/Lifestyle_(sociology)']
HJ-VWDLC5Bk,"Rahinge 25-Juuli-2010 Olka ""käsi ei ulatanud seekord maha"" trikk :)",2010-07-25T15:50:05Z,['rahinge'],17,UCJZqPyfUdhsgEdX3-he3ZVQ,PT6S,hd,False,False,,156.0,0.0,1.0,public,youtube,"['https://en.wikipedia.org/wiki/Hobby', 'https://en.wikipedia.org/wiki/Lifestyle_(sociology)']"
46wrydL_68U,Rahinge 25-Juuli-2010  Rainar SWRodeo vist,2010-07-25T15:48:40Z,['rahinge'],17,UCJZqPyfUdhsgEdX3-he3ZVQ,PT6S,hd,False,False,,76.0,0.0,0.0,public,youtube,
ZX68-U5qC8M,Rahinge 15-Juuli-2010,2010-07-15T21:03:28Z,['rahinge'],17,UCJZqPyfUdhsgEdX3-he3ZVQ,PT19S,hd,False,False,,128.0,0.0,0.0,public,youtube,['https://en.wikipedia.org/wiki/Lifestyle_(sociology)']
F-N_DKz03wk,Rahinge Open` 2010 10.juuli,2010-07-12T20:44:11Z,"['rahinge', 'double', 'misty']",17,UCJZqPyfUdhsgEdX3-he3ZVQ,PT8S,hd,False,False,,239.0,1.0,0.0,public,youtube,['https://en.wikipedia.org/wiki/Sport']
9qsBXorEAeI,Rahinge Open` 2010 10.juuli,2010-07-12T20:35:17Z,"['rahinge', 'misty540']",17,UCJZqPyfUdhsgEdX3-he3ZVQ,PT7S,hd,False,False,,85.0,0.0,0.0,public,youtube,['https://en.wikipedia.org/wiki/Sport']
EX17-PFuo7s,Rahinge Open` 2010 10.juuli,2010-07-10T20:46:57Z,['FILE0076'],17,UCJZqPyfUdhsgEdX3-he3ZVQ,PT41S,hd,False,False,,261.0,1.0,0.0,public,youtube,['https://en.wikipedia.org/wiki/Sport']
lnznX8p4XgE,Rahinge Open` 2010 10.juuli,2010-07-10T20:29:16Z,"['triple', 'backflip', 'rahinge']",17,UCJZqPyfUdhsgEdX3-he3ZVQ,PT9S,hd,False,False,,155.0,0.0,0.0,public,youtube,"['https://en.wikipedia.org/wiki/Hobby', 'https://en.wikipedia.org/wiki/Sport']"
4Y-tusjjdZQ,SonimETVRingvaates,2010-06-20T19:07:21Z,"['sonim', 'xp3', 'enduro', 'germandia', 'rahinge', 'www.sonim.ee']",17,UCJZqPyfUdhsgEdX3-he3ZVQ,PT9M,hd,False,False,,133.0,0.0,0.0,public,youtube,
WtsD85bE7bY,LätiSupermäääääänRahingeLahtisteUstePäeval2010,2010-06-20T15:30:17Z,['rahinge'],17,UCJZqPyfUdhsgEdX3-he3ZVQ,PT5S,hd,False,False,,188.0,0.0,0.0,public,youtube,"['https://en.wikipedia.org/wiki/Hobby', 'https://en.wikipedia.org/wiki/Lifestyle_(sociology)']"
dQVWb_I4dfw,LätiSaltoKoondisRahingeLahtisteUstePäeval2010.wmv,2010-06-20T15:16:54Z,['LätiSaltoKoondisRahingeLahtisteUstePäeval2010'],17,UCJZqPyfUdhsgEdX3-he3ZVQ,PT24S,hd,False,False,,206.0,0.0,0.0,public,youtube,['https://en.wikipedia.org/wiki/Lifestyle_(sociology)']
sbjnkpyq-Q0,"Rahinge Lahtised Uksede 2010, Ahto Palmre täitsa suukur juba :)",2010-06-20T07:32:41Z,['rahinge'],17,UCJZqPyfUdhsgEdX3-he3ZVQ,PT8S,hd,False,False,,239.0,0.0,0.0,public,youtube,['https://en.wikipedia.org/wiki/Lifestyle_(sociology)']
sULjkS6YNBw,"Rahinge Lahtised Uksed 2010, LandRover Defenderi peegel is Best :)",2010-06-20T07:19:53Z,['rahinge'],17,UCJZqPyfUdhsgEdX3-he3ZVQ,PT4S,hd,False,False,,326.0,0.0,0.0,public,youtube,['https://en.wikipedia.org/wiki/Vehicle']
6ZH3mkYfp88,"Rahinge Lahtised Uksed 2010, lätlase duubel",2010-06-20T07:15:00Z,['rahinge'],17,UCJZqPyfUdhsgEdX3-he3ZVQ,PT4S,hd,False,False,,338.0,0.0,0.0,public,youtube,
Xwqux5jBd1g,"Rahinge Lahtised Uksed 2010, Ahto Palmre nüüdsest suuskur :)",2010-06-20T07:08:59Z,['rahinge'],17,UCJZqPyfUdhsgEdX3-he3ZVQ,PT7S,hd,False,False,,263.0,0.0,0.0,public,youtube,['https://en.wikipedia.org/wiki/Lifestyle_(sociology)']
jOXIqiZY6wk,"Rahinge Lahtised uksed 2010, Oliver Karindi tupla",2010-06-20T07:03:05Z,"['rahinge;', 'double', 'back', 'flip']",17,UCJZqPyfUdhsgEdX3-he3ZVQ,PT8S,hd,False,False,,463.0,0.0,0.0,public,youtube,['https://en.wikipedia.org/wiki/Lifestyle_(sociology)']
CJ7fEKWkXqU,JormaPäkkarTõrva15-mai-2010.wmv,2010-05-16T08:51:58Z,"['tõrva;', 'rahinge']",17,UCJZqPyfUdhsgEdX3-he3ZVQ,PT5S,hd,False,False,,272.0,0.0,0.0,public,youtube,
au8OIR-03cw,Tõrva 15-Mai-2010.wmv,2010-05-15T20:41:20Z,"['rahinge;', 'tõrva']",17,UCJZqPyfUdhsgEdX3-he3ZVQ,PT56S,hd,False,False,,1232.0,1.0,,public,youtube,['https://en.wikipedia.org/wiki/Lifestyle_(sociology)']
Ne4MnuLx82U,"tupla front, Mofy 2010 ( Master of Ylläs)",2010-05-03T20:58:45Z,"['tupla front; yllas', 'mofy', 'rahinge']",17,UCJZqPyfUdhsgEdX3-he3ZVQ,PT7S,hd,False,False,,2715.0,4.0,0.0,public,youtube,['https://en.wikipedia.org/wiki/Lifestyle_(sociology)']
BQ1XMoxb_t4,"2x rodeo/flatspin flip, Mofy 2010 ( Master of Ylläs)",2010-05-03T20:46:31Z,"['double flatspin flip; yllas', 'rahinge; mofy']",17,UCJZqPyfUdhsgEdX3-he3ZVQ,PT8S,hd,False,False,,1500.0,1.0,0.0,public,youtube,['https://en.wikipedia.org/wiki/Lifestyle_(sociology)']
_ADFwAXiT64,"3x double cork, Mofy2010( master of Yllas)",2010-05-03T20:37:59Z,"['yllas; rahinge', 'tupla cork; double cork']",17,UCJZqPyfUdhsgEdX3-he3ZVQ,PT18S,hd,False,False,,4254.0,4.0,1.0,public,youtube,['https://en.wikipedia.org/wiki/Lifestyle_(sociology)']
8a1JD3qk92Y,Miss MOFY ( Master of Yllas ) 2010 Kelly Sildaru,2010-05-03T08:32:24Z,"['Master of Yllas; MOFY', 'Kelly Sildaru']",17,UCJZqPyfUdhsgEdX3-he3ZVQ,PT12S,hd,False,False,,1652.0,1.0,0.0,public,youtube,['https://en.wikipedia.org/wiki/Lifestyle_(sociology)']
GW7816AdgDc,Yllas double backflip japan crab,2010-04-29T16:01:00Z,"['yllas;', 'master', 'off', 'rahinge']",17,UCJZqPyfUdhsgEdX3-he3ZVQ,PT8S,hd,False,False,,1867.0,3.0,1.0,public,youtube,['https://en.wikipedia.org/wiki/Lifestyle_(sociology)']
_8iQxxqcvoQ,Kuutsekas 11-Aprill-2010,2010-04-18T09:26:24Z,"['rahinge;', 'kuutsekas;', 'switch', 'backflip']",17,UCJZqPyfUdhsgEdX3-he3ZVQ,PT7S,hd,False,False,,241.0,0.0,0.0,public,youtube,['https://en.wikipedia.org/wiki/Lifestyle_(sociology)']
p_i3eTt7AtA,rahinge 17-Aprill-2010.mp4,2010-04-17T17:38:06Z,['Rahinge'],17,UCJZqPyfUdhsgEdX3-he3ZVQ,PT17S,hd,False,False,,235.0,0.0,0.0,public,youtube,['https://en.wikipedia.org/wiki/Lifestyle_(sociology)']
AQoZ_Y8vs8w,Kuutsekas 04-Apr-2010.wmv,2010-04-04T20:38:57Z,"['kuutsekas', 'kuutsemäe', 'kuutsemägi', 'rahinge']",17,UCJZqPyfUdhsgEdX3-he3ZVQ,PT1M47S,hd,False,False,,669.0,0.0,0.0,public,youtube,['https://en.wikipedia.org/wiki/Lifestyle_(sociology)']
migg8jtcAUw,24-Veebruar-2010,2010-02-24T21:21:30Z,"['24', 'Veebruar', '2010']",17,UCJZqPyfUdhsgEdX3-he3ZVQ,PT28S,hd,False,False,,115.0,0.0,0.0,public,youtube,
zJRFpJVPX-4,OffRoud Tartus 31-okt-2009,2009-10-31T20:30:20Z,['FILE0009'],17,UCJZqPyfUdhsgEdX3-he3ZVQ,PT36S,hd,False,False,,344.0,0.0,0.0,public,youtube,"['https://en.wikipedia.org/wiki/Lifestyle_(sociology)', 'https://en.wikipedia.org/wiki/Vehicle']"
HTlg-D5OXII,Rahinge 11-Oktoober-2009,2009-10-11T18:52:33Z,"['MVI', '9093']",17,UCJZqPyfUdhsgEdX3-he3ZVQ,PT9S,hd,False,False,,70.0,0.0,0.0,public,youtube,['https://en.wikipedia.org/wiki/Lifestyle_(sociology)']
HimFVub4-HY,Rahinge 19 Sept 2009,2009-09-20T20:04:00Z,['rahinge'],17,UCJZqPyfUdhsgEdX3-he3ZVQ,PT1M6S,sd,False,False,,152.0,0.0,0.0,public,youtube,['https://en.wikipedia.org/wiki/Lifestyle_(sociology)']
LlZXO1wzgjY,Rahinge 12 JUULI 2009,2009-07-12T21:30:10Z,['rahinge'],17,UCJZqPyfUdhsgEdX3-he3ZVQ,PT3M42S,sd,False,False,,118.0,1.0,0.0,public,youtube,"['https://en.wikipedia.org/wiki/Hobby', 'https://en.wikipedia.org/wiki/Lifestyle_(sociology)']"
O_aGUALRTDc,Sonim XP3 Enduro on Eestis,2008-12-12T17:51:07Z,"['SONIM', 'XP3', 'ENDURO;', 'GERMANDIA']",17,UCJZqPyfUdhsgEdX3-he3ZVQ,PT58S,sd,False,False,,1735.0,1.0,0.0,public,youtube,['https://en.wikipedia.org/wiki/Technology']
4I8EsEBwH7c,Rahinge 06-Dets-2008.wmv,2008-12-06T20:53:31Z,['rahinge'],17,UCJZqPyfUdhsgEdX3-he3ZVQ,PT1M26S,sd,False,False,,230.0,0.0,0.0,public,youtube,['https://en.wikipedia.org/wiki/Lifestyle_(sociology)']
2HiFSSfdQHk,Rahinge 01-Juuni-KaksTuhatKaheksa Aastal,2008-06-02T08:11:59Z,"['rahinge', 'frontflip', 'backflip', 'superman']",17,UCJZqPyfUdhsgEdX3-he3ZVQ,PT2M57S,sd,False,False,"{'blocked': ['BY', 'RU']}",144.0,0.0,0.0,public,youtube,"['https://en.wikipedia.org/wiki/Hobby', 'https://en.wikipedia.org/wiki/Lifestyle_(sociology)']"
7Xmb4D86r3M,Rahinge 24-Mai-2008,2008-05-24T17:06:23Z,"['rahinge', 'frontflip', 'superman', 'backflip']",17,UCJZqPyfUdhsgEdX3-he3ZVQ,PT2M53S,sd,False,False,"{'blocked': ['BY', 'RU']}",333.0,0.0,0.0,public,youtube,['https://en.wikipedia.org/wiki/Lifestyle_(sociology)']
3-NiHaE4N5U,Rahinge 23-Mai-2008,2008-05-23T20:28:26Z,"['Rahinge', 'frontflip', 'backflip']",17,UCJZqPyfUdhsgEdX3-he3ZVQ,PT1M11S,sd,False,False,,132.0,0.0,0.0,public,youtube,"['https://en.wikipedia.org/wiki/Hobby', 'https://en.wikipedia.org/wiki/Lifestyle_(sociology)']"
le_GIopyXmg,Rahinge 18-Mai-2008,2008-05-18T17:05:23Z,"['rahinge', 'frontflip', 'backflip', 'superman']",17,UCJZqPyfUdhsgEdX3-he3ZVQ,PT2M45S,sd,False,False,"{'blocked': ['AD', 'AE', 'AF', 'AG', 'AI', 'AL', 'AM', 'AO', 'AQ', 'AR', 'AS', 'AT', 'AU', 'AW', 'AX', 'AZ', 'BA', 'BB', 'BD', 'BE', 'BF', 'BG', 'BH', 'BI', 'BJ', 'BL', 'BM', 'BN', 'BO', 'BQ', 'BR', 'BS', 'BT', 'BV', 'BW', 'BY', 'BZ', 'CA', 'CC', 'CD', 'CF', 'CG', 'CH', 'CI', 'CK', 'CL', 'CM', 'CN', 'CO', 'CR', 'CU', 'CV', 'CW', 'CX', 'CY', 'CZ', 'DE', 'DJ', 'DK', 'DM', 'DO', 'DZ', 'EC', 'EE', 'EG', 'EH', 'ER', 'ES', 'ET', 'FI', 'FJ', 'FK', 'FM', 'FO', 'FR', 'GA', 'GB', 'GD', 'GE', 'GF', 'GG', 'GH', 'GI', 'GL', 'GM', 'GN', 'GP', 'GQ', 'GR', 'GS', 'GT', 'GU', 'GW', 'GY', 'HK', 'HM', 'HN', 'HR', 'HT', 'HU', 'ID', 'IE', 'IL', 'IM', 'IN', 'IO', 'IQ', 'IR', 'IS', 'IT', 'JE', 'JM', 'JO', 'JP', 'KE', 'KG', 'KH', 'KI', 'KM', 'KN', 'KP', 'KR', 'KW', 'KY', 'KZ', 'LA', 'LB', 'LC', 'LI', 'LK', 'LR', 'LS', 'LT', 'LU', 'LV', 'LY', 'MA', 'MC', 'MD', 'ME', 'MF', 'MG', 'MH', 'MK', 'ML', 'MM', 'MN', 'MO', 'MP', 'MQ', 'MR', 'MS', 'MT', 'MU', 'MV', 'MW', 'MX', 'MY', 'MZ', 'NA', 'NC', 'NE', 'NF', 'NG', 'NI', 'NL', 'NO', 'NP', 'NR', 'NU', 'NZ', 'OM', 'PA', 'PE', 'PF', 'PG', 'PH', 'PK', 'PL', 'PM', 'PN', 'PR', 'PS', 'PT', 'PW', 'PY', 'QA', 'RE', 'RO', 'RS', 'RU', 'RW', 'SA', 'SB', 'SC', 'SD', 'SE', 'SG', 'SH', 'SI', 'SJ', 'SK', 'SL', 'SM', 'SN', 'SO', 'SR', 'SS', 'ST', 'SV', 'SX', 'SY', 'SZ', 'TC', 'TD', 'TF', 'TG', 'TH', 'TJ', 'TK', 'TL', 'TM', 'TN', 'TO', 'TR', 'TT', 'TV', 'TW', 'TZ', 'UA', 'UG', 'UM', 'US', 'UY', 'UZ', 'VA', 'VC', 'VE', 'VG', 'VI', 'VN', 'VU', 'WF', 'WS', 'YE', 'YT', 'ZA', 'ZM', 'ZW']}",572.0,1.0,0.0,public,youtube,['https://en.wikipedia.org/wiki/Lifestyle_(sociology)']
eyLokfRSp_U,Rahinge 17-Mai-2008,2008-05-17T18:07:24Z,"['rahinge', 'frontflip', 'superman', 'backflip']",17,UCJZqPyfUdhsgEdX3-he3ZVQ,PT2M10S,sd,False,False,,251.0,0.0,0.0,public,youtube,['https://en.wikipedia.org/wiki/Lifestyle_(sociology)']
s533evxn-dk,Rahinge 10-Mai-2008,2008-05-10T20:14:48Z,"['rahinge', 'frontflip', 'backflip']",17,UCJZqPyfUdhsgEdX3-he3ZVQ,PT3M18S,sd,False,False,,196.0,0.0,0.0,public,youtube,['https://en.wikipedia.org/wiki/Lifestyle_(sociology)']
zbIGJVHVasI,Mingi mõtetu supermanfrontflipi üritus rahingel,2008-05-04T19:09:06Z,"['rahinge', 'superman', 'frontflip']",17,UCJZqPyfUdhsgEdX3-he3ZVQ,PT11S,sd,False,False,,526.0,2.0,0.0,public,youtube,"['https://en.wikipedia.org/wiki/Hobby', 'https://en.wikipedia.org/wiki/Lifestyle_(sociology)']"
zt6HgeMcyRI,Rahinge 04-mai-2008,2008-05-04T17:37:20Z,"['rahinge', 'frontflip', 'backflip']",17,UCJZqPyfUdhsgEdX3-he3ZVQ,PT2M27S,sd,False,False,{'blocked': ['RU']},213.0,0.0,0.0,public,youtube,['https://en.wikipedia.org/wiki/Lifestyle_(sociology)']
FBDXWGjTfo8,Rahinge 03-Mai-2008,2008-05-03T18:32:34Z,"['rahinge', 'frontflip', 'waterramp']",17,UCJZqPyfUdhsgEdX3-he3ZVQ,PT2M24S,sd,False,False,"{'blocked': ['BY', 'RU']}",446.0,0.0,0.0,public,youtube,['https://en.wikipedia.org/wiki/Lifestyle_(sociology)']
YlEuEcrOU3k,Rahinge  01-Mai-2008,2008-05-01T16:47:32Z,"['Rahinge', 'Waterramp']",17,UCJZqPyfUdhsgEdX3-he3ZVQ,PT3M1S,sd,False,False,,478.0,0.0,0.0,public,youtube,['https://en.wikipedia.org/wiki/Lifestyle_(sociology)']
psHCCSg8V4s,Ruka BatteryPark 21-25 Aprill 2008,2008-04-27T17:35:16Z,"['Ott', 'Ruka', 'BatteryPark', 'Rahinge']",17,UCJZqPyfUdhsgEdX3-he3ZVQ,PT1M36S,sd,False,False,,23007.0,20.0,12.0,public,youtube,['https://en.wikipedia.org/wiki/Lifestyle_(sociology)']
5Lj7uDPHqpg,Rahinge 13-Aprill-2008 part-2,2008-04-13T20:15:06Z,"['rahinge', 'waterramp', 'frontflip', 'backflipp']",17,UCJZqPyfUdhsgEdX3-he3ZVQ,PT1M23S,sd,False,False,,84.0,0.0,0.0,public,youtube,['https://en.wikipedia.org/wiki/Lifestyle_(sociology)']
DeCnuRHJMM8,Rahinge 13-Aprill-2008 part-1,2008-04-13T17:38:00Z,"['rahinge', 'waterramp']",17,UCJZqPyfUdhsgEdX3-he3ZVQ,PT2M26S,sd,False,False,,161.0,0.0,0.0,public,youtube,"['https://en.wikipedia.org/wiki/Hobby', 'https://en.wikipedia.org/wiki/Lifestyle_(sociology)']"
u0h63Z5zZUk,Rahinge 06-Aprill-2008,2008-04-06T17:52:29Z,['rahinge'],17,UCJZqPyfUdhsgEdX3-he3ZVQ,PT3M48S,sd,False,False,,171.0,0.0,0.0,public,youtube,['https://en.wikipedia.org/wiki/Lifestyle_(sociology)']
f8Av6CxaYZE,Rahinge 05-Aprill-2008,2008-04-05T19:36:32Z,['rahinge'],17,UCJZqPyfUdhsgEdX3-he3ZVQ,PT1M18S,sd,False,False,,291.0,0.0,0.0,public,youtube,['https://en.wikipedia.org/wiki/Lifestyle_(sociology)']
oVDSIj77ua0,Sappee Snowpark  20-23 Märts-2008,2008-04-03T17:02:30Z,"['Sappee', 'Snowpark', 'Trip', '20-23', 'Märts-2008']",17,UCJZqPyfUdhsgEdX3-he3ZVQ,PT4M11S,sd,False,False,,9875.0,15.0,7.0,public,youtube,['https://en.wikipedia.org/wiki/Lifestyle_(sociology)']
cU2GV2uj3N0,Rahinge 01-Aprill-2008,2008-04-01T17:59:26Z,['Rahinge'],17,UCJZqPyfUdhsgEdX3-he3ZVQ,PT1M31S,sd,False,False,,401.0,0.0,0.0,public,youtube,['https://en.wikipedia.org/wiki/Lifestyle_(sociology)']
pNFSbHZalqg,Kuutsekas 30-Märts-2008,2008-03-30T17:43:00Z,"['backflip', 'rahinge', 'kuutsekas', 'kuutsemäe']",17,UCJZqPyfUdhsgEdX3-he3ZVQ,PT1M42S,sd,False,False,,738.0,1.0,0.0,public,youtube,['https://en.wikipedia.org/wiki/Lifestyle_(sociology)']
c9bjqh8V9DI,RAHINGE 16-märts-2008,2008-03-16T17:10:19Z,['rahinge'],17,UCJZqPyfUdhsgEdX3-he3ZVQ,PT1M31S,sd,False,False,,146.0,0.0,0.0,public,youtube,['https://en.wikipedia.org/wiki/Lifestyle_(sociology)']
tsbPhshclts,ZAGARKALNS 11-Märts-2008,2008-03-11T23:55:13Z,"['ZAGARKALNS', 'rahinge', 'frontflip']",17,UCJZqPyfUdhsgEdX3-he3ZVQ,PT1M44S,sd,False,False,,722.0,0.0,0.0,public,youtube,['https://en.wikipedia.org/wiki/Music']
rBvlQaYWz8c,Rahinge Kevadhooaja algus 04-märts-2008,2008-03-04T18:02:58Z,"['rahinge', 'jääsuplus']",17,UCJZqPyfUdhsgEdX3-he3ZVQ,PT2M19S,sd,False,False,,370.0,0.0,0.0,public,youtube,['https://en.wikipedia.org/wiki/Lifestyle_(sociology)']
mWJrUWKwgL8,Kuutsekas 02-märts-2008,2008-03-02T16:44:15Z,"['kuutsekas', 'Jorma', 'Backflipp', 'rahinge']",17,UCJZqPyfUdhsgEdX3-he3ZVQ,PT1M33S,sd,False,False,,463.0,2.0,0.0,public,youtube,['https://en.wikipedia.org/wiki/Lifestyle_(sociology)']
sOSnxJGBxV0,Rahinge 09-Detsember-2007,2007-12-09T18:57:03Z,"['rahinge', 'waterramp', 'bigair']",17,UCJZqPyfUdhsgEdX3-he3ZVQ,PT4M23S,sd,False,False,{'blocked': ['RU']},382.0,0.0,0.0,public,youtube,"['https://en.wikipedia.org/wiki/Lifestyle_(sociology)', 'https://en.wikipedia.org/wiki/Pet']"
oijnGGq5Du4,Rahinge 28-okt-2007,2007-10-28T13:42:00Z,"['rahinge', 'waterramp']",17,UCJZqPyfUdhsgEdX3-he3ZVQ,PT2M34S,sd,False,False,,153.0,0.0,0.0,public,youtube,"['https://en.wikipedia.org/wiki/Hobby', 'https://en.wikipedia.org/wiki/Lifestyle_(sociology)']"
xKFoibuSHI0,Rahinge 21-Okt-2007 Lumi !!! Lumi !!!,2007-10-21T16:28:12Z,"['Rahinge', 'waterramp']",17,UCJZqPyfUdhsgEdX3-he3ZVQ,PT4M14S,sd,False,False,,517.0,0.0,0.0,public,youtube,['https://en.wikipedia.org/wiki/Lifestyle_(sociology)']
EoESEbX9swI,Rahinge Kolletamispäeva jämm 14-okt-2007,2007-10-15T16:48:37Z,"['rahinge', 'waterramp']",17,UCJZqPyfUdhsgEdX3-he3ZVQ,PT1M8S,sd,False,False,,160.0,0.0,0.0,public,youtube,['https://en.wikipedia.org/wiki/Lifestyle_(sociology)']
YPFMoUy06oc,Rahinge 07-okt-2007,2007-10-07T16:19:25Z,"['Rahinge', 'waterramp', 'jackass']",17,UCJZqPyfUdhsgEdX3-he3ZVQ,PT4M12S,sd,False,False,,913.0,2.0,0.0,public,youtube,['https://en.wikipedia.org/wiki/Lifestyle_(sociology)']
iFkjf45g7SM,Mardi Kostüümifront180 / misty540,2007-10-07T06:57:30Z,"['rahinge', 'germinaator', 'frontflip180', 'misty540']",17,UCJZqPyfUdhsgEdX3-he3ZVQ,PT24S,sd,False,False,,1428.0,0.0,0.0,public,youtube,"['https://en.wikipedia.org/wiki/Hobby', 'https://en.wikipedia.org/wiki/Lifestyle_(sociology)']"
evdGQQ2IHk0,Rahinge 06-okt-2007 Kostüümidraama,2007-10-06T23:16:20Z,"['Rahinge', 'waterramp']",17,UCJZqPyfUdhsgEdX3-he3ZVQ,PT6M20S,sd,False,False,,402.0,0.0,0.0,public,youtube,['https://en.wikipedia.org/wiki/Music']
fRiy3YJtx5U,Rahinge Sept-OKT jämmid,2007-10-03T16:21:44Z,"['rahinge', 'watyerramp']",17,UCJZqPyfUdhsgEdX3-he3ZVQ,PT5M1S,sd,False,False,,389.0,0.0,0.0,public,youtube,"['https://en.wikipedia.org/wiki/Hobby', 'https://en.wikipedia.org/wiki/Lifestyle_(sociology)']"
6j-hcDIed0Q,Rahinge 23-sept-2007 Sügishooaja algus.,2007-09-24T07:42:21Z,"['rahinge', 'waterramp']",17,UCJZqPyfUdhsgEdX3-he3ZVQ,PT1M20S,sd,False,False,,282.0,1.0,0.0,public,youtube,['https://en.wikipedia.org/wiki/Lifestyle_(sociology)']
BUMhe-bx9wI,Rahinge 22-sept-2007,2007-09-22T20:05:22Z,"['rahinge', 'waterramp']",17,UCJZqPyfUdhsgEdX3-he3ZVQ,PT4M4S,sd,False,False,,726.0,0.0,0.0,public,youtube,['https://en.wikipedia.org/wiki/Lifestyle_(sociology)']
h5uG5zL5M-k,Rahinge 13-21 Sept-2007,2007-09-21T20:33:29Z,"['Rahinge', 'waterramp']",17,UCJZqPyfUdhsgEdX3-he3ZVQ,PT3M7S,sd,False,False,,85.0,1.0,0.0,public,youtube,['https://en.wikipedia.org/wiki/Lifestyle_(sociology)']
-4EtVhz9iZA,RAHINGE 16-SEPT-2007,2007-09-18T09:45:38Z,['RAHINGE'],17,UCJZqPyfUdhsgEdX3-he3ZVQ,PT21S,sd,False,False,,140.0,0.0,0.0,public,youtube,
GiRuuCKlDdI,Rahinge sünnipäev 15-sept-2007,2007-09-15T20:35:17Z,"['Rahinge', 'waterramp']",17,UCJZqPyfUdhsgEdX3-he3ZVQ,PT3M3S,sd,False,False,,678.0,0.0,0.0,public,youtube,['https://en.wikipedia.org/wiki/Lifestyle_(sociology)']
5z_39GCjpe8,Rahinge 09 ja 12 Sept-2007,2007-09-12T20:40:23Z,"['Rahinge', 'waterramp', 'tudengid']",17,UCJZqPyfUdhsgEdX3-he3ZVQ,PT2M20S,sd,False,False,,378.0,0.0,0.0,public,youtube,['https://en.wikipedia.org/wiki/Lifestyle_(sociology)']
fALgFcHjWPI,Rahinge 08-sept-2007,2007-09-08T19:15:44Z,"['Rahinge', 'waterramp']",17,UCJZqPyfUdhsgEdX3-he3ZVQ,PT1M16S,sd,False,False,,295.0,0.0,0.0,public,youtube,"['https://en.wikipedia.org/wiki/Hobby', 'https://en.wikipedia.org/wiki/Lifestyle_(sociology)']"
IFilmEvmrKU,GRAZY MARCIS - One Foot Backflip,2007-09-05T19:11:46Z,"['MARCIS', 'RAHINGE', 'WATERRAMP']",17,UCJZqPyfUdhsgEdX3-he3ZVQ,PT13S,sd,False,False,,13966.0,6.0,3.0,public,youtube,['https://en.wikipedia.org/wiki/Music']
HAKyMa6kNMo,RAHINGE 26-AUG-2007,2007-08-26T21:00:08Z,"['RAHINGE', 'WATERRAMP']",17,UCJZqPyfUdhsgEdX3-he3ZVQ,PT2M57S,sd,False,False,,241.0,0.0,0.0,public,youtube,['https://en.wikipedia.org/wiki/Lifestyle_(sociology)']
skFySg5rBCw,MÄNNIKU NIKE ACG WATERJUMP 2007,2007-08-26T19:08:40Z,"['MÄNNIKU', 'WATERJUMP', 'RAHINGE']",17,UCJZqPyfUdhsgEdX3-he3ZVQ,PT9M52S,sd,False,False,,11189.0,11.0,1.0,public,youtube,['https://en.wikipedia.org/wiki/Lifestyle_(sociology)']
YCpSh1dKMsQ,Rahinge 20-21-22-23 Aug. 2007,2007-08-23T20:52:42Z,"['rahinge', 'waterramp', 'waterjump']",17,UCJZqPyfUdhsgEdX3-he3ZVQ,PT4M54S,sd,False,False,,490.0,0.0,0.0,public,youtube,"['https://en.wikipedia.org/wiki/Hobby', 'https://en.wikipedia.org/wiki/Lifestyle_(sociology)']"
VlqWQHlCeTU,Rahinge 19-aug-2007,2007-08-19T20:24:11Z,"['Rahinge', 'waterramp']",17,UCJZqPyfUdhsgEdX3-he3ZVQ,PT3M35S,sd,False,False,,540.0,1.0,0.0,public,youtube,"['https://en.wikipedia.org/wiki/Hobby', 'https://en.wikipedia.org/wiki/Lifestyle_(sociology)']"
h7IJhj3pYgE,RAHINGE 13 JA 14 AUG 2007,2007-08-14T21:04:45Z,"['RAHINGE', 'WATERRAMP']",17,UCJZqPyfUdhsgEdX3-he3ZVQ,PT1M38S,sd,False,False,"{'blocked': ['BY', 'RU']}",229.0,0.0,0.0,public,youtube,"['https://en.wikipedia.org/wiki/Hobby', 'https://en.wikipedia.org/wiki/Music']"
_99MDXTq1N0,Rahinge 12-aug-2007,2007-08-12T18:09:48Z,"['rahinge', 'waterramp']",17,UCJZqPyfUdhsgEdX3-he3ZVQ,PT3M45S,sd,False,False,,746.0,1.0,0.0,public,youtube,"['https://en.wikipedia.org/wiki/Hobby', 'https://en.wikipedia.org/wiki/Lifestyle_(sociology)']"
ROK3mWODCkQ,Rahinge 11-aug-2007 NightCamp,2007-08-12T09:16:48Z,"['Rahinge', 'waterramp', 'nightcamp']",17,UCJZqPyfUdhsgEdX3-he3ZVQ,PT3M5S,sd,False,False,,513.0,0.0,1.0,public,youtube,"['https://en.wikipedia.org/wiki/Hobby', 'https://en.wikipedia.org/wiki/Lifestyle_(sociology)']"
Z4ot0cfESzw,Rahinge 11-aug-2007,2007-08-11T18:15:15Z,"['Rahinge', 'waterramp']",17,UCJZqPyfUdhsgEdX3-he3ZVQ,PT2M4S,sd,False,False,,448.0,1.0,1.0,public,youtube,"['https://en.wikipedia.org/wiki/Hobby', 'https://en.wikipedia.org/wiki/Lifestyle_(sociology)']"
Ec_H0qHMKhs,Rahinge 05-aug-2007,2007-08-05T22:10:26Z,['rahinge'],17,UCJZqPyfUdhsgEdX3-he3ZVQ,PT2M29S,sd,False,False,"{'blocked': ['BY', 'RU']}",676.0,0.0,,public,youtube,['https://en.wikipedia.org/wiki/Lifestyle_(sociology)']
E5e4pnF4CfA,RAHINGE 04-AUG-2007,2007-08-04T18:20:56Z,['rahinge'],17,UCJZqPyfUdhsgEdX3-he3ZVQ,PT59S,sd,False,False,,319.0,0.0,0.0,public,youtube,['https://en.wikipedia.org/wiki/Lifestyle_(sociology)']
IfP8cQnubyk,RIP CURL RAHINGE COMP 2007,2007-08-04T12:59:00Z,"['rahinge', 'waterramp', 'rip', 'curl', 'germandia']",22,UCJZqPyfUdhsgEdX3-he3ZVQ,PT1M30S,sd,False,False,,2566.0,2.0,0.0,public,youtube,"['https://en.wikipedia.org/wiki/Hobby', 'https://en.wikipedia.org/wiki/Lifestyle_(sociology)']"
TozrXao3ApI,RAHINGE 03-AUG-2007,2007-08-04T08:04:38Z,['RAHINGE'],22,UCJZqPyfUdhsgEdX3-he3ZVQ,PT1M45S,sd,False,False,,236.0,1.0,0.0,public,youtube,['https://en.wikipedia.org/wiki/Lifestyle_(sociology)']
pcwdFm7iTVY,RAHINGE 02-AUG-2007,2007-08-02T20:50:13Z,['rahinge'],17,UCJZqPyfUdhsgEdX3-he3ZVQ,PT2M47S,sd,False,False,,297.0,0.0,0.0,public,youtube,['https://en.wikipedia.org/wiki/Lifestyle_(sociology)']
eiUeEQS3HXA,RAHINGE 26-juuli-2007,2007-07-26T21:44:37Z,['Rahinge'],17,UCJZqPyfUdhsgEdX3-he3ZVQ,PT2M55S,sd,False,False,,428.0,0.0,0.0,public,youtube,['https://en.wikipedia.org/wiki/Lifestyle_(sociology)']
FKrLDHToynk,Rahinge 24-juuli-2007,2007-07-24T21:26:56Z,['RAHINGE'],17,UCJZqPyfUdhsgEdX3-he3ZVQ,PT2M10S,sd,False,False,,282.0,0.0,0.0,public,youtube,"['https://en.wikipedia.org/wiki/Hobby', 'https://en.wikipedia.org/wiki/Lifestyle_(sociology)']"
a-wg3xA9Gss,RAHINGE 23-JUULI-2007,2007-07-24T06:14:20Z,['RAHINGE'],17,UCJZqPyfUdhsgEdX3-he3ZVQ,PT1M56S,sd,False,False,,273.0,0.0,0.0,public,youtube,"['https://en.wikipedia.org/wiki/Hobby', 'https://en.wikipedia.org/wiki/Lifestyle_(sociology)']"
Mta79aH1WC0,RAHINGE  22-JUULI-2007,2007-07-22T22:26:53Z,['RAHINGE'],17,UCJZqPyfUdhsgEdX3-he3ZVQ,PT3M36S,sd,False,False,,336.0,0.0,0.0,public,youtube,['https://en.wikipedia.org/wiki/Lifestyle_(sociology)']
QmI_xi2CQLg,Rahinge 21-juuli-2007,2007-07-21T19:02:51Z,['Rahinge'],17,UCJZqPyfUdhsgEdX3-he3ZVQ,PT2M44S,sd,False,False,,618.0,0.0,3.0,public,youtube,"['https://en.wikipedia.org/wiki/Hobby', 'https://en.wikipedia.org/wiki/Lifestyle_(sociology)']"
UMC0aJCWQlw,Rahinge 20-juuli-2007,2007-07-20T20:17:50Z,['rahinge'],17,UCJZqPyfUdhsgEdX3-he3ZVQ,PT1M41S,sd,False,False,,165.0,0.0,0.0,public,youtube,"['https://en.wikipedia.org/wiki/Hobby', 'https://en.wikipedia.org/wiki/Lifestyle_(sociology)']"
M8pcjLzQzqM,Rahinge 18-juuli-2007,2007-07-18T20:06:40Z,['Rahinge'],17,UCJZqPyfUdhsgEdX3-he3ZVQ,PT2M11S,sd,False,False,,320.0,1.0,0.0,public,youtube,['https://en.wikipedia.org/wiki/Lifestyle_(sociology)']
DoD7jbT_GKY,ÜLENURME RAHE 18-JUULI-2007,2007-07-18T07:55:28Z,"['RAHE', 'ÄIKE', 'TORM']",22,UCJZqPyfUdhsgEdX3-he3ZVQ,PT1M21S,sd,False,False,,1421.0,2.0,0.0,public,youtube,
eTGy9WCiP_8,Rahinge 17-juuli-2007,2007-07-17T22:19:51Z,['Rahinge'],17,UCJZqPyfUdhsgEdX3-he3ZVQ,PT1M50S,sd,False,False,,267.0,1.0,0.0,public,youtube,"['https://en.wikipedia.org/wiki/Hobby', 'https://en.wikipedia.org/wiki/Lifestyle_(sociology)']"
SVX9WwoPwMw,Rahinge 15-juuli-2007,2007-07-15T20:55:10Z,['Rahinge'],17,UCJZqPyfUdhsgEdX3-he3ZVQ,PT4M15S,sd,False,False,,419.0,0.0,0.0,public,youtube,['https://en.wikipedia.org/wiki/Lifestyle_(sociology)']
qKOjO0Q0VKA,Rahinge 14juuli2007,2007-07-14T20:42:07Z,['rahinge'],17,UCJZqPyfUdhsgEdX3-he3ZVQ,PT1M44S,sd,False,False,,5231.0,1.0,0.0,public,youtube,['https://en.wikipedia.org/wiki/Lifestyle_(sociology)']
e28_D1v5MIM,"Rahinge, Jorma fakie backflipi punnitus",2007-07-12T21:00:39Z,"['Rahinge', 'backflip']",17,UCJZqPyfUdhsgEdX3-he3ZVQ,PT5S,sd,False,False,,291.0,0.0,0.0,public,youtube,"['https://en.wikipedia.org/wiki/Hobby', 'https://en.wikipedia.org/wiki/Lifestyle_(sociology)']"
BHXHUS3UKuk,Rahinge peaka hüppamise konstruktsiooni esimene hüpe,2007-07-11T20:46:22Z,['rahinge'],17,UCJZqPyfUdhsgEdX3-he3ZVQ,PT8S,sd,False,False,,521.0,0.0,0.0,public,youtube,
xquJWN9XXac,Rahinge puhas trikk,2007-07-11T20:37:24Z,['rahinge'],17,UCJZqPyfUdhsgEdX3-he3ZVQ,PT5S,sd,False,False,,547.0,0.0,0.0,public,youtube,['https://en.wikipedia.org/wiki/Lifestyle_(sociology)']
ppQpUqWLPWc,Rahinge rattaramp esimene 360,2007-07-05T06:33:19Z,"['rahinge', 'waterramp', 'jump']",17,UCJZqPyfUdhsgEdX3-he3ZVQ,PT13S,sd,False,False,,2624.0,0.0,0.0,public,youtube,"['https://en.wikipedia.org/wiki/Hobby', 'https://en.wikipedia.org/wiki/Lifestyle_(sociology)']"
W2Ftqjf1QGA,Rahinge rattaramp,2007-07-05T06:30:50Z,"['rahinge', 'waterramp', 'jump']",17,UCJZqPyfUdhsgEdX3-he3ZVQ,PT5S,sd,False,False,,875.0,0.0,0.0,public,youtube,"['https://en.wikipedia.org/wiki/Hobby', 'https://en.wikipedia.org/wiki/Lifestyle_(sociology)']"
eidM5ifFKy4,Männikul kakerdamas,2007-05-05T17:39:47Z,"['rahinge', 'waterramp', 'jump']",17,UCJZqPyfUdhsgEdX3-he3ZVQ,PT1M26S,sd,False,False,,730.0,3.0,0.0,public,youtube,['https://en.wikipedia.org/wiki/Lifestyle_(sociology)']
iK343i8sVGg,Rahinge Waterramp OPEN 2006,2007-05-01T08:26:59Z,"['rahinge', 'waterramp', 'jump']",17,UCJZqPyfUdhsgEdX3-he3ZVQ,PT4M28S,sd,False,False,,6678.0,4.0,1.0,public,youtube,"['https://en.wikipedia.org/wiki/Hobby', 'https://en.wikipedia.org/wiki/Lifestyle_(sociology)']"
XSzv2reypNM,Rahinge waterramp,2007-05-01T08:05:15Z,"['rahinge', 'waterramp', 'jump']",17,UCJZqPyfUdhsgEdX3-he3ZVQ,PT1M3S,sd,False,False,,1155.0,1.0,0.0,public,youtube,['https://en.wikipedia.org/wiki/Lifestyle_(sociology)']
FiMxDOEQ4FI,ARSI Frontflip Zagarkalns,2007-04-07T05:24:24Z,"['Zagarkalns', 'flip']",17,UCJZqPyfUdhsgEdX3-he3ZVQ,PT10S,sd,False,False,,868.0,0.0,0.0,public,youtube,"['https://en.wikipedia.org/wiki/Hobby', 'https://en.wikipedia.org/wiki/Lifestyle_(sociology)']"
tGd_DfXsxuw,Frontflip Zagarkalns,2007-04-06T20:21:18Z,"['Zagarkalns', 'flip']",17,UCJZqPyfUdhsgEdX3-he3ZVQ,PT8S,sd,False,False,,1143.0,2.0,0.0,public,youtube,"['https://en.wikipedia.org/wiki/Hobby', 'https://en.wikipedia.org/wiki/Lifestyle_(sociology)']"
qm0dTMnbqwU,Frontflip Zagarkalns,2007-04-02T12:13:35Z,"['Zagarkalns', 'flip']",17,UCJZqPyfUdhsgEdX3-he3ZVQ,PT10S,sd,False,False,,1725.0,0.0,0.0,public,youtube,"['https://en.wikipedia.org/wiki/Hobby', 'https://en.wikipedia.org/wiki/Lifestyle_(sociology)']"
9DhVTD59cHs,Pole Dance Tallinn ❤️‍🔥 We Pole dance studio students #postitants #poledance #poledancetallinn,2024-04-05T12:24:27Z,,24,UCAM1gihWeS1QMeVrVpFMiCA,PT2M11S,hd,False,False,,152.0,3.0,1.0,public,youtube,"['https://en.wikipedia.org/wiki/Hobby', 'https://en.wikipedia.org/wiki/Lifestyle_(sociology)', 'https://en.wikipedia.org/wiki/Performing_arts']"
gbrpFXIg7Dk,"Pole Dance Tallinn 🌷 We Pole Dance Studio, Pärnu mnt 142 #postitants #poledance #poledancetallinn",2024-04-05T11:16:47Z,,24,UCAM1gihWeS1QMeVrVpFMiCA,PT25S,hd,False,False,,36.0,0.0,0.0,public,youtube,"['https://en.wikipedia.org/wiki/Hobby', 'https://en.wikipedia.org/wiki/Lifestyle_(sociology)', 'https://en.wikipedia.org/wiki/Physical_fitness']"
KMYvvKyYA8s,"Palju õnne, kallis Eesti 💙🖤🤍 #independenceday #iseseisvuspäev #eesti #postitants #poledance #polefun",2024-02-24T21:01:52Z,,24,UCAM1gihWeS1QMeVrVpFMiCA,PT7S,hd,False,False,,668.0,12.0,0.0,public,youtube,"['https://en.wikipedia.org/wiki/Hobby', 'https://en.wikipedia.org/wiki/Lifestyle_(sociology)']"
B4hCVGqstZQ,Valentine's day special! Pole Dance classes Tallinn #poledance #postitants #polesport #valentinesday,2024-02-15T09:02:06Z,,24,UCAM1gihWeS1QMeVrVpFMiCA,PT14S,hd,False,False,{'blocked': ['RU']},37.0,1.0,0.0,public,youtube,"['https://en.wikipedia.org/wiki/Hobby', 'https://en.wikipedia.org/wiki/Lifestyle_(sociology)']"
qWVbVqlcMXY,"Pole dance classes in Tallinn, We Pole Dance Studio🔥 #poledance #postitants #polesport #poledoubles",2024-02-13T07:28:55Z,,24,UCAM1gihWeS1QMeVrVpFMiCA,PT20S,hd,False,False,,34.0,0.0,0.0,public,youtube,"['https://en.wikipedia.org/wiki/Hobby', 'https://en.wikipedia.org/wiki/Lifestyle_(sociology)', 'https://en.wikipedia.org/wiki/Performing_arts']"
25hrAfGLd1c,Pole Dance classes in Tallinn 💗 #poledance #postitants #polesport #poledancetallinn #wepoledance,2024-02-09T10:47:03Z,,24,UCAM1gihWeS1QMeVrVpFMiCA,PT44S,hd,False,False,,49.0,1.0,0.0,public,youtube,"['https://en.wikipedia.org/wiki/Hobby', 'https://en.wikipedia.org/wiki/Lifestyle_(sociology)', 'https://en.wikipedia.org/wiki/Performing_arts']"
10CNO0PMQPE,Voila - Barbara Pravi - Choreography #poledance #poleography #postitants #voila #barbarapravi #dance,2024-02-08T11:17:27Z,,24,UCAM1gihWeS1QMeVrVpFMiCA,PT1M48S,hd,False,False,,1103.0,19.0,1.0,public,youtube,"['https://en.wikipedia.org/wiki/Music', 'https://en.wikipedia.org/wiki/Performing_arts']"
oFNThk0zoss,Having fun at the studio 🐕 #poledance #partneracrobatics #postitants #poledanceduo #gooddog,2024-02-07T20:49:26Z,,24,UCAM1gihWeS1QMeVrVpFMiCA,PT24S,hd,False,False,,25.0,1.0,0.0,public,youtube,"['https://en.wikipedia.org/wiki/Hobby', 'https://en.wikipedia.org/wiki/Lifestyle_(sociology)', 'https://en.wikipedia.org/wiki/Performing_arts']"
yrZHl9mfi7Q,"Love and passion for #poledance 🤩 We Pole Dance Studio, Tallinn, Estonia #postitants #performance",2024-02-07T12:56:09Z,,24,UCAM1gihWeS1QMeVrVpFMiCA,PT1M,hd,False,False,,49.0,3.0,0.0,public,youtube,"['https://en.wikipedia.org/wiki/Hobby', 'https://en.wikipedia.org/wiki/Lifestyle_(sociology)', 'https://en.wikipedia.org/wiki/Performing_arts']"
lUcywBgOcfg,The Church as Serving Body | 1 Corinthians 12:27-31,2025-09-29T14:14:59Z,"['Grace Bible Church Tallinn', 'The Church as Serving Body', 'the gospel according to Jesus Christ']",22,UCNbFuEVdoHJjDPZauD8vYcQ,PT57M46S,hd,False,False,,9.0,4.0,0.0,public,youtube,['https://en.wikipedia.org/wiki/Religion']
FcPCJXDuwPQ,Oneness in Many | 1 Corinthians 12:12-26,2025-09-28T16:20:38Z,,22,UCNbFuEVdoHJjDPZauD8vYcQ,PT56M54S,hd,False,False,,7.0,0.0,0.0,public,youtube,['https://en.wikipedia.org/wiki/Religion']
xikkIi5ra00,The Manifestation of the Spirit | 1 Corinthians 12:1-11,2025-09-18T12:07:13Z,,22,UCNbFuEVdoHJjDPZauD8vYcQ,PT41M49S,hd,False,False,,19.0,0.0,0.0,public,youtube,['https://en.wikipedia.org/wiki/Religion']
mwt4_biFBKM,The Lord’s Table | 1 Corinthians 11:17-34,2025-09-10T18:21:59Z,,22,UCNbFuEVdoHJjDPZauD8vYcQ,PT52M16S,hd,False,False,,10.0,0.0,0.0,public,youtube,['https://en.wikipedia.org/wiki/Religion']
l-drMtaOzl4,Seeking Wisdom | 1 kings 12:1-15,2025-09-01T11:56:42Z,,22,UCNbFuEVdoHJjDPZauD8vYcQ,PT50M5S,hd,False,False,,11.0,1.0,0.0,public,youtube,['https://en.wikipedia.org/wiki/Religion']
rKD8QjBhsiI,Headship & Submission | 1 Corinthians 11:2-11:15,2025-09-01T11:36:25Z,,22,UCNbFuEVdoHJjDPZauD8vYcQ,PT1H7S,hd,False,False,,9.0,0.0,0.0,public,youtube,['https://en.wikipedia.org/wiki/Religion']
U9eRoXai-jw,Liberty & God’s Glory | 1 Corinthians 10:23-11:1,2025-08-20T20:50:59Z,,22,UCNbFuEVdoHJjDPZauD8vYcQ,PT57M23S,hd,False,False,,11.0,0.0,0.0,public,youtube,['https://en.wikipedia.org/wiki/Religion']
6cVQ03fUXwQ,Fleeing and Fellowship | 1 Corinthians 10:14-22,2025-08-20T20:01:04Z,,22,UCNbFuEVdoHJjDPZauD8vYcQ,PT47M5S,hd,False,False,,2.0,0.0,0.0,public,youtube,['https://en.wikipedia.org/wiki/Religion']
vU65MX_6uPQ,Grace Bible Church Welcomes You,2025-08-04T06:21:15Z,,22,UCNbFuEVdoHJjDPZauD8vYcQ,PT2M46S,hd,False,False,,259.0,14.0,0.0,public,youtube,"['https://en.wikipedia.org/wiki/Christian_music', 'https://en.wikipedia.org/wiki/Religion']"
Y9kWTAHrY7Q,The Unfailing Hope | 1 Corinthians 10:11-13,2025-08-04T06:15:13Z,,22,UCNbFuEVdoHJjDPZauD8vYcQ,PT1H25M2S,hd,False,False,,30.0,1.0,0.0,public,youtube,['https://en.wikipedia.org/wiki/Religion']
uoE1Z-Y6QqY,Grounding our encouragement in future inheritance | 1 Peter 1:1-9,2025-07-31T20:26:45Z,,22,UCNbFuEVdoHJjDPZauD8vYcQ,PT1H30M51S,hd,False,False,,26.0,1.0,0.0,public,youtube,['https://en.wikipedia.org/wiki/Religion']
deiB4HB5Z9M,Teachings from wilderness | 1 Corinthians 10:1-11,2025-07-27T04:27:02Z,,22,UCNbFuEVdoHJjDPZauD8vYcQ,PT1H34M1S,hd,False,False,,15.0,2.0,0.0,public,youtube,['https://en.wikipedia.org/wiki/Religion']
41gOBeYel8o,Four marks of a healthy Christian | Romans 16:1-16,2025-07-25T21:59:11Z,,22,UCNbFuEVdoHJjDPZauD8vYcQ,PT1H8M46S,hd,False,False,,16.0,0.0,0.0,public,youtube,['https://en.wikipedia.org/wiki/Religion']
EyUMr9f6Nf4,Christian Race | 1 Corinthians 9:24-27,2025-07-11T20:41:48Z,,22,UCNbFuEVdoHJjDPZauD8vYcQ,PT1H11M17S,hd,False,False,,13.0,1.0,0.0,public,youtube,['https://en.wikipedia.org/wiki/Religion']
Crd3aTXW8GU,Becoming all things to all people for the sake of Gospel | 1 Corinthians 9:19-23,2025-07-01T14:18:31Z,,22,UCNbFuEVdoHJjDPZauD8vYcQ,PT1H30M54S,hd,False,False,,15.0,1.0,0.0,public,youtube,"['https://en.wikipedia.org/wiki/Religion', 'https://en.wikipedia.org/wiki/Society']"
YUxYVDsKDgI,Serving for the gospel | 1 Corinthians 9:16-18,2025-06-25T18:58:04Z,,22,UCNbFuEVdoHJjDPZauD8vYcQ,PT1H23M46S,hd,False,False,,10.0,1.0,0.0,public,youtube,['https://en.wikipedia.org/wiki/Religion']
oeVZVz-J0h8,Surrender rights for the sake of the gospel | 1 Corinthians 9:1-15,2025-06-17T13:02:18Z,,22,UCNbFuEVdoHJjDPZauD8vYcQ,PT1H12M13S,hd,False,False,,37.0,1.0,0.0,public,youtube,['https://en.wikipedia.org/wiki/Religion']
FPr-GXM3Dsg,Zehnder EVO ventilatsiooniseade HRV & ERV,2025-07-31T14:44:11Z,,22,UCTBH6WzgsocAFLED9rDLkVw,PT3M28S,hd,False,False,,27.0,0.0,0.0,public,youtube,['https://en.wikipedia.org/wiki/Technology']
6cJjzspI3Vk,Haier Pearl Nordic,2025-05-15T12:26:26Z,,22,UCTBH6WzgsocAFLED9rDLkVw,PT3M11S,hd,False,False,,21.0,0.0,0.0,public,youtube,['https://en.wikipedia.org/wiki/Technology']
oi1XIKf62b0,ecoFOREST ecoAIR,2024-11-28T15:00:01Z,,22,UCTBH6WzgsocAFLED9rDLkVw,PT2M12S,hd,False,False,,93.0,0.0,0.0,public,youtube,
_coeY5YVmik,EcoForest ecoGEO+PRO,2024-11-28T14:53:36Z,,22,UCTBH6WzgsocAFLED9rDLkVw,PT1M45S,hd,False,False,,86.0,0.0,0.0,public,youtube,
wgbVfBIMQh0,SAMSUNG VRF DVM S WATER põhimõte,2024-06-07T06:17:46Z,,22,UCTBH6WzgsocAFLED9rDLkVw,PT4M17S,hd,False,False,,5.0,0.0,0.0,public,youtube,['https://en.wikipedia.org/wiki/Technology']
IOdYzN74oqY,Samsung EHS HT R290,2023-12-05T10:22:53Z,,22,UCTBH6WzgsocAFLED9rDLkVw,PT30S,hd,False,False,,248.0,0.0,0.0,public,youtube,['https://en.wikipedia.org/wiki/Technology']
2HG3VJYh8JE,EcoForest E - Manager,2023-11-23T08:01:35Z,,22,UCTBH6WzgsocAFLED9rDLkVw,PT3M21S,hd,False,False,,20.0,0.0,0.0,public,youtube,
Uu0GGRNn1rA,Zehnder ComfoAir Q & Q ERV,2023-07-03T13:33:47Z,,22,UCTBH6WzgsocAFLED9rDLkVw,PT4M29S,hd,False,False,,47.0,0.0,0.0,public,youtube,"['https://en.wikipedia.org/wiki/Health', 'https://en.wikipedia.org/wiki/Technology']"
b4uVM1HJYFI,Samsung Wind Free 600*600 laekasett,2023-02-06T14:12:04Z,,22,UCTBH6WzgsocAFLED9rDLkVw,PT10S,hd,False,False,,9.0,0.0,0.0,public,youtube,"['https://en.wikipedia.org/wiki/Lifestyle_(sociology)', 'https://en.wikipedia.org/wiki/Technology']"
ZMv-3e3R-rE,Samsung Wind Free One Way laekassett,2023-02-06T14:11:01Z,,22,UCTBH6WzgsocAFLED9rDLkVw,PT11S,hd,False,False,,9.0,0.0,0.0,public,youtube,"['https://en.wikipedia.org/wiki/Lifestyle_(sociology)', 'https://en.wikipedia.org/wiki/Technology']"
DWPcxpYB6lc,Samsung Wind Free,2023-02-06T14:09:59Z,,22,UCTBH6WzgsocAFLED9rDLkVw,PT12S,hd,False,False,,3.0,0.0,0.0,public,youtube,['https://en.wikipedia.org/wiki/Technology']
s38SQ-FCYP0,Samsung Wind Free,2023-02-06T14:03:26Z,,22,UCTBH6WzgsocAFLED9rDLkVw,PT31S,hd,False,False,,1.0,0.0,0.0,public,youtube,"['https://en.wikipedia.org/wiki/Lifestyle_(sociology)', 'https://en.wikipedia.org/wiki/Technology']"
VL5dD7l34so,Samsung HTLN eriti vaikne,2023-02-06T13:58:28Z,,22,UCTBH6WzgsocAFLED9rDLkVw,PT1M1S,hd,False,False,,106.0,0.0,0.0,public,youtube,['https://en.wikipedia.org/wiki/Technology']
U4kIHiffaUM,Samsung HTLN 70*C,2023-02-06T13:56:37Z,,22,UCTBH6WzgsocAFLED9rDLkVw,PT1M,hd,False,False,,63.0,0.0,0.0,public,youtube,['https://en.wikipedia.org/wiki/Technology']
P-tBvblucys,Samsung HTLN,2023-02-06T13:28:45Z,,22,UCTBH6WzgsocAFLED9rDLkVw,PT36S,hd,False,False,,13.0,0.0,0.0,public,youtube,['https://en.wikipedia.org/wiki/Technology']
5agl6_3tvAg,Samsung HTLN,2023-02-06T13:27:00Z,,22,UCTBH6WzgsocAFLED9rDLkVw,PT52S,hd,False,False,,68.0,0.0,0.0,public,youtube,['https://en.wikipedia.org/wiki/Technology']
84ttHqHonP8,Samsung Smart Things Sinu Kodus,2023-02-06T13:23:40Z,,22,UCTBH6WzgsocAFLED9rDLkVw,PT1M13S,hd,False,False,,7.0,0.0,0.0,public,youtube,['https://en.wikipedia.org/wiki/Technology']
Xbz_iFT90T8,Samsung Smart Things Automatiseerimine,2023-02-06T13:19:02Z,,22,UCTBH6WzgsocAFLED9rDLkVw,PT1M24S,hd,False,False,,9.0,0.0,0.0,public,youtube,['https://en.wikipedia.org/wiki/Technology']
J3uOmzDqOzY,Samsung Smart Things,2023-02-06T13:14:54Z,,22,UCTBH6WzgsocAFLED9rDLkVw,PT1M10S,hd,False,False,,6.0,0.0,0.0,public,youtube,['https://en.wikipedia.org/wiki/Technology']
79tdPt2EkBs,Smart Things - ikka juhtub,2023-02-06T13:09:52Z,,22,UCTBH6WzgsocAFLED9rDLkVw,PT33S,hd,False,False,,7.0,0.0,0.0,public,youtube,"['https://en.wikipedia.org/wiki/Lifestyle_(sociology)', 'https://en.wikipedia.org/wiki/Technology']"
0FhYDYzaWm8,Entalpia Niiskustagastusega soojusvaheti põhitõde,2023-02-06T07:41:53Z,,22,UCTBH6WzgsocAFLED9rDLkVw,PT2M44S,hd,False,False,,23.0,0.0,0.0,public,youtube,['https://en.wikipedia.org/wiki/Health']
SRISYejF7DU,Uus Samsung EHS Mono HT,2022-10-17T05:19:05Z,,22,UCTBH6WzgsocAFLED9rDLkVw,PT1M3S,hd,False,False,,188.0,0.0,0.0,public,youtube,['https://en.wikipedia.org/wiki/Technology']
ftmRI4GGGDo,SAMSUNG EHS Mono HT,2022-10-17T05:17:06Z,,22,UCTBH6WzgsocAFLED9rDLkVw,PT2M27S,hd,False,False,,567.0,1.0,0.0,public,youtube,['https://en.wikipedia.org/wiki/Technology']
JXnNzMJ8GeQ,Eesti Soojuspumba Liit 3,2022-09-29T05:12:29Z,,22,UCTBH6WzgsocAFLED9rDLkVw,PT3M37S,hd,False,False,,12.0,1.0,0.0,public,youtube,
zlT6tU-nsyY,Eesti Soojuspumba Liit 2,2022-09-29T05:11:30Z,,22,UCTBH6WzgsocAFLED9rDLkVw,PT3M8S,hd,False,False,,1.0,0.0,0.0,public,youtube,
PfK6wqDDWNw,Welcome to Samsung,2022-09-23T05:21:41Z,,22,UCTBH6WzgsocAFLED9rDLkVw,PT1M23S,hd,False,False,,17.0,0.0,0.0,public,youtube,['https://en.wikipedia.org/wiki/Technology']
3XDC1B1WaVI,Mitsubishi Electric MSZ LN Kirigamine Style,2022-09-22T05:15:00Z,,22,UCTBH6WzgsocAFLED9rDLkVw,PT1M11S,hd,False,False,,236.0,0.0,0.0,public,youtube,
JdoelIrW-3c,PV lamekatuse kinnitusalus ALFA 15°,2022-08-29T07:57:02Z,,22,UCTBH6WzgsocAFLED9rDLkVw,PT1M7S,hd,False,False,,46.0,0.0,0.0,public,youtube,
YthPKXuErVA,Huawei inverter SUN2000 Smart String Inverter,2022-08-22T09:41:39Z,,22,UCTBH6WzgsocAFLED9rDLkVw,PT8M52S,hd,False,False,,83.0,0.0,0.0,public,youtube,['https://en.wikipedia.org/wiki/Technology']
WPEmiQuv-Jc,Huawei inverter SUN2000 Smart PV Controller,2022-08-22T09:33:04Z,,22,UCTBH6WzgsocAFLED9rDLkVw,PT10M50S,hd,False,False,,214.0,2.0,0.0,public,youtube,['https://en.wikipedia.org/wiki/Technology']
RhdPt9wtP3M,Huawei inverter SUN2000 Smart Energy Center,2022-08-22T09:30:29Z,,22,UCTBH6WzgsocAFLED9rDLkVw,PT7M23S,hd,False,False,,210.0,1.0,0.0,public,youtube,['https://en.wikipedia.org/wiki/Technology']
BMPxmCxlSxA,Zehnder Sissepuhkeplafoon Luna S125,2022-07-21T07:28:51Z,,22,UCTBH6WzgsocAFLED9rDLkVw,PT3M18S,hd,False,False,,145.0,0.0,0.0,public,youtube,['https://en.wikipedia.org/wiki/Technology']
JYV5Ow-M2F8,Zehnder Väljatõmbeplafoon Luna E125,2022-07-21T07:05:09Z,,22,UCTBH6WzgsocAFLED9rDLkVw,PT1M51S,hd,False,False,,167.0,0.0,0.0,public,youtube,['https://en.wikipedia.org/wiki/Technology']
v1xpUVqET6o,Zehnderi lapikkanalisüsteem,2022-07-20T11:09:36Z,,22,UCTBH6WzgsocAFLED9rDLkVw,PT2M8S,hd,False,False,,132.0,0.0,0.0,public,youtube,
SwTjSP48MtM,Zehnder ComfoSpot 50,2022-07-20T08:27:56Z,,22,UCTBH6WzgsocAFLED9rDLkVw,PT3M56S,hd,False,False,,229.0,0.0,0.0,public,youtube,['https://en.wikipedia.org/wiki/Technology']
63o5xo4MNpk,SAMSUNG 4-Way WIND FREE laekasett,2022-07-19T08:52:56Z,,22,UCTBH6WzgsocAFLED9rDLkVw,PT2M47S,hd,False,False,,145.0,0.0,0.0,public,youtube,['https://en.wikipedia.org/wiki/Technology']
FHthKdtnMmY,Samsung Wind-Free 1-way laekasett,2022-07-07T13:46:23Z,,22,UCTBH6WzgsocAFLED9rDLkVw,PT2M55S,hd,False,False,,192.0,0.0,0.0,public,youtube,['https://en.wikipedia.org/wiki/Technology']
8ui2ShAHSlM,Maasoojuspump EcoForest ecoGEO 1 6 PRO,2021-08-26T11:48:20Z,,22,UCTBH6WzgsocAFLED9rDLkVw,PT1M30S,hd,False,False,,324.0,0.0,0.0,public,youtube,
YNgkhxBfx_k,Uponor Smatrix,2021-01-11T08:15:19Z,,22,UCTBH6WzgsocAFLED9rDLkVw,PT1M56S,hd,False,False,,60.0,0.0,0.0,public,youtube,['https://en.wikipedia.org/wiki/Technology']
9CeJEWN7bXc,ComfoWell mürasummuti- jaotuskast,2020-11-11T11:14:28Z,,22,UCTBH6WzgsocAFLED9rDLkVw,PT13S,hd,False,False,,687.0,3.0,0.0,public,youtube,['https://en.wikipedia.org/wiki/Technology']
SmWV3mDpDGQ,Zehnder ComfoPipe Compact,2020-11-11T10:44:01Z,,22,UCTBH6WzgsocAFLED9rDLkVw,PT13S,hd,False,False,,746.0,5.0,0.0,public,youtube,
XRQ-b-Aj55o,Samsung Wind Free,2020-10-15T14:27:13Z,,22,UCTBH6WzgsocAFLED9rDLkVw,PT2M18S,hd,False,False,,828.0,0.0,0.0,public,youtube,['https://en.wikipedia.org/wiki/Technology']
6G07K8mCENU,Samsung 360 laekasetti tööpõhimõte,2020-10-14T10:30:14Z,,22,UCTBH6WzgsocAFLED9rDLkVw,PT3M8S,hd,False,False,,92.0,0.0,0.0,public,youtube,['https://en.wikipedia.org/wiki/Technology']
7IwfVl9zRXw,Samsung 360 laekasett,2020-10-14T10:28:50Z,,22,UCTBH6WzgsocAFLED9rDLkVw,PT2M3S,hd,False,False,,91.0,0.0,0.0,public,youtube,['https://en.wikipedia.org/wiki/Technology']
nVcOouRtr8A,Nordic Wind Free™,2020-10-14T07:19:26Z,,22,UCTBH6WzgsocAFLED9rDLkVw,PT1M1S,hd,False,False,,321.0,0.0,0.0,public,youtube,
beW3iwmsSHQ,Samsung Free Joint Multi,2020-10-14T07:03:34Z,,22,UCTBH6WzgsocAFLED9rDLkVw,PT1M32S,hd,False,False,,173.0,0.0,0.0,public,youtube,['https://en.wikipedia.org/wiki/Technology']
hQWcvwU0498,Ruumipõhine autommatika Watts Vision,2020-09-14T15:33:14Z,,22,UCTBH6WzgsocAFLED9rDLkVw,PT1M7S,hd,False,False,,8.0,0.0,0.0,public,youtube,['https://en.wikipedia.org/wiki/Technology']
yk51UNlSDeQ,Samsung EHS Õhk Vesi R410a,2020-09-04T16:26:30Z,,22,UCTBH6WzgsocAFLED9rDLkVw,PT3M34S,hd,False,False,,15.0,0.0,0.0,public,youtube,['https://en.wikipedia.org/wiki/Technology']
nChQdGFUGgY,Samsung Duct S Tutvustus,2020-09-04T16:24:01Z,,22,UCTBH6WzgsocAFLED9rDLkVw,PT2M16S,hd,False,False,,13.0,0.0,0.0,public,youtube,['https://en.wikipedia.org/wiki/Technology']
_oAxhrnDo0Y,Samsung kanali jahutus,2020-09-04T16:21:01Z,,22,UCTBH6WzgsocAFLED9rDLkVw,PT2M52S,hd,False,False,,325.0,0.0,0.0,public,youtube,['https://en.wikipedia.org/wiki/Technology']
21m-9_8lKD8,Ventilatsioon : Hügieeniline antistaatiline õhujaotustorustik,2020-08-24T11:06:55Z,,22,UCTBH6WzgsocAFLED9rDLkVw,PT3M1S,hd,False,False,,161.0,0.0,0.0,public,youtube,['https://en.wikipedia.org/wiki/Health']
KzwHh5MX3xA,Scroll Compressor,2020-08-24T10:52:01Z,,22,UCTBH6WzgsocAFLED9rDLkVw,PT1M52S,hd,False,False,,3.0,0.0,0.0,public,youtube,
G0mybGa7hA8,8 pole Compressor,2020-08-24T10:51:25Z,,22,UCTBH6WzgsocAFLED9rDLkVw,PT2M16S,hd,False,False,,1.0,0.0,0.0,public,youtube,
qjJJdoMYJ54,"Kliima, Samsung Wind Free",2020-08-24T10:49:16Z,,22,UCTBH6WzgsocAFLED9rDLkVw,PT2M24S,hd,False,False,,59.0,0.0,0.0,public,youtube,['https://en.wikipedia.org/wiki/Technology']
NdnfGlO_TB0,Õhk vesi SAMSUNG EHS R32,2020-08-17T10:16:45Z,,22,UCTBH6WzgsocAFLED9rDLkVw,PT4M50S,hd,False,False,,1220.0,1.0,0.0,public,youtube,['https://en.wikipedia.org/wiki/Technology']
RyNT7oVzrQI,Samsung Climate Hub,2020-08-17T10:12:41Z,,22,UCTBH6WzgsocAFLED9rDLkVw,PT46S,hd,False,False,,3283.0,3.0,1.0,public,youtube,['https://en.wikipedia.org/wiki/Technology']
4iMqp3ZG3lE,Maaenergia,2020-08-17T10:10:22Z,,22,UCTBH6WzgsocAFLED9rDLkVw,PT3M,hd,False,False,,52.0,0.0,0.0,public,youtube,
1Lr3tcSUYmM,Konditsioneer Samsung kanal vs. laekasett,2020-08-17T10:07:49Z,,22,UCTBH6WzgsocAFLED9rDLkVw,PT4M11S,hd,False,False,,196.0,1.0,0.0,public,youtube,['https://en.wikipedia.org/wiki/Technology']
JsZGKpdsPQw,EcoForest ecoGEO High Power,2020-08-17T10:04:21Z,,22,UCTBH6WzgsocAFLED9rDLkVw,PT2M1S,hd,False,False,,87.0,0.0,0.0,public,youtube,
SAL_tOxoZu8,EcoForest ecoGEO Compact,2020-08-17T09:56:24Z,,22,UCTBH6WzgsocAFLED9rDLkVw,PT2M1S,hd,False,False,,79.0,1.0,0.0,public,youtube,['https://en.wikipedia.org/wiki/Technology']
5Zs15B8Ue8I,EcoForest ecoGEO Basic,2020-08-17T09:54:08Z,,22,UCTBH6WzgsocAFLED9rDLkVw,PT2M1S,hd,False,False,,160.0,0.0,0.0,public,youtube,['https://en.wikipedia.org/wiki/Technology']
oNx_MJDZ9ms,"Друже, Де Ти.",2025-08-23T10:04:55Z,"['Svjata Vatra', 'Друже, Де Ти.']",10,UCiOEEQViOq96JoeRwEktCeA,PT3M38S,hd,False,True,,77.0,1.0,0.0,public,youtube,"['https://en.wikipedia.org/wiki/Music', 'https://en.wikipedia.org/wiki/Pop_music', 'https://en.wikipedia.org/wiki/Rock_music']"
bsJ2xb3pSP4,USK. LOOTUS. ARMASTUS.,2025-04-04T17:20:13Z,"['Svjata Vatra', 'USK. LOOTUS. ARMASTUS.']",10,UCiOEEQViOq96JoeRwEktCeA,PT3M33S,hd,False,True,,127.0,3.0,0.0,public,youtube,"['https://en.wikipedia.org/wiki/Music', 'https://en.wikipedia.org/wiki/Rock_music']"
cGkySUnwdes,ВІРА. НАДІЯ. ЛЮБОВ.,2025-04-04T17:19:32Z,"['Svjata Vatra', 'ВІРА. НАДІЯ. ЛЮБОВ.']",10,UCiOEEQViOq96JoeRwEktCeA,PT3M2S,hd,False,True,,136.0,2.0,0.0,public,youtube,['https://en.wikipedia.org/wiki/Music']
fa2TYtNKkFI,Ty zh mene pidmanula,2020-07-27T13:45:11Z,"['Svjata Vatra', 'Maailm, Sa Muutud / Svit, Ty Miniaeschia', 'Ty zh mene pidmanula']",10,UCiOEEQViOq96JoeRwEktCeA,PT4M19S,hd,False,True,"{'allowed': ['AT', 'BE', 'BQ', 'CH', 'CW', 'DE', 'ES', 'FI', 'GB', 'GG', 'IE', 'IM', 'JE', 'LU', 'NL', 'PT']}",922.0,7.0,0.0,public,youtube,['https://en.wikipedia.org/wiki/Music']
q6JJj7Gc7kw,"Svit, Ty minjaeschsja",2020-07-27T13:44:39Z,"['Svjata Vatra', 'Maailm, Sa Muutud / Svit, Ty Miniaeschia', 'Svit, Ty minjaeschsja']",10,UCiOEEQViOq96JoeRwEktCeA,PT2M43S,hd,False,True,"{'allowed': ['AT', 'BE', 'BQ', 'CH', 'CW', 'DE', 'ES', 'FI', 'GB', 'GG', 'IE', 'IM', 'JE', 'LU', 'NL', 'PT']}",56.0,0.0,0.0,public,youtube,['https://en.wikipedia.org/wiki/Music']
2DBw3zJl-SM,Shchedryk,2020-07-27T13:44:29Z,"['Svjata Vatra', 'Maailm, Sa Muutud / Svit, Ty Miniaeschia', 'Shchedryk']",10,UCiOEEQViOq96JoeRwEktCeA,PT3M37S,hd,False,True,"{'allowed': ['AT', 'BE', 'BQ', 'CH', 'CW', 'DE', 'ES', 'FI', 'GB', 'GG', 'IE', 'IM', 'JE', 'LU', 'NL', 'PT']}",103.0,1.0,0.0,public,youtube,['https://en.wikipedia.org/wiki/Music']
JINHHt5b6jc,Celestia Tulesõnad 2020,2020-07-27T13:44:29Z,"['Svjata Vatra', 'Maailm, Sa Muutud / Svit, Ty Miniaeschia', 'Celestia Tulesõnad 2020']",10,UCiOEEQViOq96JoeRwEktCeA,PT3M29S,hd,False,True,"{'allowed': ['AT', 'BE', 'BQ', 'CH', 'CW', 'DE', 'ES', 'FI', 'GB', 'GG', 'IE', 'IM', 'JE', 'LU', 'NL', 'PT']}",62.0,0.0,0.0,public,youtube,['https://en.wikipedia.org/wiki/Music']
JRB7wvuSLQQ,Gorila Sosna,2020-07-27T13:44:29Z,"['Svjata Vatra', 'Maailm, Sa Muutud / Svit, Ty Miniaeschia', 'Gorila Sosna']",10,UCiOEEQViOq96JoeRwEktCeA,PT5M41S,hd,False,True,"{'allowed': ['AT', 'BE', 'BQ', 'CH', 'CW', 'DE', 'ES', 'FI', 'GB', 'GG', 'IE', 'IM', 'JE', 'LU', 'NL', 'PT']}",89.0,1.0,0.0,public,youtube,['https://en.wikipedia.org/wiki/Music']
LoKfeYTsYx8,Kalyna malyna 2020,2020-07-27T13:44:29Z,"['Svjata Vatra', 'Maailm, Sa Muutud / Svit, Ty Miniaeschia', 'Kalyna malyna 2020']",10,UCiOEEQViOq96JoeRwEktCeA,PT3M50S,hd,False,True,"{'allowed': ['AT', 'BE', 'BQ', 'CH', 'CW', 'DE', 'ES', 'FI', 'GB', 'GG', 'IE', 'IM', 'JE', 'LU', 'NL', 'PT']}",271.0,3.0,0.0,public,youtube,['https://en.wikipedia.org/wiki/Music']
zwj3UIj25wo,Medley: Kolyskova / Unelaul,2020-07-27T13:44:29Z,"['Svjata Vatra', 'Maailm, Sa Muutud / Svit, Ty Miniaeschia', 'Medley: Kolyskova / Unelaul']",10,UCiOEEQViOq96JoeRwEktCeA,PT3M37S,hd,False,True,"{'allowed': ['AT', 'BE', 'BQ', 'CH', 'CW', 'DE', 'ES', 'FI', 'GB', 'GG', 'IE', 'IM', 'JE', 'LU', 'NL', 'PT']}",49.0,0.0,0.0,public,youtube,['https://en.wikipedia.org/wiki/Music']
s5hpHO3dH8c,Kalyna Malyna 2020,2020-03-19T10:09:20Z,"['Svjata vatra Maailm Sa Muutud / Svit', 'Ty Minjaeschsja Kalyna Malyna 2020']",10,UCiOEEQViOq96JoeRwEktCeA,PT3M50S,hd,False,True,"{'allowed': ['AD', 'AE', 'AF', 'AG', 'AI', 'AL', 'AM', 'AO', 'AQ', 'AR', 'AS', 'AU', 'AW', 'AZ', 'BA', 'BB', 'BD', 'BF', 'BG', 'BH', 'BI', 'BJ', 'BM', 'BN', 'BO', 'BR', 'BS', 'BT', 'BV', 'BW', 'BY', 'BZ', 'CA', 'CC', 'CF', 'CG', 'CI', 'CK', 'CL', 'CM', 'CN', 'CO', 'CR', 'CU', 'CV', 'CX', 'CY', 'CZ', 'DJ', 'DK', 'DM', 'DO', 'DZ', 'EC', 'EE', 'EG', 'EH', 'ES', 'ET', 'FI', 'FJ', 'FK', 'FM', 'FO', 'GA', 'GB', 'GD', 'GE', 'GF', 'GH', 'GI', 'GL', 'GM', 'GN', 'GP', 'GQ', 'GR', 'GT', 'GU', 'GW', 'GY', 'HK', 'HN', 'HR', 'HT', 'HU', 'ID', 'IE', 'IL', 'IN', 'IO', 'IQ', 'IR', 'IS', 'IT', 'JM', 'JO', 'JP', 'KE', 'KG', 'KH', 'KI', 'KM', 'KN', 'KP', 'KR', 'KW', 'KY', 'KZ', 'LA', 'LB', 'LC', 'LK', 'LR', 'LS', 'LT', 'LV', 'LY', 'MA', 'MD', 'ME', 'MG', 'MH', 'MK', 'ML', 'MM', 'MN', 'MO', 'MP', 'MQ', 'MR', 'MS', 'MT', 'MU', 'MV', 'MW', 'MX', 'MY', 'MZ', 'NA', 'NC', 'NE', 'NF', 'NG', 'NI', 'NO', 'NP', 'NR', 'NU', 'NZ', 'OM', 'PA', 'PE', 'PF', 'PG', 'PH', 'PK', 'PL', 'PM', 'PN', 'PR', 'PT', 'PW', 'PY', 'QA', 'RE', 'RO', 'RS', 'RU', 'RW', 'SA', 'SB', 'SC', 'SD', 'SE', 'SG', 'SH', 'SI', 'SJ', 'SK', 'SL', 'SM', 'SN', 'SO', 'SR', 'ST', 'SV', 'SY', 'SZ', 'TC', 'TD', 'TF', 'TG', 'TH', 'TJ', 'TK', 'TL', 'TM', 'TN', 'TO', 'TR', 'TT', 'TV', 'TW', 'TZ', 'UA', 'UG', 'UM', 'US', 'UY', 'UZ', 'VA', 'VC', 'VE', 'VG', 'VI', 'VN', 'VU', 'WF', 'WS', 'YE', 'ZA', 'ZM', 'ZW']}",5747.0,63.0,2.0,public,youtube,"['https://en.wikipedia.org/wiki/Music', 'https://en.wikipedia.org/wiki/Pop_music']"
SoLIvK20yuw,Tulesõnad 2020,2020-03-19T10:09:05Z,"['Svjata vatra Maailm Sa Muutud / Svit', 'Ty Minjaeschsja Tulesõnad 2020']",10,UCiOEEQViOq96JoeRwEktCeA,PT3M29S,hd,False,True,"{'allowed': ['AD', 'AE', 'AF', 'AG', 'AI', 'AL', 'AM', 'AO', 'AQ', 'AR', 'AS', 'AU', 'AW', 'AZ', 'BA', 'BB', 'BD', 'BF', 'BG', 'BH', 'BI', 'BJ', 'BM', 'BN', 'BO', 'BR', 'BS', 'BT', 'BV', 'BW', 'BY', 'BZ', 'CA', 'CC', 'CF', 'CG', 'CI', 'CK', 'CL', 'CM', 'CN', 'CO', 'CR', 'CU', 'CV', 'CX', 'CY', 'CZ', 'DJ', 'DK', 'DM', 'DO', 'DZ', 'EC', 'EE', 'EG', 'EH', 'ES', 'ET', 'FI', 'FJ', 'FK', 'FM', 'FO', 'GA', 'GB', 'GD', 'GE', 'GF', 'GH', 'GI', 'GL', 'GM', 'GN', 'GP', 'GQ', 'GR', 'GT', 'GU', 'GW', 'GY', 'HK', 'HN', 'HR', 'HT', 'HU', 'ID', 'IE', 'IL', 'IN', 'IO', 'IQ', 'IR', 'IS', 'IT', 'JM', 'JO', 'JP', 'KE', 'KG', 'KH', 'KI', 'KM', 'KN', 'KP', 'KR', 'KW', 'KY', 'KZ', 'LA', 'LB', 'LC', 'LK', 'LR', 'LS', 'LT', 'LV', 'LY', 'MA', 'MD', 'ME', 'MG', 'MH', 'MK', 'ML', 'MM', 'MN', 'MO', 'MP', 'MQ', 'MR', 'MS', 'MT', 'MU', 'MV', 'MW', 'MX', 'MY', 'MZ', 'NA', 'NC', 'NE', 'NF', 'NG', 'NI', 'NO', 'NP', 'NR', 'NU', 'NZ', 'OM', 'PA', 'PE', 'PF', 'PG', 'PH', 'PK', 'PL', 'PM', 'PN', 'PR', 'PT', 'PW', 'PY', 'QA', 'RE', 'RO', 'RS', 'RU', 'RW', 'SA', 'SB', 'SC', 'SD', 'SE', 'SG', 'SH', 'SI', 'SJ', 'SK', 'SL', 'SM', 'SN', 'SO', 'SR', 'ST', 'SV', 'SY', 'SZ', 'TC', 'TD', 'TF', 'TG', 'TH', 'TJ', 'TK', 'TL', 'TM', 'TN', 'TO', 'TR', 'TT', 'TV', 'TW', 'TZ', 'UA', 'UG', 'UM', 'US', 'UY', 'UZ', 'VA', 'VC', 'VE', 'VG', 'VI', 'VN', 'VU', 'WF', 'WS', 'YE', 'ZA', 'ZM', 'ZW']}",1006.0,15.0,0.0,public,youtube,['https://en.wikipedia.org/wiki/Music']
orjUqOMLFjs,Kolyskova,2020-03-19T10:09:05Z,"['Svjata vatra Maailm Sa Muutud / Svit', 'Ty Minjaeschsja Kolyskova']",10,UCiOEEQViOq96JoeRwEktCeA,PT3M37S,hd,False,True,"{'allowed': ['AD', 'AE', 'AF', 'AG', 'AI', 'AL', 'AM', 'AO', 'AQ', 'AR', 'AS', 'AU', 'AW', 'AZ', 'BA', 'BB', 'BD', 'BF', 'BG', 'BH', 'BI', 'BJ', 'BM', 'BN', 'BO', 'BR', 'BS', 'BT', 'BV', 'BW', 'BY', 'BZ', 'CA', 'CC', 'CF', 'CG', 'CI', 'CK', 'CL', 'CM', 'CN', 'CO', 'CR', 'CU', 'CV', 'CX', 'CY', 'CZ', 'DJ', 'DK', 'DM', 'DO', 'DZ', 'EC', 'EE', 'EG', 'EH', 'ES', 'ET', 'FI', 'FJ', 'FK', 'FM', 'FO', 'GA', 'GB', 'GD', 'GE', 'GF', 'GH', 'GI', 'GL', 'GM', 'GN', 'GP', 'GQ', 'GR', 'GT', 'GU', 'GW', 'GY', 'HK', 'HN', 'HR', 'HT', 'HU', 'ID', 'IE', 'IL', 'IN', 'IO', 'IQ', 'IR', 'IS', 'IT', 'JM', 'JO', 'JP', 'KE', 'KG', 'KH', 'KI', 'KM', 'KN', 'KP', 'KR', 'KW', 'KY', 'KZ', 'LA', 'LB', 'LC', 'LK', 'LR', 'LS', 'LT', 'LV', 'LY', 'MA', 'MD', 'ME', 'MG', 'MH', 'MK', 'ML', 'MM', 'MN', 'MO', 'MP', 'MQ', 'MR', 'MS', 'MT', 'MU', 'MV', 'MW', 'MX', 'MY', 'MZ', 'NA', 'NC', 'NE', 'NF', 'NG', 'NI', 'NO', 'NP', 'NR', 'NU', 'NZ', 'OM', 'PA', 'PE', 'PF', 'PG', 'PH', 'PK', 'PL', 'PM', 'PN', 'PR', 'PT', 'PW', 'PY', 'QA', 'RE', 'RO', 'RS', 'RU', 'RW', 'SA', 'SB', 'SC', 'SD', 'SE', 'SG', 'SH', 'SI', 'SJ', 'SK', 'SL', 'SM', 'SN', 'SO', 'SR', 'ST', 'SV', 'SY', 'SZ', 'TC', 'TD', 'TF', 'TG', 'TH', 'TJ', 'TK', 'TL', 'TM', 'TN', 'TO', 'TR', 'TT', 'TV', 'TW', 'TZ', 'UA', 'UG', 'UM', 'US', 'UY', 'UZ', 'VA', 'VC', 'VE', 'VG', 'VI', 'VN', 'VU', 'WF', 'WS', 'YE', 'ZA', 'ZM', 'ZW']}",1382.0,18.0,0.0,public,youtube,['https://en.wikipedia.org/wiki/Music']
ykHtLoutnEY,Shchedryk,2020-03-19T10:09:05Z,"['Svjata vatra Maailm Sa Muutud / Svit', 'Ty Minjaeschsja Shchedryk']",10,UCiOEEQViOq96JoeRwEktCeA,PT3M37S,hd,False,True,"{'allowed': ['AD', 'AE', 'AF', 'AG', 'AI', 'AL', 'AM', 'AO', 'AQ', 'AR', 'AS', 'AU', 'AW', 'AZ', 'BA', 'BB', 'BD', 'BF', 'BG', 'BH', 'BI', 'BJ', 'BM', 'BN', 'BO', 'BR', 'BS', 'BT', 'BV', 'BW', 'BY', 'BZ', 'CA', 'CC', 'CF', 'CG', 'CI', 'CK', 'CL', 'CM', 'CN', 'CO', 'CR', 'CU', 'CV', 'CX', 'CY', 'CZ', 'DJ', 'DK', 'DM', 'DO', 'DZ', 'EC', 'EE', 'EG', 'EH', 'ES', 'ET', 'FI', 'FJ', 'FK', 'FM', 'FO', 'GA', 'GB', 'GD', 'GE', 'GF', 'GH', 'GI', 'GL', 'GM', 'GN', 'GP', 'GQ', 'GR', 'GT', 'GU', 'GW', 'GY', 'HK', 'HN', 'HR', 'HT', 'HU', 'ID', 'IE', 'IL', 'IN', 'IO', 'IQ', 'IR', 'IS', 'IT', 'JM', 'JO', 'JP', 'KE', 'KG', 'KH', 'KI', 'KM', 'KN', 'KP', 'KR', 'KW', 'KY', 'KZ', 'LA', 'LB', 'LC', 'LK', 'LR', 'LS', 'LT', 'LV', 'LY', 'MA', 'MD', 'ME', 'MG', 'MH', 'MK', 'ML', 'MM', 'MN', 'MO', 'MP', 'MQ', 'MR', 'MS', 'MT', 'MU', 'MV', 'MW', 'MX', 'MY', 'MZ', 'NA', 'NC', 'NE', 'NF', 'NG', 'NI', 'NO', 'NP', 'NR', 'NU', 'NZ', 'OM', 'PA', 'PE', 'PF', 'PG', 'PH', 'PK', 'PL', 'PM', 'PN', 'PR', 'PT', 'PW', 'PY', 'QA', 'RE', 'RO', 'RS', 'RU', 'RW', 'SA', 'SB', 'SC', 'SD', 'SE', 'SG', 'SH', 'SI', 'SJ', 'SK', 'SL', 'SM', 'SN', 'SO', 'SR', 'ST', 'SV', 'SY', 'SZ', 'TC', 'TD', 'TF', 'TG', 'TH', 'TJ', 'TK', 'TL', 'TM', 'TN', 'TO', 'TR', 'TT', 'TV', 'TW', 'TZ', 'UA', 'UG', 'UM', 'US', 'UY', 'UZ', 'VA', 'VC', 'VE', 'VG', 'VI', 'VN', 'VU', 'WF', 'WS', 'YE', 'ZA', 'ZM', 'ZW']}",3773.0,29.0,0.0,public,youtube,['https://en.wikipedia.org/wiki/Music']
4it1ViBiKB8,Ty Zh Mene Pidmanula,2020-03-19T10:09:04Z,"['Svjata vatra Maailm Sa Muutud / Svit', 'Ty Minjaeschsja Ty Zh Mene Pidmanula']",10,UCiOEEQViOq96JoeRwEktCeA,PT4M19S,hd,False,True,"{'allowed': ['AD', 'AE', 'AF', 'AG', 'AI', 'AL', 'AM', 'AO', 'AQ', 'AR', 'AS', 'AU', 'AW', 'AZ', 'BA', 'BB', 'BD', 'BF', 'BG', 'BH', 'BI', 'BJ', 'BM', 'BN', 'BO', 'BR', 'BS', 'BT', 'BV', 'BW', 'BY', 'BZ', 'CA', 'CC', 'CF', 'CG', 'CI', 'CK', 'CL', 'CM', 'CN', 'CO', 'CR', 'CU', 'CV', 'CX', 'CY', 'CZ', 'DJ', 'DK', 'DM', 'DO', 'DZ', 'EC', 'EE', 'EG', 'EH', 'ES', 'ET', 'FI', 'FJ', 'FK', 'FM', 'FO', 'GA', 'GB', 'GD', 'GE', 'GF', 'GH', 'GI', 'GL', 'GM', 'GN', 'GP', 'GQ', 'GR', 'GT', 'GU', 'GW', 'GY', 'HK', 'HN', 'HR', 'HT', 'HU', 'ID', 'IE', 'IL', 'IN', 'IO', 'IQ', 'IR', 'IS', 'IT', 'JM', 'JO', 'JP', 'KE', 'KG', 'KH', 'KI', 'KM', 'KN', 'KP', 'KR', 'KW', 'KY', 'KZ', 'LA', 'LB', 'LC', 'LK', 'LR', 'LS', 'LT', 'LV', 'LY', 'MA', 'MD', 'ME', 'MG', 'MH', 'MK', 'ML', 'MM', 'MN', 'MO', 'MP', 'MQ', 'MR', 'MS', 'MT', 'MU', 'MV', 'MW', 'MX', 'MY', 'MZ', 'NA', 'NC', 'NE', 'NF', 'NG', 'NI', 'NO', 'NP', 'NR', 'NU', 'NZ', 'OM', 'PA', 'PE', 'PF', 'PG', 'PH', 'PK', 'PL', 'PM', 'PN', 'PR', 'PT', 'PW', 'PY', 'QA', 'RE', 'RO', 'RS', 'RU', 'RW', 'SA', 'SB', 'SC', 'SD', 'SE', 'SG', 'SH', 'SI', 'SJ', 'SK', 'SL', 'SM', 'SN', 'SO', 'SR', 'ST', 'SV', 'SY', 'SZ', 'TC', 'TD', 'TF', 'TG', 'TH', 'TJ', 'TK', 'TL', 'TM', 'TN', 'TO', 'TR', 'TT', 'TV', 'TW', 'TZ', 'UA', 'UG', 'UM', 'US', 'UY', 'UZ', 'VA', 'VC', 'VE', 'VG', 'VI', 'VN', 'VU', 'WF', 'WS', 'YE', 'ZA', 'ZM', 'ZW']}",23344.0,163.0,0.0,public,youtube,"['https://en.wikipedia.org/wiki/Music', 'https://en.wikipedia.org/wiki/Pop_music']"
VLFC7Kq9Kvo,"Svit, Ty Minjaeschsja",2020-03-19T10:09:04Z,"['Svjata vatra Maailm Sa Muutud / Svit', 'Ty Minjaeschsja Svit', 'Ty Minjaeschsja']",10,UCiOEEQViOq96JoeRwEktCeA,PT2M43S,hd,False,True,"{'allowed': ['AD', 'AE', 'AF', 'AG', 'AI', 'AL', 'AM', 'AO', 'AQ', 'AR', 'AS', 'AU', 'AW', 'AZ', 'BA', 'BB', 'BD', 'BF', 'BG', 'BH', 'BI', 'BJ', 'BM', 'BN', 'BO', 'BR', 'BS', 'BT', 'BV', 'BW', 'BY', 'BZ', 'CA', 'CC', 'CF', 'CG', 'CI', 'CK', 'CL', 'CM', 'CN', 'CO', 'CR', 'CU', 'CV', 'CX', 'CY', 'CZ', 'DJ', 'DK', 'DM', 'DO', 'DZ', 'EC', 'EE', 'EG', 'EH', 'ES', 'ET', 'FI', 'FJ', 'FK', 'FM', 'FO', 'GA', 'GB', 'GD', 'GE', 'GF', 'GH', 'GI', 'GL', 'GM', 'GN', 'GP', 'GQ', 'GR', 'GT', 'GU', 'GW', 'GY', 'HK', 'HN', 'HR', 'HT', 'HU', 'ID', 'IE', 'IL', 'IN', 'IO', 'IQ', 'IR', 'IS', 'IT', 'JM', 'JO', 'JP', 'KE', 'KG', 'KH', 'KI', 'KM', 'KN', 'KP', 'KR', 'KW', 'KY', 'KZ', 'LA', 'LB', 'LC', 'LK', 'LR', 'LS', 'LT', 'LV', 'LY', 'MA', 'MD', 'ME', 'MG', 'MH', 'MK', 'ML', 'MM', 'MN', 'MO', 'MP', 'MQ', 'MR', 'MS', 'MT', 'MU', 'MV', 'MW', 'MX', 'MY', 'MZ', 'NA', 'NC', 'NE', 'NF', 'NG', 'NI', 'NO', 'NP', 'NR', 'NU', 'NZ', 'OM', 'PA', 'PE', 'PF', 'PG', 'PH', 'PK', 'PL', 'PM', 'PN', 'PR', 'PT', 'PW', 'PY', 'QA', 'RE', 'RO', 'RS', 'RU', 'RW', 'SA', 'SB', 'SC', 'SD', 'SE', 'SG', 'SH', 'SI', 'SJ', 'SK', 'SL', 'SM', 'SN', 'SO', 'SR', 'ST', 'SV', 'SY', 'SZ', 'TC', 'TD', 'TF', 'TG', 'TH', 'TJ', 'TK', 'TL', 'TM', 'TN', 'TO', 'TR', 'TT', 'TV', 'TW', 'TZ', 'UA', 'UG', 'UM', 'US', 'UY', 'UZ', 'VA', 'VC', 'VE', 'VG', 'VI', 'VN', 'VU', 'WF', 'WS', 'YE', 'ZA', 'ZM', 'ZW']}",1654.0,12.0,0.0,public,youtube,"['https://en.wikipedia.org/wiki/Music', 'https://en.wikipedia.org/wiki/Pop_music']"
kvYvPcjfP1M,Gorila Sosna,2020-03-19T10:09:04Z,"['Svjata vatra Maailm Sa Muutud / Svit', 'Ty Minjaeschsja Gorila Sosna']",10,UCiOEEQViOq96JoeRwEktCeA,PT5M41S,hd,False,True,"{'allowed': ['AD', 'AE', 'AF', 'AG', 'AI', 'AL', 'AM', 'AO', 'AQ', 'AR', 'AS', 'AU', 'AW', 'AZ', 'BA', 'BB', 'BD', 'BF', 'BG', 'BH', 'BI', 'BJ', 'BM', 'BN', 'BO', 'BR', 'BS', 'BT', 'BV', 'BW', 'BY', 'BZ', 'CA', 'CC', 'CF', 'CG', 'CI', 'CK', 'CL', 'CM', 'CN', 'CO', 'CR', 'CU', 'CV', 'CX', 'CY', 'CZ', 'DJ', 'DK', 'DM', 'DO', 'DZ', 'EC', 'EE', 'EG', 'EH', 'ES', 'ET', 'FI', 'FJ', 'FK', 'FM', 'FO', 'GA', 'GB', 'GD', 'GE', 'GF', 'GH', 'GI', 'GL', 'GM', 'GN', 'GP', 'GQ', 'GR', 'GT', 'GU', 'GW', 'GY', 'HK', 'HN', 'HR', 'HT', 'HU', 'ID', 'IE', 'IL', 'IN', 'IO', 'IQ', 'IR', 'IS', 'IT', 'JM', 'JO', 'JP', 'KE', 'KG', 'KH', 'KI', 'KM', 'KN', 'KP', 'KR', 'KW', 'KY', 'KZ', 'LA', 'LB', 'LC', 'LK', 'LR', 'LS', 'LT', 'LV', 'LY', 'MA', 'MD', 'ME', 'MG', 'MH', 'MK', 'ML', 'MM', 'MN', 'MO', 'MP', 'MQ', 'MR', 'MS', 'MT', 'MU', 'MV', 'MW', 'MX', 'MY', 'MZ', 'NA', 'NC', 'NE', 'NF', 'NG', 'NI', 'NO', 'NP', 'NR', 'NU', 'NZ', 'OM', 'PA', 'PE', 'PF', 'PG', 'PH', 'PK', 'PL', 'PM', 'PN', 'PR', 'PT', 'PW', 'PY', 'QA', 'RE', 'RO', 'RS', 'RU', 'RW', 'SA', 'SB', 'SC', 'SD', 'SE', 'SG', 'SH', 'SI', 'SJ', 'SK', 'SL', 'SM', 'SN', 'SO', 'SR', 'ST', 'SV', 'SY', 'SZ', 'TC', 'TD', 'TF', 'TG', 'TH', 'TJ', 'TK', 'TL', 'TM', 'TN', 'TO', 'TR', 'TT', 'TV', 'TW', 'TZ', 'UA', 'UG', 'UM', 'US', 'UY', 'UZ', 'VA', 'VC', 'VE', 'VG', 'VI', 'VN', 'VU', 'WF', 'WS', 'YE', 'ZA', 'ZM', 'ZW']}",2519.0,28.0,0.0,public,youtube,"['https://en.wikipedia.org/wiki/Music', 'https://en.wikipedia.org/wiki/Pop_music']"
Obam67Qt4dw,Shchedryk,2020-01-01T00:31:43Z,"['Svjata', 'Vatra', 'Shchedryk']",10,UCiOEEQViOq96JoeRwEktCeA,PT3M37S,hd,False,True,,2289.0,18.0,0.0,public,youtube,"['https://en.wikipedia.org/wiki/Music', 'https://en.wikipedia.org/wiki/Pop_music']"
_8r67WKQtrg,Muutused / Zminy,2018-07-19T21:02:24Z,"['Svjata Vatra', 'Muutused Zminy', 'Muutused / Zminy']",10,UCiOEEQViOq96JoeRwEktCeA,PT3M4S,hd,False,True,"{'allowed': ['AT', 'BE', 'BQ', 'CH', 'CW', 'DE', 'ES', 'FI', 'GB', 'GG', 'IE', 'IM', 'JE', 'LU', 'NL', 'PT']}",57.0,0.0,0.0,public,youtube,['https://en.wikipedia.org/wiki/Music']
gj-kmMd7W1E,Jihav kozak Za Dunaj,2018-07-19T21:02:23Z,"['Svjata Vatra', 'Muutused Zminy', 'Jihav kozak Za Dunaj']",10,UCiOEEQViOq96JoeRwEktCeA,PT4M3S,hd,False,True,"{'allowed': ['AT', 'BE', 'BQ', 'CH', 'CW', 'DE', 'ES', 'FI', 'GB', 'GG', 'IE', 'IM', 'JE', 'LU', 'NL', 'PT']}",118.0,1.0,0.0,public,youtube,['https://en.wikipedia.org/wiki/Music']
hGr9WatkZT4,Hiidlase sõjalaul,2018-07-19T21:02:23Z,"['Svjata Vatra', 'Muutused Zminy', 'Hiidlase sõjalaul']",10,UCiOEEQViOq96JoeRwEktCeA,PT4M32S,hd,False,True,"{'allowed': ['AT', 'BE', 'BQ', 'CH', 'CW', 'DE', 'ES', 'FI', 'GB', 'GG', 'IE', 'IM', 'JE', 'LU', 'NL', 'PT']}",70.0,0.0,0.0,public,youtube,['https://en.wikipedia.org/wiki/Music']
fQYCgkdxAT4,Letila Zozulia,2018-07-19T21:01:48Z,"['Svjata Vatra', 'Muutused Zminy', 'Letila Zozulia']",10,UCiOEEQViOq96JoeRwEktCeA,PT5M35S,hd,False,True,"{'allowed': ['AT', 'BE', 'BQ', 'CH', 'CW', 'DE', 'ES', 'FI', 'GB', 'GG', 'IE', 'IM', 'JE', 'LU', 'NL', 'PT']}",136.0,2.0,0.0,public,youtube,['https://en.wikipedia.org/wiki/Music']
qry_Flr3FQ8,Staryi Rik Mynae,2018-07-19T21:01:48Z,"['Svjata Vatra', 'Muutused Zminy', 'Staryi Rik Mynae']",10,UCiOEEQViOq96JoeRwEktCeA,PT3M41S,hd,False,True,"{'allowed': ['AT', 'BE', 'BQ', 'CH', 'CW', 'DE', 'ES', 'FI', 'GB', 'GG', 'IE', 'IM', 'JE', 'LU', 'NL', 'PT']}",36.0,0.0,0.0,public,youtube,['https://en.wikipedia.org/wiki/Music']
FKwjv_ubw3w,Marichka Chycheri,2018-07-19T21:00:12Z,"['Svjata Vatra', 'Muutused Zminy', 'Marichka Chycheri']",10,UCiOEEQViOq96JoeRwEktCeA,PT2M20S,hd,False,True,"{'allowed': ['AT', 'BE', 'BQ', 'CH', 'CW', 'DE', 'ES', 'FI', 'GB', 'GG', 'IE', 'IM', 'JE', 'LU', 'NL', 'PT']}",78.0,2.0,0.0,public,youtube,['https://en.wikipedia.org/wiki/Music']
IQB5abo7Zqg,"Oj,to ne ruzha",2018-07-19T21:00:06Z,"['Svjata Vatra', 'Muutused Zminy', 'Oj,to ne ruzha']",10,UCiOEEQViOq96JoeRwEktCeA,PT3M14S,hd,False,True,"{'allowed': ['AT', 'BE', 'BQ', 'CH', 'CW', 'DE', 'ES', 'FI', 'GB', 'GG', 'IE', 'IM', 'JE', 'LU', 'NL', 'PT']}",52.0,0.0,0.0,public,youtube,"['https://en.wikipedia.org/wiki/Music', 'https://en.wikipedia.org/wiki/Rock_music']"
suiQT9fD02w,Torupilli Jussi Valts,2018-07-19T21:00:06Z,"['Svjata Vatra', 'Muutused Zminy', 'Torupilli Jussi Valts']",10,UCiOEEQViOq96JoeRwEktCeA,PT3M43S,hd,False,True,"{'allowed': ['AT', 'BE', 'BQ', 'CH', 'CW', 'DE', 'ES', 'FI', 'GB', 'GG', 'IE', 'IM', 'JE', 'LU', 'NL', 'PT']}",77.0,1.0,0.0,public,youtube,['https://en.wikipedia.org/wiki/Music']
0DuCIQhef3k,Oj U Vyshnevomu Sadu,2018-07-19T21:00:03Z,"['Svjata Vatra', 'Muutused Zminy', 'Oj U Vyshnevomu Sadu']",10,UCiOEEQViOq96JoeRwEktCeA,PT4M36S,hd,False,True,"{'allowed': ['AT', 'BE', 'BQ', 'CH', 'CW', 'DE', 'ES', 'FI', 'GB', 'GG', 'IE', 'IM', 'JE', 'LU', 'NL', 'PT']}",528.0,3.0,0.0,public,youtube,['https://en.wikipedia.org/wiki/Music']
FKE2l7YkQzA,Kohannja Zminyt Vse,2018-07-19T21:00:02Z,"['Svjata Vatra', 'Muutused Zminy', 'Kohannja Zminyt Vse']",10,UCiOEEQViOq96JoeRwEktCeA,PT3M36S,hd,False,True,"{'allowed': ['AT', 'BE', 'BQ', 'CH', 'CW', 'DE', 'ES', 'FI', 'GB', 'GG', 'IE', 'IM', 'JE', 'LU', 'NL', 'PT']}",105.0,0.0,0.0,public,youtube,['https://en.wikipedia.org/wiki/Music']
DhWcHAgSjs8,Hobuse Mäng,2018-07-19T21:00:01Z,"['Svjata Vatra', 'Muutused Zminy', 'Hobuse Mäng']",10,UCiOEEQViOq96JoeRwEktCeA,PT3M54S,hd,False,True,"{'allowed': ['AT', 'BE', 'BQ', 'CH', 'CW', 'DE', 'ES', 'FI', 'GB', 'GG', 'IE', 'IM', 'JE', 'LU', 'NL', 'PT']}",63.0,0.0,0.0,public,youtube,['https://en.wikipedia.org/wiki/Music']
SKSlgu5-Kqc,Oj U Poli Dva Dubky,2018-07-19T21:00:01Z,"['Svjata Vatra', 'Muutused Zminy', 'Oj U Poli Dva Dubky']",10,UCiOEEQViOq96JoeRwEktCeA,PT3M28S,hd,False,True,"{'allowed': ['AT', 'BE', 'BQ', 'CH', 'CW', 'DE', 'ES', 'FI', 'GB', 'GG', 'IE', 'IM', 'JE', 'LU', 'NL', 'PT']}",115.0,1.0,0.0,public,youtube,['https://en.wikipedia.org/wiki/Music']
Tx3065ARPYs,Kohannja Zminyt Vse,2018-05-11T08:59:34Z,"['Svjata', 'Vatra', 'Muutused', 'Zminy', 'Kohannja', 'Zminyt', 'Vse']",10,UCiOEEQViOq96JoeRwEktCeA,PT3M36S,hd,False,True,"{'allowed': ['AD', 'AE', 'AF', 'AG', 'AI', 'AL', 'AM', 'AO', 'AQ', 'AR', 'AS', 'AU', 'AW', 'AZ', 'BA', 'BB', 'BD', 'BF', 'BG', 'BH', 'BI', 'BJ', 'BM', 'BN', 'BO', 'BR', 'BS', 'BT', 'BV', 'BW', 'BY', 'BZ', 'CA', 'CC', 'CF', 'CG', 'CI', 'CK', 'CL', 'CM', 'CN', 'CO', 'CR', 'CU', 'CV', 'CX', 'CY', 'CZ', 'DJ', 'DK', 'DM', 'DO', 'DZ', 'EC', 'EE', 'EG', 'EH', 'ET', 'FJ', 'FK', 'FM', 'FO', 'FR', 'GA', 'GD', 'GE', 'GF', 'GH', 'GI', 'GL', 'GM', 'GN', 'GP', 'GQ', 'GR', 'GT', 'GU', 'GW', 'GY', 'HK', 'HN', 'HR', 'HT', 'HU', 'ID', 'IL', 'IN', 'IO', 'IQ', 'IR', 'IS', 'IT', 'JM', 'JO', 'JP', 'KE', 'KG', 'KH', 'KI', 'KM', 'KN', 'KP', 'KR', 'KW', 'KY', 'KZ', 'LA', 'LB', 'LC', 'LI', 'LK', 'LR', 'LS', 'LT', 'LV', 'LY', 'MA', 'MC', 'MD', 'ME', 'MG', 'MH', 'MK', 'ML', 'MM', 'MN', 'MO', 'MP', 'MQ', 'MR', 'MS', 'MT', 'MU', 'MV', 'MW', 'MX', 'MY', 'MZ', 'NA', 'NC', 'NE', 'NF', 'NG', 'NI', 'NO', 'NP', 'NR', 'NU', 'NZ', 'OM', 'PA', 'PE', 'PF', 'PG', 'PH', 'PK', 'PL', 'PM', 'PN', 'PR', 'PW', 'PY', 'QA', 'RE', 'RO', 'RS', 'RU', 'RW', 'SA', 'SB', 'SC', 'SD', 'SE', 'SG', 'SH', 'SI', 'SJ', 'SK', 'SL', 'SM', 'SN', 'SO', 'SR', 'ST', 'SV', 'SY', 'SZ', 'TC', 'TD', 'TF', 'TG', 'TH', 'TJ', 'TK', 'TL', 'TM', 'TN', 'TO', 'TR', 'TT', 'TV', 'TW', 'TZ', 'UA', 'UG', 'UM', 'US', 'UY', 'UZ', 'VA', 'VC', 'VE', 'VG', 'VI', 'VN', 'VU', 'WF', 'WS', 'YE', 'ZA', 'ZM', 'ZW']}",521.0,3.0,0.0,public,youtube,['https://en.wikipedia.org/wiki/Music']
3978N8G47h4,Torupilli Jussi Valts,2018-05-11T08:58:13Z,"['Svjata', 'Vatra', 'Muutused', 'Zminy', 'Torupilli', 'Jussi', 'Valts']",10,UCiOEEQViOq96JoeRwEktCeA,PT3M43S,hd,False,True,"{'allowed': ['AD', 'AE', 'AF', 'AG', 'AI', 'AL', 'AM', 'AO', 'AQ', 'AR', 'AS', 'AU', 'AW', 'AZ', 'BA', 'BB', 'BD', 'BF', 'BG', 'BH', 'BI', 'BJ', 'BM', 'BN', 'BO', 'BR', 'BS', 'BT', 'BV', 'BW', 'BY', 'BZ', 'CA', 'CC', 'CF', 'CG', 'CI', 'CK', 'CL', 'CM', 'CN', 'CO', 'CR', 'CU', 'CV', 'CX', 'CY', 'CZ', 'DJ', 'DK', 'DM', 'DO', 'DZ', 'EC', 'EE', 'EG', 'EH', 'ET', 'FJ', 'FK', 'FM', 'FO', 'FR', 'GA', 'GD', 'GE', 'GF', 'GH', 'GI', 'GL', 'GM', 'GN', 'GP', 'GQ', 'GR', 'GT', 'GU', 'GW', 'GY', 'HK', 'HN', 'HR', 'HT', 'HU', 'ID', 'IL', 'IN', 'IO', 'IQ', 'IR', 'IS', 'IT', 'JM', 'JO', 'JP', 'KE', 'KG', 'KH', 'KI', 'KM', 'KN', 'KP', 'KR', 'KW', 'KY', 'KZ', 'LA', 'LB', 'LC', 'LI', 'LK', 'LR', 'LS', 'LT', 'LV', 'LY', 'MA', 'MC', 'MD', 'ME', 'MG', 'MH', 'MK', 'ML', 'MM', 'MN', 'MO', 'MP', 'MQ', 'MR', 'MS', 'MT', 'MU', 'MV', 'MW', 'MX', 'MY', 'MZ', 'NA', 'NC', 'NE', 'NF', 'NG', 'NI', 'NO', 'NP', 'NR', 'NU', 'NZ', 'OM', 'PA', 'PE', 'PF', 'PG', 'PH', 'PK', 'PL', 'PM', 'PN', 'PR', 'PW', 'PY', 'QA', 'RE', 'RO', 'RS', 'RU', 'RW', 'SA', 'SB', 'SC', 'SD', 'SE', 'SG', 'SH', 'SI', 'SJ', 'SK', 'SL', 'SM', 'SN', 'SO', 'SR', 'ST', 'SV', 'SY', 'SZ', 'TC', 'TD', 'TF', 'TG', 'TH', 'TJ', 'TK', 'TL', 'TM', 'TN', 'TO', 'TR', 'TT', 'TV', 'TW', 'TZ', 'UA', 'UG', 'UM', 'US', 'UY', 'UZ', 'VA', 'VC', 'VE', 'VG', 'VI', 'VN', 'VU', 'WF', 'WS', 'YE', 'ZA', 'ZM', 'ZW']}",1238.0,16.0,1.0,public,youtube,['https://en.wikipedia.org/wiki/Music']
GZI1TO3lz30,Letila Zozulia,2018-05-11T08:58:11Z,"['Svjata', 'Vatra', 'Muutused', 'Zminy', 'Letila', 'Zozulia']",10,UCiOEEQViOq96JoeRwEktCeA,PT5M35S,hd,False,True,"{'allowed': ['AD', 'AE', 'AF', 'AG', 'AI', 'AL', 'AM', 'AO', 'AQ', 'AR', 'AS', 'AU', 'AW', 'AZ', 'BA', 'BB', 'BD', 'BF', 'BG', 'BH', 'BI', 'BJ', 'BM', 'BN', 'BO', 'BR', 'BS', 'BT', 'BV', 'BW', 'BY', 'BZ', 'CA', 'CC', 'CF', 'CG', 'CI', 'CK', 'CL', 'CM', 'CN', 'CO', 'CR', 'CU', 'CV', 'CX', 'CY', 'CZ', 'DJ', 'DK', 'DM', 'DO', 'DZ', 'EC', 'EE', 'EG', 'EH', 'ET', 'FJ', 'FK', 'FM', 'FO', 'FR', 'GA', 'GD', 'GE', 'GF', 'GH', 'GI', 'GL', 'GM', 'GN', 'GP', 'GQ', 'GR', 'GT', 'GU', 'GW', 'GY', 'HK', 'HN', 'HR', 'HT', 'HU', 'ID', 'IL', 'IN', 'IO', 'IQ', 'IR', 'IS', 'IT', 'JM', 'JO', 'JP', 'KE', 'KG', 'KH', 'KI', 'KM', 'KN', 'KP', 'KR', 'KW', 'KY', 'KZ', 'LA', 'LB', 'LC', 'LI', 'LK', 'LR', 'LS', 'LT', 'LV', 'LY', 'MA', 'MC', 'MD', 'ME', 'MG', 'MH', 'MK', 'ML', 'MM', 'MN', 'MO', 'MP', 'MQ', 'MR', 'MS', 'MT', 'MU', 'MV', 'MW', 'MX', 'MY', 'MZ', 'NA', 'NC', 'NE', 'NF', 'NG', 'NI', 'NO', 'NP', 'NR', 'NU', 'NZ', 'OM', 'PA', 'PE', 'PF', 'PG', 'PH', 'PK', 'PL', 'PM', 'PN', 'PR', 'PW', 'PY', 'QA', 'RE', 'RO', 'RS', 'RU', 'RW', 'SA', 'SB', 'SC', 'SD', 'SE', 'SG', 'SH', 'SI', 'SJ', 'SK', 'SL', 'SM', 'SN', 'SO', 'SR', 'ST', 'SV', 'SY', 'SZ', 'TC', 'TD', 'TF', 'TG', 'TH', 'TJ', 'TK', 'TL', 'TM', 'TN', 'TO', 'TR', 'TT', 'TV', 'TW', 'TZ', 'UA', 'UG', 'UM', 'US', 'UY', 'UZ', 'VA', 'VC', 'VE', 'VG', 'VI', 'VN', 'VU', 'WF', 'WS', 'YE', 'ZA', 'ZM', 'ZW']}",395.0,7.0,0.0,public,youtube,['https://en.wikipedia.org/wiki/Music']
0twdt_03w1I,Hiidlase Sojalaul,2018-05-11T08:58:10Z,"['Svjata', 'Vatra', 'Muutused', 'Zminy', 'Hiidlase', 'Sojalaul']",10,UCiOEEQViOq96JoeRwEktCeA,PT4M32S,hd,False,True,"{'allowed': ['AD', 'AE', 'AF', 'AG', 'AI', 'AL', 'AM', 'AO', 'AQ', 'AR', 'AS', 'AU', 'AW', 'AZ', 'BA', 'BB', 'BD', 'BF', 'BG', 'BH', 'BI', 'BJ', 'BM', 'BN', 'BO', 'BR', 'BS', 'BT', 'BV', 'BW', 'BY', 'BZ', 'CA', 'CC', 'CF', 'CG', 'CI', 'CK', 'CL', 'CM', 'CN', 'CO', 'CR', 'CU', 'CV', 'CX', 'CY', 'CZ', 'DJ', 'DK', 'DM', 'DO', 'DZ', 'EC', 'EE', 'EG', 'EH', 'ET', 'FJ', 'FK', 'FM', 'FO', 'FR', 'GA', 'GD', 'GE', 'GF', 'GH', 'GI', 'GL', 'GM', 'GN', 'GP', 'GQ', 'GR', 'GT', 'GU', 'GW', 'GY', 'HK', 'HN', 'HR', 'HT', 'HU', 'ID', 'IL', 'IN', 'IO', 'IQ', 'IR', 'IS', 'IT', 'JM', 'JO', 'JP', 'KE', 'KG', 'KH', 'KI', 'KM', 'KN', 'KP', 'KR', 'KW', 'KY', 'KZ', 'LA', 'LB', 'LC', 'LI', 'LK', 'LR', 'LS', 'LT', 'LV', 'LY', 'MA', 'MC', 'MD', 'ME', 'MG', 'MH', 'MK', 'ML', 'MM', 'MN', 'MO', 'MP', 'MQ', 'MR', 'MS', 'MT', 'MU', 'MV', 'MW', 'MX', 'MY', 'MZ', 'NA', 'NC', 'NE', 'NF', 'NG', 'NI', 'NO', 'NP', 'NR', 'NU', 'NZ', 'OM', 'PA', 'PE', 'PF', 'PG', 'PH', 'PK', 'PL', 'PM', 'PN', 'PR', 'PW', 'PY', 'QA', 'RE', 'RO', 'RS', 'RU', 'RW', 'SA', 'SB', 'SC', 'SD', 'SE', 'SG', 'SH', 'SI', 'SJ', 'SK', 'SL', 'SM', 'SN', 'SO', 'SR', 'ST', 'SV', 'SY', 'SZ', 'TC', 'TD', 'TF', 'TG', 'TH', 'TJ', 'TK', 'TL', 'TM', 'TN', 'TO', 'TR', 'TT', 'TV', 'TW', 'TZ', 'UA', 'UG', 'UM', 'US', 'UY', 'UZ', 'VA', 'VC', 'VE', 'VG', 'VI', 'VN', 'VU', 'WF', 'WS', 'YE', 'ZA', 'ZM', 'ZW']}",263.0,1.0,0.0,public,youtube,['https://en.wikipedia.org/wiki/Music']
8DgGu-rMvGo,"Oj, To Ne Ruzha",2018-05-11T08:58:10Z,"['Svjata Vatra Muutused / Zminy Oj', 'To Ne Ruzha']",10,UCiOEEQViOq96JoeRwEktCeA,PT3M14S,hd,False,True,"{'allowed': ['AD', 'AE', 'AF', 'AG', 'AI', 'AL', 'AM', 'AO', 'AQ', 'AR', 'AS', 'AU', 'AW', 'AZ', 'BA', 'BB', 'BD', 'BF', 'BG', 'BH', 'BI', 'BJ', 'BM', 'BN', 'BO', 'BR', 'BS', 'BT', 'BV', 'BW', 'BY', 'BZ', 'CA', 'CC', 'CF', 'CG', 'CI', 'CK', 'CL', 'CM', 'CN', 'CO', 'CR', 'CU', 'CV', 'CX', 'CY', 'CZ', 'DJ', 'DK', 'DM', 'DO', 'DZ', 'EC', 'EE', 'EG', 'EH', 'ET', 'FJ', 'FK', 'FM', 'FO', 'FR', 'GA', 'GD', 'GE', 'GF', 'GH', 'GI', 'GL', 'GM', 'GN', 'GP', 'GQ', 'GR', 'GT', 'GU', 'GW', 'GY', 'HK', 'HN', 'HR', 'HT', 'HU', 'ID', 'IL', 'IN', 'IO', 'IQ', 'IR', 'IS', 'IT', 'JM', 'JO', 'JP', 'KE', 'KG', 'KH', 'KI', 'KM', 'KN', 'KP', 'KR', 'KW', 'KY', 'KZ', 'LA', 'LB', 'LC', 'LI', 'LK', 'LR', 'LS', 'LT', 'LV', 'LY', 'MA', 'MC', 'MD', 'ME', 'MG', 'MH', 'MK', 'ML', 'MM', 'MN', 'MO', 'MP', 'MQ', 'MR', 'MS', 'MT', 'MU', 'MV', 'MW', 'MX', 'MY', 'MZ', 'NA', 'NC', 'NE', 'NF', 'NG', 'NI', 'NO', 'NP', 'NR', 'NU', 'NZ', 'OM', 'PA', 'PE', 'PF', 'PG', 'PH', 'PK', 'PL', 'PM', 'PN', 'PR', 'PW', 'PY', 'QA', 'RE', 'RO', 'RS', 'RU', 'RW', 'SA', 'SB', 'SC', 'SD', 'SE', 'SG', 'SH', 'SI', 'SJ', 'SK', 'SL', 'SM', 'SN', 'SO', 'SR', 'ST', 'SV', 'SY', 'SZ', 'TC', 'TD', 'TF', 'TG', 'TH', 'TJ', 'TK', 'TL', 'TM', 'TN', 'TO', 'TR', 'TT', 'TV', 'TW', 'TZ', 'UA', 'UG', 'UM', 'US', 'UY', 'UZ', 'VA', 'VC', 'VE', 'VG', 'VI', 'VN', 'VU', 'WF', 'WS', 'YE', 'ZA', 'ZM', 'ZW']}",626.0,4.0,0.0,public,youtube,"['https://en.wikipedia.org/wiki/Music', 'https://en.wikipedia.org/wiki/Rock_music']"
CFWyWZ5xqiU,Oj U Poli Dva Dubky,2018-05-11T08:58:10Z,"['Svjata', 'Vatra', 'Muutused', 'Zminy', 'Oj', 'Poli', 'Dva', 'Dubky']",10,UCiOEEQViOq96JoeRwEktCeA,PT3M28S,hd,False,True,"{'allowed': ['AD', 'AE', 'AF', 'AG', 'AI', 'AL', 'AM', 'AO', 'AQ', 'AR', 'AS', 'AU', 'AW', 'AZ', 'BA', 'BB', 'BD', 'BF', 'BG', 'BH', 'BI', 'BJ', 'BM', 'BN', 'BO', 'BR', 'BS', 'BT', 'BV', 'BW', 'BY', 'BZ', 'CA', 'CC', 'CF', 'CG', 'CI', 'CK', 'CL', 'CM', 'CN', 'CO', 'CR', 'CU', 'CV', 'CX', 'CY', 'CZ', 'DJ', 'DK', 'DM', 'DO', 'DZ', 'EC', 'EE', 'EG', 'EH', 'ET', 'FJ', 'FK', 'FM', 'FO', 'FR', 'GA', 'GD', 'GE', 'GF', 'GH', 'GI', 'GL', 'GM', 'GN', 'GP', 'GQ', 'GR', 'GT', 'GU', 'GW', 'GY', 'HK', 'HN', 'HR', 'HT', 'HU', 'ID', 'IL', 'IN', 'IO', 'IQ', 'IR', 'IS', 'IT', 'JM', 'JO', 'JP', 'KE', 'KG', 'KH', 'KI', 'KM', 'KN', 'KP', 'KR', 'KW', 'KY', 'KZ', 'LA', 'LB', 'LC', 'LI', 'LK', 'LR', 'LS', 'LT', 'LV', 'LY', 'MA', 'MC', 'MD', 'ME', 'MG', 'MH', 'MK', 'ML', 'MM', 'MN', 'MO', 'MP', 'MQ', 'MR', 'MS', 'MT', 'MU', 'MV', 'MW', 'MX', 'MY', 'MZ', 'NA', 'NC', 'NE', 'NF', 'NG', 'NI', 'NO', 'NP', 'NR', 'NU', 'NZ', 'OM', 'PA', 'PE', 'PF', 'PG', 'PH', 'PK', 'PL', 'PM', 'PN', 'PR', 'PW', 'PY', 'QA', 'RE', 'RO', 'RS', 'RU', 'RW', 'SA', 'SB', 'SC', 'SD', 'SE', 'SG', 'SH', 'SI', 'SJ', 'SK', 'SL', 'SM', 'SN', 'SO', 'SR', 'ST', 'SV', 'SY', 'SZ', 'TC', 'TD', 'TF', 'TG', 'TH', 'TJ', 'TK', 'TL', 'TM', 'TN', 'TO', 'TR', 'TT', 'TV', 'TW', 'TZ', 'UA', 'UG', 'UM', 'US', 'UY', 'UZ', 'VA', 'VC', 'VE', 'VG', 'VI', 'VN', 'VU', 'WF', 'WS', 'YE', 'ZA', 'ZM', 'ZW']}",1036.0,16.0,0.0,public,youtube,"['https://en.wikipedia.org/wiki/Music', 'https://en.wikipedia.org/wiki/Pop_music']"
SzDvtlf-K6o,Staryi Rik Mynae,2018-05-11T08:58:10Z,"['Svjata', 'Vatra', 'Muutused', 'Zminy', 'Staryi', 'Rik', 'Mynae']",10,UCiOEEQViOq96JoeRwEktCeA,PT3M41S,hd,False,True,"{'allowed': ['AD', 'AE', 'AF', 'AG', 'AI', 'AL', 'AM', 'AO', 'AQ', 'AR', 'AS', 'AU', 'AW', 'AZ', 'BA', 'BB', 'BD', 'BF', 'BG', 'BH', 'BI', 'BJ', 'BM', 'BN', 'BO', 'BR', 'BS', 'BT', 'BV', 'BW', 'BY', 'BZ', 'CA', 'CC', 'CF', 'CG', 'CI', 'CK', 'CL', 'CM', 'CN', 'CO', 'CR', 'CU', 'CV', 'CX', 'CY', 'CZ', 'DJ', 'DK', 'DM', 'DO', 'DZ', 'EC', 'EE', 'EG', 'EH', 'ET', 'FJ', 'FK', 'FM', 'FO', 'FR', 'GA', 'GD', 'GE', 'GF', 'GH', 'GI', 'GL', 'GM', 'GN', 'GP', 'GQ', 'GR', 'GT', 'GU', 'GW', 'GY', 'HK', 'HN', 'HR', 'HT', 'HU', 'ID', 'IL', 'IN', 'IO', 'IQ', 'IR', 'IS', 'IT', 'JM', 'JO', 'JP', 'KE', 'KG', 'KH', 'KI', 'KM', 'KN', 'KP', 'KR', 'KW', 'KY', 'KZ', 'LA', 'LB', 'LC', 'LI', 'LK', 'LR', 'LS', 'LT', 'LV', 'LY', 'MA', 'MC', 'MD', 'ME', 'MG', 'MH', 'MK', 'ML', 'MM', 'MN', 'MO', 'MP', 'MQ', 'MR', 'MS', 'MT', 'MU', 'MV', 'MW', 'MX', 'MY', 'MZ', 'NA', 'NC', 'NE', 'NF', 'NG', 'NI', 'NO', 'NP', 'NR', 'NU', 'NZ', 'OM', 'PA', 'PE', 'PF', 'PG', 'PH', 'PK', 'PL', 'PM', 'PN', 'PR', 'PW', 'PY', 'QA', 'RE', 'RO', 'RS', 'RU', 'RW', 'SA', 'SB', 'SC', 'SD', 'SE', 'SG', 'SH', 'SI', 'SJ', 'SK', 'SL', 'SM', 'SN', 'SO', 'SR', 'ST', 'SV', 'SY', 'SZ', 'TC', 'TD', 'TF', 'TG', 'TH', 'TJ', 'TK', 'TL', 'TM', 'TN', 'TO', 'TR', 'TT', 'TV', 'TW', 'TZ', 'UA', 'UG', 'UM', 'US', 'UY', 'UZ', 'VA', 'VC', 'VE', 'VG', 'VI', 'VN', 'VU', 'WF', 'WS', 'YE', 'ZA', 'ZM', 'ZW']}",164.0,0.0,0.0,public,youtube,['https://en.wikipedia.org/wiki/Music']
YdkfbxB0W-E,Oj U Vyshnevomu Sadu,2018-05-11T08:58:10Z,"['Svjata', 'Vatra', 'Muutused', 'Zminy', 'Oj', 'Vyshnevomu', 'Sadu']",10,UCiOEEQViOq96JoeRwEktCeA,PT4M36S,hd,False,True,"{'allowed': ['AD', 'AE', 'AF', 'AG', 'AI', 'AL', 'AM', 'AO', 'AQ', 'AR', 'AS', 'AU', 'AW', 'AZ', 'BA', 'BB', 'BD', 'BF', 'BG', 'BH', 'BI', 'BJ', 'BM', 'BN', 'BO', 'BR', 'BS', 'BT', 'BV', 'BW', 'BY', 'BZ', 'CA', 'CC', 'CF', 'CG', 'CI', 'CK', 'CL', 'CM', 'CN', 'CO', 'CR', 'CU', 'CV', 'CX', 'CY', 'CZ', 'DJ', 'DK', 'DM', 'DO', 'DZ', 'EC', 'EE', 'EG', 'EH', 'ET', 'FJ', 'FK', 'FM', 'FO', 'FR', 'GA', 'GD', 'GE', 'GF', 'GH', 'GI', 'GL', 'GM', 'GN', 'GP', 'GQ', 'GR', 'GT', 'GU', 'GW', 'GY', 'HK', 'HN', 'HR', 'HT', 'HU', 'ID', 'IL', 'IN', 'IO', 'IQ', 'IR', 'IS', 'IT', 'JM', 'JO', 'JP', 'KE', 'KG', 'KH', 'KI', 'KM', 'KN', 'KP', 'KR', 'KW', 'KY', 'KZ', 'LA', 'LB', 'LC', 'LI', 'LK', 'LR', 'LS', 'LT', 'LV', 'LY', 'MA', 'MC', 'MD', 'ME', 'MG', 'MH', 'MK', 'ML', 'MM', 'MN', 'MO', 'MP', 'MQ', 'MR', 'MS', 'MT', 'MU', 'MV', 'MW', 'MX', 'MY', 'MZ', 'NA', 'NC', 'NE', 'NF', 'NG', 'NI', 'NO', 'NP', 'NR', 'NU', 'NZ', 'OM', 'PA', 'PE', 'PF', 'PG', 'PH', 'PK', 'PL', 'PM', 'PN', 'PR', 'PW', 'PY', 'QA', 'RE', 'RO', 'RS', 'RU', 'RW', 'SA', 'SB', 'SC', 'SD', 'SE', 'SG', 'SH', 'SI', 'SJ', 'SK', 'SL', 'SM', 'SN', 'SO', 'SR', 'ST', 'SV', 'SY', 'SZ', 'TC', 'TD', 'TF', 'TG', 'TH', 'TJ', 'TK', 'TL', 'TM', 'TN', 'TO', 'TR', 'TT', 'TV', 'TW', 'TZ', 'UA', 'UG', 'UM', 'US', 'UY', 'UZ', 'VA', 'VC', 'VE', 'VG', 'VI', 'VN', 'VU', 'WF', 'WS', 'YE', 'ZA', 'ZM', 'ZW']}",4136.0,43.0,0.0,public,youtube,['https://en.wikipedia.org/wiki/Music']
dXgzkHid5i8,Hobusemang,2018-05-11T08:58:10Z,"['Svjata', 'Vatra', 'Muutused', 'Zminy', 'Hobusemang']",10,UCiOEEQViOq96JoeRwEktCeA,PT3M54S,hd,False,True,"{'allowed': ['AD', 'AE', 'AF', 'AG', 'AI', 'AL', 'AM', 'AO', 'AQ', 'AR', 'AS', 'AU', 'AW', 'AZ', 'BA', 'BB', 'BD', 'BF', 'BG', 'BH', 'BI', 'BJ', 'BM', 'BN', 'BO', 'BR', 'BS', 'BT', 'BV', 'BW', 'BY', 'BZ', 'CA', 'CC', 'CF', 'CG', 'CI', 'CK', 'CL', 'CM', 'CN', 'CO', 'CR', 'CU', 'CV', 'CX', 'CY', 'CZ', 'DJ', 'DK', 'DM', 'DO', 'DZ', 'EC', 'EE', 'EG', 'EH', 'ET', 'FJ', 'FK', 'FM', 'FO', 'FR', 'GA', 'GD', 'GE', 'GF', 'GH', 'GI', 'GL', 'GM', 'GN', 'GP', 'GQ', 'GR', 'GT', 'GU', 'GW', 'GY', 'HK', 'HN', 'HR', 'HT', 'HU', 'ID', 'IL', 'IN', 'IO', 'IQ', 'IR', 'IS', 'IT', 'JM', 'JO', 'JP', 'KE', 'KG', 'KH', 'KI', 'KM', 'KN', 'KP', 'KR', 'KW', 'KY', 'KZ', 'LA', 'LB', 'LC', 'LI', 'LK', 'LR', 'LS', 'LT', 'LV', 'LY', 'MA', 'MC', 'MD', 'ME', 'MG', 'MH', 'MK', 'ML', 'MM', 'MN', 'MO', 'MP', 'MQ', 'MR', 'MS', 'MT', 'MU', 'MV', 'MW', 'MX', 'MY', 'MZ', 'NA', 'NC', 'NE', 'NF', 'NG', 'NI', 'NO', 'NP', 'NR', 'NU', 'NZ', 'OM', 'PA', 'PE', 'PF', 'PG', 'PH', 'PK', 'PL', 'PM', 'PN', 'PR', 'PW', 'PY', 'QA', 'RE', 'RO', 'RS', 'RU', 'RW', 'SA', 'SB', 'SC', 'SD', 'SE', 'SG', 'SH', 'SI', 'SJ', 'SK', 'SL', 'SM', 'SN', 'SO', 'SR', 'ST', 'SV', 'SY', 'SZ', 'TC', 'TD', 'TF', 'TG', 'TH', 'TJ', 'TK', 'TL', 'TM', 'TN', 'TO', 'TR', 'TT', 'TV', 'TW', 'TZ', 'UA', 'UG', 'UM', 'US', 'UY', 'UZ', 'VA', 'VC', 'VE', 'VG', 'VI', 'VN', 'VU', 'WF', 'WS', 'YE', 'ZA', 'ZM', 'ZW']}",582.0,11.0,0.0,public,youtube,['https://en.wikipedia.org/wiki/Music']
diynHXsnbhE,Muutused Zminy,2018-05-11T08:58:10Z,"['Svjata', 'Vatra', 'Muutused', 'Zminy']",10,UCiOEEQViOq96JoeRwEktCeA,PT3M4S,hd,False,True,"{'allowed': ['AD', 'AE', 'AF', 'AG', 'AI', 'AL', 'AM', 'AO', 'AQ', 'AR', 'AS', 'AU', 'AW', 'AZ', 'BA', 'BB', 'BD', 'BF', 'BG', 'BH', 'BI', 'BJ', 'BM', 'BN', 'BO', 'BR', 'BS', 'BT', 'BV', 'BW', 'BY', 'BZ', 'CA', 'CC', 'CF', 'CG', 'CI', 'CK', 'CL', 'CM', 'CN', 'CO', 'CR', 'CU', 'CV', 'CX', 'CY', 'CZ', 'DJ', 'DK', 'DM', 'DO', 'DZ', 'EC', 'EE', 'EG', 'EH', 'ET', 'FJ', 'FK', 'FM', 'FO', 'FR', 'GA', 'GD', 'GE', 'GF', 'GH', 'GI', 'GL', 'GM', 'GN', 'GP', 'GQ', 'GR', 'GT', 'GU', 'GW', 'GY', 'HK', 'HN', 'HR', 'HT', 'HU', 'ID', 'IL', 'IN', 'IO', 'IQ', 'IR', 'IS', 'IT', 'JM', 'JO', 'JP', 'KE', 'KG', 'KH', 'KI', 'KM', 'KN', 'KP', 'KR', 'KW', 'KY', 'KZ', 'LA', 'LB', 'LC', 'LI', 'LK', 'LR', 'LS', 'LT', 'LV', 'LY', 'MA', 'MC', 'MD', 'ME', 'MG', 'MH', 'MK', 'ML', 'MM', 'MN', 'MO', 'MP', 'MQ', 'MR', 'MS', 'MT', 'MU', 'MV', 'MW', 'MX', 'MY', 'MZ', 'NA', 'NC', 'NE', 'NF', 'NG', 'NI', 'NO', 'NP', 'NR', 'NU', 'NZ', 'OM', 'PA', 'PE', 'PF', 'PG', 'PH', 'PK', 'PL', 'PM', 'PN', 'PR', 'PW', 'PY', 'QA', 'RE', 'RO', 'RS', 'RU', 'RW', 'SA', 'SB', 'SC', 'SD', 'SE', 'SG', 'SH', 'SI', 'SJ', 'SK', 'SL', 'SM', 'SN', 'SO', 'SR', 'ST', 'SV', 'SY', 'SZ', 'TC', 'TD', 'TF', 'TG', 'TH', 'TJ', 'TK', 'TL', 'TM', 'TN', 'TO', 'TR', 'TT', 'TV', 'TW', 'TZ', 'UA', 'UG', 'UM', 'US', 'UY', 'UZ', 'VA', 'VC', 'VE', 'VG', 'VI', 'VN', 'VU', 'WF', 'WS', 'YE', 'ZA', 'ZM', 'ZW']}",129.0,0.0,0.0,public,youtube,['https://en.wikipedia.org/wiki/Music']
yusB0_sb0LY,Marichka Chycheri,2018-05-11T08:58:10Z,"['Svjata', 'Vatra', 'Muutused', 'Zminy', 'Marichka', 'Chycheri']",10,UCiOEEQViOq96JoeRwEktCeA,PT2M20S,hd,False,True,"{'allowed': ['AD', 'AE', 'AF', 'AG', 'AI', 'AL', 'AM', 'AO', 'AQ', 'AR', 'AS', 'AU', 'AW', 'AZ', 'BA', 'BB', 'BD', 'BF', 'BG', 'BH', 'BI', 'BJ', 'BM', 'BN', 'BO', 'BR', 'BS', 'BT', 'BV', 'BW', 'BY', 'BZ', 'CA', 'CC', 'CF', 'CG', 'CI', 'CK', 'CL', 'CM', 'CN', 'CO', 'CR', 'CU', 'CV', 'CX', 'CY', 'CZ', 'DJ', 'DK', 'DM', 'DO', 'DZ', 'EC', 'EE', 'EG', 'EH', 'ET', 'FJ', 'FK', 'FM', 'FO', 'FR', 'GA', 'GD', 'GE', 'GF', 'GH', 'GI', 'GL', 'GM', 'GN', 'GP', 'GQ', 'GR', 'GT', 'GU', 'GW', 'GY', 'HK', 'HN', 'HR', 'HT', 'HU', 'ID', 'IL', 'IN', 'IO', 'IQ', 'IR', 'IS', 'IT', 'JM', 'JO', 'JP', 'KE', 'KG', 'KH', 'KI', 'KM', 'KN', 'KP', 'KR', 'KW', 'KY', 'KZ', 'LA', 'LB', 'LC', 'LI', 'LK', 'LR', 'LS', 'LT', 'LV', 'LY', 'MA', 'MC', 'MD', 'ME', 'MG', 'MH', 'MK', 'ML', 'MM', 'MN', 'MO', 'MP', 'MQ', 'MR', 'MS', 'MT', 'MU', 'MV', 'MW', 'MX', 'MY', 'MZ', 'NA', 'NC', 'NE', 'NF', 'NG', 'NI', 'NO', 'NP', 'NR', 'NU', 'NZ', 'OM', 'PA', 'PE', 'PF', 'PG', 'PH', 'PK', 'PL', 'PM', 'PN', 'PR', 'PW', 'PY', 'QA', 'RE', 'RO', 'RS', 'RU', 'RW', 'SA', 'SB', 'SC', 'SD', 'SE', 'SG', 'SH', 'SI', 'SJ', 'SK', 'SL', 'SM', 'SN', 'SO', 'SR', 'ST', 'SV', 'SY', 'SZ', 'TC', 'TD', 'TF', 'TG', 'TH', 'TJ', 'TK', 'TL', 'TM', 'TN', 'TO', 'TR', 'TT', 'TV', 'TW', 'TZ', 'UA', 'UG', 'UM', 'US', 'UY', 'UZ', 'VA', 'VC', 'VE', 'VG', 'VI', 'VN', 'VU', 'WF', 'WS', 'YE', 'ZA', 'ZM', 'ZW']}",409.0,8.0,1.0,public,youtube,['https://en.wikipedia.org/wiki/Music']
eUM9fgHJZl0,Jihav Kozak Za Dunaj,2018-05-11T08:51:54Z,"['Svjata', 'Vatra', 'Muutused', 'Zminy', 'Jihav', 'Kozak', 'Za', 'Dunaj']",10,UCiOEEQViOq96JoeRwEktCeA,PT4M3S,hd,False,True,"{'allowed': ['AD', 'AE', 'AF', 'AG', 'AI', 'AL', 'AM', 'AO', 'AQ', 'AR', 'AS', 'AU', 'AW', 'AZ', 'BA', 'BB', 'BD', 'BF', 'BG', 'BH', 'BI', 'BJ', 'BM', 'BN', 'BO', 'BR', 'BS', 'BT', 'BV', 'BW', 'BY', 'BZ', 'CA', 'CC', 'CF', 'CG', 'CI', 'CK', 'CL', 'CM', 'CN', 'CO', 'CR', 'CU', 'CV', 'CX', 'CY', 'CZ', 'DJ', 'DK', 'DM', 'DO', 'DZ', 'EC', 'EE', 'EG', 'EH', 'ET', 'FJ', 'FK', 'FM', 'FO', 'FR', 'GA', 'GD', 'GE', 'GF', 'GH', 'GI', 'GL', 'GM', 'GN', 'GP', 'GQ', 'GR', 'GT', 'GU', 'GW', 'GY', 'HK', 'HN', 'HR', 'HT', 'HU', 'ID', 'IL', 'IN', 'IO', 'IQ', 'IR', 'IS', 'IT', 'JM', 'JO', 'JP', 'KE', 'KG', 'KH', 'KI', 'KM', 'KN', 'KP', 'KR', 'KW', 'KY', 'KZ', 'LA', 'LB', 'LC', 'LI', 'LK', 'LR', 'LS', 'LT', 'LV', 'LY', 'MA', 'MC', 'MD', 'ME', 'MG', 'MH', 'MK', 'ML', 'MM', 'MN', 'MO', 'MP', 'MQ', 'MR', 'MS', 'MT', 'MU', 'MV', 'MW', 'MX', 'MY', 'MZ', 'NA', 'NC', 'NE', 'NF', 'NG', 'NI', 'NO', 'NP', 'NR', 'NU', 'NZ', 'OM', 'PA', 'PE', 'PF', 'PG', 'PH', 'PK', 'PL', 'PM', 'PN', 'PR', 'PW', 'PY', 'QA', 'RE', 'RO', 'RS', 'RU', 'RW', 'SA', 'SB', 'SC', 'SD', 'SE', 'SG', 'SH', 'SI', 'SJ', 'SK', 'SL', 'SM', 'SN', 'SO', 'SR', 'ST', 'SV', 'SY', 'SZ', 'TC', 'TD', 'TF', 'TG', 'TH', 'TJ', 'TK', 'TL', 'TM', 'TN', 'TO', 'TR', 'TT', 'TV', 'TW', 'TZ', 'UA', 'UG', 'UM', 'US', 'UY', 'UZ', 'VA', 'VC', 'VE', 'VG', 'VI', 'VN', 'VU', 'WF', 'WS', 'YE', 'ZA', 'ZM', 'ZW']}",1543.0,12.0,0.0,public,youtube,['https://en.wikipedia.org/wiki/Music']
YhPjaUX2Rfw,Hobusemäng,2017-10-09T10:18:57Z,"['Svjata', 'Vatra', 'Hobusemäng']",10,UCiOEEQViOq96JoeRwEktCeA,PT3M57S,hd,False,True,,1413.0,12.0,0.0,public,youtube,['https://en.wikipedia.org/wiki/Music']
OCvVN4eEQRk,Letila Zozulia,2017-03-19T10:16:58Z,"['Svjata Vatra', 'Letila Zozulia']",10,UCiOEEQViOq96JoeRwEktCeA,PT5M30S,hd,False,True,,854.0,9.0,0.0,public,youtube,['https://en.wikipedia.org/wiki/Music']
yZj0MMlQDd0,Oi U Poli Dva Dubky,2015-10-27T17:35:08Z,"['Svjata Vatra', 'Svitlyi Schljah', 'Oi U Poli Dva Dubky']",10,UCiOEEQViOq96JoeRwEktCeA,PT4M2S,hd,False,True,,470.0,3.0,0.0,public,youtube,"['https://en.wikipedia.org/wiki/Music', 'https://en.wikipedia.org/wiki/Pop_music']"
x2IxJ8xqiBI,Kalyna-2010,2015-10-27T17:34:51Z,"['Svjata', 'Vatra', 'Zillja', ""Zelenen'ke"", 'Kalyna-2010']",10,UCiOEEQViOq96JoeRwEktCeA,PT3M44S,hd,False,True,,220.0,2.0,0.0,public,youtube,['https://en.wikipedia.org/wiki/Music']
zXz-RwULpm0,Tulesõnad,2015-10-27T17:31:26Z,"['Svjata Vatra', 'Svitlyi Schljah', 'Tulesõnad']",10,UCiOEEQViOq96JoeRwEktCeA,PT3M7S,hd,False,True,,211.0,3.0,0.0,public,youtube,"['https://en.wikipedia.org/wiki/Music', 'https://en.wikipedia.org/wiki/Pop_music']"
iZbanknBtUk,Kozak Guljae,2015-10-27T17:29:53Z,"['Svjata Vatra', 'Svitlyi Schljah', 'Kozak Guljae']",10,UCiOEEQViOq96JoeRwEktCeA,PT3M6S,hd,False,True,,271.0,2.0,0.0,public,youtube,['https://en.wikipedia.org/wiki/Music']
nge4cDEwlmM,Poiss nagu ponks-2010,2015-10-27T17:28:18Z,"['Svjata', 'Vatra', 'Zillja', ""Zelenen'ke"", 'Poiss', 'nagu', 'ponks-2010']",10,UCiOEEQViOq96JoeRwEktCeA,PT4M13S,hd,False,True,,190.0,1.0,0.0,public,youtube,"['https://en.wikipedia.org/wiki/Music', 'https://en.wikipedia.org/wiki/Pop_music']"
hyGz-USqaQk,Tuman Iarom,2015-10-27T17:22:54Z,"['Svjata Vatra', 'Svitlyi Schljah', 'Tuman Iarom']",10,UCiOEEQViOq96JoeRwEktCeA,PT4M12S,hd,False,True,,367.0,4.0,0.0,public,youtube,['https://en.wikipedia.org/wiki/Music']
sWft3RsIDio,Verhovyna 1-2010,2015-10-27T17:22:44Z,"['Svjata', 'Vatra', 'Zillja', ""Zelenen'ke"", 'Verhovyna', '1-2010']",10,UCiOEEQViOq96JoeRwEktCeA,PT3M48S,hd,False,True,,203.0,1.0,0.0,public,youtube,['https://en.wikipedia.org/wiki/Music']
hZdxEIz3iYw,Lalala,2015-10-27T17:21:57Z,"['Svjata Vatra', 'Svitlyi Schljah', 'Lalala']",10,UCiOEEQViOq96JoeRwEktCeA,PT3M17S,hd,False,True,,409.0,3.0,0.0,public,youtube,"['https://en.wikipedia.org/wiki/Music', 'https://en.wikipedia.org/wiki/Pop_music']"
xGUfk7WmfUc,Je t'aime-2010,2015-10-27T17:21:54Z,"['Svjata', 'Vatra', 'Zillja', ""Zelenen'ke"", 'Je', ""t'aime-2010""]",10,UCiOEEQViOq96JoeRwEktCeA,PT5M3S,hd,False,True,,116.0,1.0,0.0,public,youtube,['https://en.wikipedia.org/wiki/Music']
_7OZpCuwy-4,Piimanaiste polka-2010,2015-10-27T17:21:11Z,"['Svjata', 'Vatra', 'Zillja', ""Zelenen'ke"", 'Piimanaiste', 'polka-2010']",10,UCiOEEQViOq96JoeRwEktCeA,PT3M14S,hd,False,True,,1929.0,13.0,0.0,public,youtube,['https://en.wikipedia.org/wiki/Music']
hmO0u7rZ0Ys,Lety ptah,2015-10-27T17:20:59Z,"['Svjata', 'Vatra', 'Zillja', ""Zelenen'ke"", 'Lety', 'ptah']",10,UCiOEEQViOq96JoeRwEktCeA,PT4M46S,hd,False,True,,95.0,3.0,0.0,public,youtube,['https://en.wikipedia.org/wiki/Music']
Y156RhciJKI,Olin enne nuori miesi-2010,2015-10-27T17:17:21Z,"['Svjata', 'Vatra', 'Zillja', ""Zelenen'ke"", 'Olin', 'enne', 'nuori', 'miesi-2010']",10,UCiOEEQViOq96JoeRwEktCeA,PT3M50S,hd,False,True,,92.0,0.0,0.0,public,youtube,['https://en.wikipedia.org/wiki/Music']
DsgLuW0C1bw,"Tvoi Guby, Jak Maky",2015-10-27T17:13:14Z,"['Svjata Vatra', 'Svitlyi Schljah', 'Tvoi Guby, Jak Maky']",10,UCiOEEQViOq96JoeRwEktCeA,PT2M48S,hd,False,True,,135.0,1.0,0.0,public,youtube,"['https://en.wikipedia.org/wiki/Music', 'https://en.wikipedia.org/wiki/Pop_music']"
XiOobbdwsOQ,Oi Syvaia Ta I Zozulechka,2015-10-27T17:13:00Z,"['Svjata Vatra', 'Svitlyi Schljah', 'Oi Syvaia Ta I Zozulechka']",10,UCiOEEQViOq96JoeRwEktCeA,PT3M56S,hd,False,True,,298.0,5.0,0.0,public,youtube,['https://en.wikipedia.org/wiki/Music']
QIWk4Lf6dPg,Tule Tulele,2015-10-27T17:09:22Z,"['Svjata Vatra', 'Svitlyi Schljah', 'Tule Tulele']",10,UCiOEEQViOq96JoeRwEktCeA,PT59S,hd,False,True,,246.0,1.0,0.0,public,youtube,['https://en.wikipedia.org/wiki/Music']
TC__OQTvImo,"Jaanikene, Poisikene",2015-10-27T17:07:49Z,"['Svjata Vatra', 'Svitlyi Schljah', 'Jaanikene, Poisikene']",10,UCiOEEQViOq96JoeRwEktCeA,PT2M44S,hd,False,True,,242.0,3.0,0.0,public,youtube,['https://en.wikipedia.org/wiki/Music']
QBA24hOhdh8,Svitlyi Schljah,2015-10-27T17:04:53Z,"['Svjata Vatra', 'Svitlyi Schljah']",10,UCiOEEQViOq96JoeRwEktCeA,PT3M45S,hd,False,True,,105.0,2.0,0.0,public,youtube,['https://en.wikipedia.org/wiki/Music']
GkjvfRUiuOA,Verhovyna 2-2010,2015-10-27T16:55:14Z,"['Svjata', 'Vatra', 'Zillja', ""Zelenen'ke"", 'Verhovyna', '2-2010']",10,UCiOEEQViOq96JoeRwEktCeA,PT5M,hd,False,True,,90.0,0.0,0.0,public,youtube,['https://en.wikipedia.org/wiki/Music']
J4XYcwv5JSc,Zillja zelenen'ke,2015-10-27T16:54:42Z,"['Svjata', 'Vatra', 'Zillja', ""Zelenen'ke"", ""zelenen'ke""]",10,UCiOEEQViOq96JoeRwEktCeA,PT3M30S,hd,False,True,,451.0,2.0,0.0,public,youtube,['https://en.wikipedia.org/wiki/Music']
O8sVkJsj7YQ,Mak,2015-10-27T16:50:30Z,"['Svjata Vatra', 'Svitlyi Schljah', 'Mak']",10,UCiOEEQViOq96JoeRwEktCeA,PT4M3S,hd,False,True,,217.0,4.0,0.0,public,youtube,"['https://en.wikipedia.org/wiki/Electronic_music', 'https://en.wikipedia.org/wiki/Music', 'https://en.wikipedia.org/wiki/Pop_music']"
Ib1X-ELvnx4,Esimenen mida ma... -2010,2015-10-27T16:48:05Z,"['Svjata', 'Vatra', 'Zillja', ""Zelenen'ke"", 'Esimenen', 'mida', 'ma...-2010']",10,UCiOEEQViOq96JoeRwEktCeA,PT6M2S,hd,False,True,,102.0,2.0,0.0,public,youtube,['https://en.wikipedia.org/wiki/Music']
0PpxuSRvUF0,Jak By Meni Syvyi Kin',2015-10-27T16:46:37Z,"['Svjata Vatra', 'Svitlyi Schljah', ""Jak By Meni Syvyi Kin'""]",10,UCiOEEQViOq96JoeRwEktCeA,PT3M41S,hd,False,True,,447.0,7.0,0.0,public,youtube,"['https://en.wikipedia.org/wiki/Music', 'https://en.wikipedia.org/wiki/Pop_music']"
B-ZxhNLqTaM,Ristmik nagu sild-2010,2015-10-27T16:45:32Z,"['Svjata', 'Vatra', 'Zillja', ""Zelenen'ke"", 'Ristmik', 'nagu', 'sild-2010']",10,UCiOEEQViOq96JoeRwEktCeA,PT4M20S,hd,False,True,,105.0,2.0,0.0,public,youtube,['https://en.wikipedia.org/wiki/Music']
5Y3Hqp7mSEc,Marusja-2010,2015-10-27T16:44:04Z,"['Svjata', 'Vatra', 'Zillja', ""Zelenen'ke"", 'Marusja-2010']",10,UCiOEEQViOq96JoeRwEktCeA,PT3M45S,hd,False,True,,256.0,3.0,0.0,public,youtube,['https://en.wikipedia.org/wiki/Music']
6EHxfDGIWr0,Punk-Polka-Tuli-2010,2015-10-27T16:42:20Z,"['Svjata', 'Vatra', 'Zillja', ""Zelenen'ke"", 'Punk-Polka-Tuli-2010']",10,UCiOEEQViOq96JoeRwEktCeA,PT4M20S,hd,False,True,,234.0,7.0,0.0,public,youtube,['https://en.wikipedia.org/wiki/Music']
4NHmdwH8H2w,Zajchyk,2015-10-27T16:36:23Z,"['Svjata Vatra', 'Svitlyi Schljah', 'Zajchyk']",10,UCiOEEQViOq96JoeRwEktCeA,PT3M34S,hd,False,True,,323.0,2.0,0.0,public,youtube,"['https://en.wikipedia.org/wiki/Electronic_music', 'https://en.wikipedia.org/wiki/Music', 'https://en.wikipedia.org/wiki/Pop_music']"
ybwypX2KJnU,"Piimanaiste Polka, Milkmaids' Polka",2015-10-21T15:45:59Z,"['Svjata Vatra Kalyna Piimanaiste Polka', ""Milkmaids' Polka""]",10,UCiOEEQViOq96JoeRwEktCeA,PT3M35S,hd,False,True,,3276.0,15.0,0.0,public,youtube,['https://en.wikipedia.org/wiki/Music']
nxBhkMgzCq4,Kalyna,2015-10-21T15:41:42Z,"['Svjata', 'Vatra', 'Kalyna']",10,UCiOEEQViOq96JoeRwEktCeA,PT4M14S,hd,False,True,,5628.0,61.0,1.0,public,youtube,"['https://en.wikipedia.org/wiki/Music', 'https://en.wikipedia.org/wiki/Rock_music']"
jckIswh5vi0,Naabrinaine / Neighbour,2015-10-21T15:34:43Z,"['Svjata Vatra', 'Naabrinaine / Neighbour']",10,UCiOEEQViOq96JoeRwEktCeA,PT5M15S,hd,False,True,,163.0,2.0,0.0,public,youtube,['https://en.wikipedia.org/wiki/Music']
XkYn3sGwHys,"Neitsikene Noorekene, Young Maiden",2015-10-21T15:33:42Z,"['Svjata Vatra Kalyna Neitsikene Noorekene', 'Young Maiden']",10,UCiOEEQViOq96JoeRwEktCeA,PT1M37S,hd,False,True,,112.0,1.0,0.0,public,youtube,['https://en.wikipedia.org/wiki/Music']
ddeX9_qBiwM,Kala tantsis vähiga / Firsh Danced With Crayfish,2015-10-21T15:31:02Z,"['Svjata Vatra', 'Kala tantsis vähiga / Firsh Danced With Crayfish']",10,UCiOEEQViOq96JoeRwEktCeA,PT2M11S,hd,False,True,,288.0,3.0,0.0,public,youtube,['https://en.wikipedia.org/wiki/Music']
f51M_FKTlv0,Poiss nagu ponks / The Boy Is Swell,2015-10-21T15:29:44Z,"['Svjata Vatra', 'Poiss nagu ponks / The Boy Is Swell']",10,UCiOEEQViOq96JoeRwEktCeA,PT4M20S,hd,False,True,,151.0,4.0,0.0,public,youtube,['https://en.wikipedia.org/wiki/Music']
_Ydo7UIcrtE,"Ristmik Nagu Sild, Crossroad Like a Bridge",2015-10-21T15:27:07Z,"['Svjata Vatra Kalyna Ristmik Nagu Sild', 'Crossroad Like a Bridge']",10,UCiOEEQViOq96JoeRwEktCeA,PT4M27S,hd,False,True,,74.0,3.0,0.0,public,youtube,['https://en.wikipedia.org/wiki/Music']
c5cNkAUBNf8,Verhovyna 2,2015-10-21T15:25:50Z,"['Svjata', 'Vatra', 'Kalyna', 'Verhovyna']",10,UCiOEEQViOq96JoeRwEktCeA,PT3M55S,hd,False,True,,216.0,6.0,0.0,public,youtube,['https://en.wikipedia.org/wiki/Music']
VxXdV1SweG0,Marusja,2015-10-21T15:24:35Z,"['Svjata', 'Vatra', 'Kalyna', 'Marusja']",10,UCiOEEQViOq96JoeRwEktCeA,PT3M52S,hd,False,True,,376.0,1.0,0.0,public,youtube,['https://en.wikipedia.org/wiki/Music']
_Dmec33oAeQ,"Poiss Nagu Ponks, the Boy Is Swell",2015-10-21T15:23:10Z,"['Svjata Vatra Kalyna Poiss Nagu Ponks', 'the Boy Is Swell']",10,UCiOEEQViOq96JoeRwEktCeA,PT4M17S,hd,False,True,,169.0,3.0,0.0,public,youtube,['https://en.wikipedia.org/wiki/Music']
bC_l-UIDyoo,Svjata Vatra,2015-10-21T15:22:51Z,"['Svjata', 'Vatra', 'Kalyna']",10,UCiOEEQViOq96JoeRwEktCeA,PT2M53S,hd,False,True,,305.0,1.0,0.0,public,youtube,['https://en.wikipedia.org/wiki/Music']
ZN8CgVywKeU,Tantsulugu / Dance tune,2015-10-21T15:22:01Z,"['Svjata Vatra', 'Tantsulugu / Dance tune']",10,UCiOEEQViOq96JoeRwEktCeA,PT2M36S,hd,False,True,,279.0,1.0,0.0,public,youtube,['https://en.wikipedia.org/wiki/Music']
Sm4jKDf3GG8,Koljadka,2015-10-21T15:20:08Z,"['Svjata', 'Vatra', 'Kalyna', 'Koljadka']",10,UCiOEEQViOq96JoeRwEktCeA,PT4M32S,hd,False,True,,395.0,7.0,0.0,public,youtube,['https://en.wikipedia.org/wiki/Music']
QwEfLBAOyi4,Verhovyna 1,2015-10-21T15:20:01Z,"['Svjata', 'Vatra', 'Kalyna', 'Verhovyna']",10,UCiOEEQViOq96JoeRwEktCeA,PT3M27S,hd,False,True,,236.0,6.0,0.0,public,youtube,['https://en.wikipedia.org/wiki/Music']
UeAgrrV2-Bg,Esimene mida ma... /First One That,2015-10-21T15:19:59Z,"['Svjata Vatra', 'Esimene mida ma.../First One That']",10,UCiOEEQViOq96JoeRwEktCeA,PT4M52S,hd,False,True,,500.0,7.0,0.0,public,youtube,['https://en.wikipedia.org/wiki/Music']
QCPYC4Z2hY4,"Lodja Labajalg, Barge's Flatfoot Waltz",2015-10-21T15:19:29Z,"['Svjata Vatra Kalyna Lodja Labajalg', ""Barge's Flatfoot Waltz""]",10,UCiOEEQViOq96JoeRwEktCeA,PT4M39S,hd,False,True,,163.0,6.0,0.0,public,youtube,['https://en.wikipedia.org/wiki/Music']
PMdVWmwzTEk,Je t'aime,2015-10-21T15:18:27Z,"['Svjata Vatra', ""Je t'aime""]",10,UCiOEEQViOq96JoeRwEktCeA,PT4M15S,hd,False,True,,171.0,3.0,0.0,public,youtube,"['https://en.wikipedia.org/wiki/Music', 'https://en.wikipedia.org/wiki/Pop_music']"
GR-dVt2y-44,"Punk-polka-tuli, Punk-polka-fire",2015-10-21T15:17:49Z,"['Svjata Vatra Kalyna Punk-polka-tuli', 'Punk-polka-fire']",10,UCiOEEQViOq96JoeRwEktCeA,PT4M20S,hd,False,True,,367.0,11.0,0.0,public,youtube,['https://en.wikipedia.org/wiki/Music']
DgtO8sURYhc,B-moll,2015-10-21T15:16:00Z,"['Svjata Vatra', 'B-moll']",10,UCiOEEQViOq96JoeRwEktCeA,PT3M30S,hd,False,True,,121.0,0.0,0.0,public,youtube,['https://en.wikipedia.org/wiki/Music']
MXliWP-sGJE,Kelle hobune seal seisab? / Whose Horse Is Standing There?,2015-10-21T15:14:16Z,"['Svjata Vatra', 'Kelle hobune seal seisab? / Whose Horse Is Standing There?']",10,UCiOEEQViOq96JoeRwEktCeA,PT6M28S,hd,False,True,,255.0,5.0,0.0,public,youtube,['https://en.wikipedia.org/wiki/Music']
F7JbPe34Q48,Ma olin enne nuori miesi / I Was a Young Before,2015-10-21T15:11:49Z,"['Svjata Vatra', 'Ma olin enne nuori miesi / I Was a Young Before']",10,UCiOEEQViOq96JoeRwEktCeA,PT3M31S,hd,False,True,,222.0,1.0,0.0,public,youtube,['https://en.wikipedia.org/wiki/Music']
8iZA3jW338E,Voortants / Rounds Dance,2015-10-21T15:09:36Z,"['Svjata Vatra', 'Voortants / Rounds Dance']",10,UCiOEEQViOq96JoeRwEktCeA,PT2M8S,hd,False,True,,244.0,1.0,0.0,public,youtube,['https://en.wikipedia.org/wiki/Music']
FfIE2X_pn6E,Verhovyna,2015-10-21T15:07:45Z,"['Svjata Vatra', 'Verhovyna']",10,UCiOEEQViOq96JoeRwEktCeA,PT6M12S,hd,False,True,,532.0,8.0,0.0,public,youtube,['https://en.wikipedia.org/wiki/Music']
3P8RvMZv1nM,Revolutsioon / Revolution,2015-10-21T15:05:54Z,"['Svjata Vatra', 'Revolutsioon / Revolution']",10,UCiOEEQViOq96JoeRwEktCeA,PT4M3S,hd,False,True,,30027.0,305.0,0.0,public,youtube,['https://en.wikipedia.org/wiki/Music']
4doS3YpP8Eo,"Divochi Spodivannja, Maidens' Dreams",2015-10-21T15:05:00Z,"['Svjata Vatra Kalyna Divochi Spodivannja', ""Maidens' Dreams""]",10,UCiOEEQViOq96JoeRwEktCeA,PT4M11S,hd,False,True,,110.0,2.0,0.0,public,youtube,['https://en.wikipedia.org/wiki/Music']
4zp2055knks,Armeenialugu / Armenian tale,2015-10-21T15:04:38Z,"['Svjata Vatra', 'Armeenialugu / Armenian tale']",10,UCiOEEQViOq96JoeRwEktCeA,PT4M32S,hd,False,True,,138.0,1.0,0.0,public,youtube,['https://en.wikipedia.org/wiki/Music']
7uA5Pap1ZJQ,"Päikesetõusu Lugu, Song of Sunrise",2015-10-21T15:03:43Z,"['Svjata Vatra Kalyna Päikesetõusu Lugu', 'Song of Sunrise']",10,UCiOEEQViOq96JoeRwEktCeA,PT4M58S,hd,False,True,,142.0,1.0,0.0,public,youtube,['https://en.wikipedia.org/wiki/Music']
2wV_hjybaNM,Ardyalynka,2015-10-21T15:00:47Z,"['Svjata Vatra', 'Ardyalynka']",10,UCiOEEQViOq96JoeRwEktCeA,PT4M33S,hd,False,True,,246.0,2.0,0.0,public,youtube,['https://en.wikipedia.org/wiki/Music']
snge8zwOr9o,Pane Mind Polema,2015-07-26T12:29:26Z,"['Svjata', 'Vatra', 'Vabadus', 'Svoboda', 'Pane', 'Mind', 'Polema']",10,UCiOEEQViOq96JoeRwEktCeA,PT3M36S,hd,False,True,,1733.0,4.0,0.0,public,youtube,['https://en.wikipedia.org/wiki/Music']
gEyJkMOU19U,Hej Sokoly,2015-07-26T12:25:00Z,"['Svjata', 'Vatra', 'Vabadus', 'Svoboda', 'Hej', 'Sokoly']",10,UCiOEEQViOq96JoeRwEktCeA,PT2M49S,hd,False,True,,734.0,14.0,0.0,public,youtube,['https://en.wikipedia.org/wiki/Music']
cHAauY5xwbE,Koljadka - Raduisja Zemle!,2015-07-26T12:22:08Z,"['Svjata', 'Vatra', 'Vabadus', 'Svoboda', 'Koljadka', 'Raduisja', 'Zemle!']",10,UCiOEEQViOq96JoeRwEktCeA,PT5M30S,hd,False,True,,387.0,4.0,0.0,public,youtube,['https://en.wikipedia.org/wiki/Music']
_ZiawzToIpA,Vogon Zapeklyh Ne Peche,2015-07-26T12:18:40Z,"['Svjata', 'Vatra', 'Vabadus', 'Svoboda', 'Vogon', 'Zapeklyh', 'Ne', 'Peche']",10,UCiOEEQViOq96JoeRwEktCeA,PT2M48S,hd,False,True,,616.0,7.0,0.0,public,youtube,['https://en.wikipedia.org/wiki/Music']
XTk_v7Lylpg,Zillja Zelenen'ke,2015-07-26T12:16:54Z,"['Svjata', 'Vatra', 'Vabadus', 'Svoboda', 'Zillja', ""Zelenen'ke""]",10,UCiOEEQViOq96JoeRwEktCeA,PT3M34S,hd,False,True,,506.0,4.0,0.0,public,youtube,['https://en.wikipedia.org/wiki/Music']
RAD2CJX2ANY,Svitlyi Schljah,2015-07-26T12:16:17Z,"['Svjata', 'Vatra', 'Vabadus', 'Svoboda', 'Svitlyi', 'Schljah']",10,UCiOEEQViOq96JoeRwEktCeA,PT4M3S,hd,False,True,,257.0,3.0,0.0,public,youtube,['https://en.wikipedia.org/wiki/Music']
NNWe6Am1oZY,Lenda Lind Paikese Poole,2015-07-26T12:11:53Z,"['Svjata', 'Vatra', 'Vabadus', 'Svoboda', 'Lenda', 'Lind', 'Paikese', 'Poole']",10,UCiOEEQViOq96JoeRwEktCeA,PT5M36S,hd,False,True,,729.0,11.0,0.0,public,youtube,"['https://en.wikipedia.org/wiki/Music', 'https://en.wikipedia.org/wiki/Pop_music']"
FHQ8bKSYfs8,Susidka,2015-07-26T12:07:42Z,"['Svjata', 'Vatra', 'Vabadus', 'Svoboda', 'Susidka']",10,UCiOEEQViOq96JoeRwEktCeA,PT4M8S,hd,False,True,,490.0,4.0,0.0,public,youtube,['https://en.wikipedia.org/wiki/Music']
452gj5ukKF0,Prosty. Ljuby. Zhyvy,2015-07-26T12:02:50Z,"['Svjata', 'Vatra', 'Vabadus', 'Svoboda', 'Prosty.', 'Ljuby.', 'Zhyvy']",10,UCiOEEQViOq96JoeRwEktCeA,PT4M21S,hd,False,True,,182.0,3.0,0.0,public,youtube,['https://en.wikipedia.org/wiki/Music']
1m7U4I6XI54,Kalyna Malyna,2015-07-26T12:01:46Z,"['Svjata', 'Vatra', 'Vabadus', 'Svoboda', 'Kalyna', 'Malyna']",10,UCiOEEQViOq96JoeRwEktCeA,PT3M40S,hd,False,True,,3136.0,32.0,0.0,public,youtube,['https://en.wikipedia.org/wiki/Music']
-c4H8zXGn7A,Tam De Iatran Kruto Vietsja,2015-07-26T12:00:11Z,"['Svjata', 'Vatra', 'Vabadus', 'Svoboda', 'Tam', 'De', 'Iatran', 'Kruto', 'Vietsja']",10,UCiOEEQViOq96JoeRwEktCeA,PT4M8S,hd,False,True,,264.0,4.0,0.0,public,youtube,['https://en.wikipedia.org/wiki/Music']
E1xUG1fqvY8,Minecraft pocket edition Eesti  keeles,2014-11-16T10:09:28Z,,22,UCk8rb0VHXEBi6TEHtC5GArw,PT4M51S,hd,False,False,,862.0,15.0,,public,youtube,"['https://en.wikipedia.org/wiki/Role-playing_video_game', 'https://en.wikipedia.org/wiki/Video_game_culture']"
qi1ZWx9xQDM,Lego Eesti keeles ep 1,2014-10-20T14:41:40Z,,22,UCk8rb0VHXEBi6TEHtC5GArw,PT1M45S,sd,False,False,,1619.0,15.0,,public,youtube,"['https://en.wikipedia.org/wiki/Hobby', 'https://en.wikipedia.org/wiki/Lifestyle_(sociology)']"
07eTrObbdOk,õpetus kuidas teha minecraftis portaali,2014-09-26T08:13:45Z,,22,UCk8rb0VHXEBi6TEHtC5GArw,PT3M9S,hd,False,False,,1522.0,15.0,3.0,public,youtube,"['https://en.wikipedia.org/wiki/Action-adventure_game', 'https://en.wikipedia.org/wiki/Role-playing_video_game', 'https://en.wikipedia.org/wiki/Video_game_culture']"
RB7Wq2Nbjo4,õpetus kuidas ehitada TNT cannonit,2014-09-23T06:59:42Z,,22,UCk8rb0VHXEBi6TEHtC5GArw,PT7M15S,hd,False,False,,130.0,4.0,0.0,public,youtube,"['https://en.wikipedia.org/wiki/Action-adventure_game', 'https://en.wikipedia.org/wiki/Video_game_culture']"
LcVCG-HVgnk,Mis on rakenduslik gümnaasiumiharidus?,2025-05-29T12:10:00Z,['tartuvoco'],24,UCYVAolmELF8jVRm-UBMEKoQ,PT25S,hd,False,False,,4485.0,0.0,0.0,public,youtube,
TJO_wNL5Evo,"Mis on gümnaasiumiharidus 2.0 ja miks kutseharidus ei ole enam ammu ""plaan B""",2025-05-29T12:01:06Z,['tartuvoco'],24,UCYVAolmELF8jVRm-UBMEKoQ,PT26S,hd,False,False,,59.0,0.0,0.0,public,youtube,['https://en.wikipedia.org/wiki/Knowledge']
TGJjIudVUFI,Millistel erialadel saab jõuda tippu?,2025-05-29T09:48:29Z,['tartuvoco'],24,UCYVAolmELF8jVRm-UBMEKoQ,PT41S,hd,False,False,,5310.0,0.0,0.0,public,youtube,['https://en.wikipedia.org/wiki/Society']
WoIFCfDamqw,"Kutsekool on neile, kes hakkama ei saa?",2025-05-29T09:46:24Z,['tartuvoco'],24,UCYVAolmELF8jVRm-UBMEKoQ,PT41S,hd,False,False,,114.0,2.0,0.0,public,youtube,
y2zO6w7UGyE,"Loo endale uus tulevik, sa ei pea valima elu ja töö vahel!",2025-05-26T10:52:17Z,['tartuvoco'],24,UCYVAolmELF8jVRm-UBMEKoQ,PT25S,hd,True,False,,7303.0,68.0,0.0,public,youtube,
l4ehHS_QXik,VOCO Avatud Uste Päev 10.04.2025 x Goodmen,2025-05-26T10:45:02Z,['tartuvoco'],24,UCYVAolmELF8jVRm-UBMEKoQ,PT1M14S,hd,False,False,,204.0,3.0,0.0,public,youtube,"['https://en.wikipedia.org/wiki/Hobby', 'https://en.wikipedia.org/wiki/Lifestyle_(sociology)']"
Y-BTEZlnzwc,"Kutseharidus pole enam ammu ""plaan B""",2025-05-26T06:36:19Z,['tartuvoco'],24,UCYVAolmELF8jVRm-UBMEKoQ,PT2M41S,hd,False,False,,3818.0,2.0,0.0,public,youtube,
W77FsxcLCZQ,"Kutseharidus ei ole enam ammu ""plaan B""",2025-05-23T05:23:00Z,['tartuvoco'],24,UCYVAolmELF8jVRm-UBMEKoQ,PT25S,hd,False,False,,1880.0,70.0,0.0,public,youtube,
05fTHNSHOfU,Mis on rakenduslik kutseharidus ja kuidas on see muutunud?,2025-05-14T08:18:30Z,['tartuvoco'],24,UCYVAolmELF8jVRm-UBMEKoQ,PT16S,hd,False,False,,34.0,0.0,0.0,public,youtube,
rp_cWk1nY4g,Võid minna kaugemale. Gümnaasiumiharidus 2.0.,2025-05-14T08:16:42Z,['tartuvoco'],24,UCYVAolmELF8jVRm-UBMEKoQ,PT1M29S,hd,False,False,,1505.0,11.0,0.0,public,youtube,
eW_Nx9e6ie8,"Sa ei pea valima töö ja elu vahel. Tee, mis päriselt meeldib.",2025-05-12T12:21:24Z,"['tartuvoco', 'kutseharidus', 'gümnaasium 2.0', 'Tartu Rakenduslik Kolledz']",24,UCYVAolmELF8jVRm-UBMEKoQ,PT15S,hd,False,False,,6458.0,51.0,0.0,public,youtube,
u4kJJdhNdJQ,Loo endale uus tulevik - Sa ei pea valima elu ja töö vahel!,2025-05-12T11:31:23Z,['tartuvoco'],24,UCYVAolmELF8jVRm-UBMEKoQ,PT15S,hd,False,False,,146145.0,2.0,0.0,public,youtube,
zfHqv4HQ7og,Tartu Rakenduslik Kolledž / Tartu Vocational College,2025-04-23T07:10:58Z,['tartuvoco'],24,UCYVAolmELF8jVRm-UBMEKoQ,PT2M4S,hd,False,False,,149.0,3.0,0.0,public,youtube,['https://en.wikipedia.org/wiki/Society']
6d7X1_6qW0k,Vocast_S4_E3 Sõprus ja suhted,2025-03-05T14:12:42Z,"['tartuvoco', 'sõprus&suhted', 'vocast']",24,UCYVAolmELF8jVRm-UBMEKoQ,PT27M47S,hd,False,False,,337.0,8.0,0.0,public,youtube,['https://en.wikipedia.org/wiki/Lifestyle_(sociology)']
od0FmbsuNis,Tartu Rakenduslik Kolledž VOCO,2025-01-02T14:28:00Z,['tartuvoco'],27,UCYVAolmELF8jVRm-UBMEKoQ,PT14S,hd,False,False,,31.0,0.0,0.0,public,youtube,['https://en.wikipedia.org/wiki/Music']
8Vm6WXH5sXI,Puhtad vuugid? Kaikad kodaras? Või hoopis ei ole sul kummastki sooja ega külma?,2025-01-02T14:16:08Z,['tartuvoco'],27,UCYVAolmELF8jVRm-UBMEKoQ,PT20S,hd,False,False,,242.0,0.0,0.0,public,youtube,['https://en.wikipedia.org/wiki/Music']
p2AxlI3XCKE,"Sa tead igat kohalikku legendi ...ja mõtled mõne juurde, kui vaja!",2025-01-02T10:47:06Z,['tartuvoco'],27,UCYVAolmELF8jVRm-UBMEKoQ,PT36S,hd,False,False,,4401.0,62.0,0.0,public,youtube,"['https://en.wikipedia.org/wiki/Health', 'https://en.wikipedia.org/wiki/Society']"
Eq4B390iqwI,Kas Sul on maitset?,2025-01-02T10:28:33Z,['tartuvoco'],27,UCYVAolmELF8jVRm-UBMEKoQ,PT14S,hd,False,False,,39.0,0.0,0.0,public,youtube,
3vBwCwlP1_U,Kas Sul on maitset?,2025-01-02T10:25:15Z,['tartuvoco'],27,UCYVAolmELF8jVRm-UBMEKoQ,PT20S,hd,False,False,,92.0,0.0,0.0,public,youtube,
5Zqo24Kcrwc,👱‍♀️😲 Bad hair day? ...... Mitte Sinu klientidel!,2025-01-02T09:54:28Z,['tartuvoco'],27,UCYVAolmELF8jVRm-UBMEKoQ,PT10S,hd,False,False,,1453.0,18.0,0.0,public,youtube,
iVPnYA0UskY,👱‍♀️😲 Bad hair day? ...... Mitte Sinu klientidel!,2025-01-02T09:36:19Z,['tartuvoco'],27,UCYVAolmELF8jVRm-UBMEKoQ,PT20S,hd,False,False,,4593.0,0.0,0.0,public,youtube,['https://en.wikipedia.org/wiki/Music']
Rgy1UBtqv0g,"VOCAST_S4_E2 x Let´s talk! Ärevus, vaimne tervis ja tõeline Sina"" feat. Epp Helistega",2024-12-26T10:10:01Z,['tartuvoco'],27,UCYVAolmELF8jVRm-UBMEKoQ,PT31M56S,hd,False,False,,132.0,3.0,0.0,public,youtube,
0uP6dxQa1NA,Tartu Rakenduslik Kolledž / Tartu Vocational College,2024-11-26T08:55:03Z,['tartuvoco'],27,UCYVAolmELF8jVRm-UBMEKoQ,PT4M1S,hd,False,False,,141.0,1.0,0.0,public,youtube,['https://en.wikipedia.org/wiki/Knowledge']
iMx7TqRYfQA,Vocast_S4_E1 x Halloween special,2024-10-31T18:34:32Z,"['tartuvoco', 'VOCAST', 'podcast', 'halloween']",27,UCYVAolmELF8jVRm-UBMEKoQ,PT25M42S,hd,False,False,,413.0,22.0,2.0,public,youtube,['https://en.wikipedia.org/wiki/Lifestyle_(sociology)']
cFbhKGSKOaU,"Kui teed, mida armastad - siis ei tööta sa päevagi x keevitus- ja metallitööde erialad",2024-08-14T07:54:18Z,['tartuvoco'],27,UCYVAolmELF8jVRm-UBMEKoQ,PT7M40S,hd,False,False,,98.0,1.0,0.0,public,youtube,['https://en.wikipedia.org/wiki/Knowledge']
CzHG3aR80Uo,Lihtsalt osavam x CNC lõikepingi operaatori eriala,2024-08-13T11:10:29Z,['tartuvoco'],27,UCYVAolmELF8jVRm-UBMEKoQ,PT5M42S,hd,False,False,,110.0,1.0,0.0,public,youtube,
O0qWc6p-OLg,AITAB TÖÖST!,2024-07-04T13:34:56Z,['tartuvoco'],27,UCYVAolmELF8jVRm-UBMEKoQ,PT13S,hd,False,False,,21787.0,3.0,0.0,public,youtube,['https://en.wikipedia.org/wiki/Music']
yYh8mektEXE,Tartu Rakenduslik Kolledž / x Keskhariduse baasil vastuvõtt,2024-07-04T13:33:54Z,"['tartuvoco', 'voco', 'tarturakenduslikkolledž']",27,UCYVAolmELF8jVRm-UBMEKoQ,PT11S,hd,False,False,,40.0,0.0,0.0,public,youtube,
Unyosg5d2Ys,Tartu Rakenduslik Kolledž x Keskhariduse baasil vastuvõtt,2024-07-04T13:32:15Z,"['tartuvoco', 'VOCO', 'tarturakenduslikkolledž']",27,UCYVAolmELF8jVRm-UBMEKoQ,PT11S,hd,False,False,,4426.0,0.0,0.0,public,youtube,['https://en.wikipedia.org/wiki/Society']
0d4NdBwm_vY,Tartu Rakenduslik Kolledž x Keskhariduse baasil vastuvõtt,2024-07-04T13:30:00Z,"['voco', 'tarturakenduslikkolledž']",27,UCYVAolmELF8jVRm-UBMEKoQ,PT10S,hd,False,False,,5213.0,0.0,0.0,public,youtube,['https://en.wikipedia.org/wiki/Society']
O25Xy7tNR-8,Liitu VOCO IT Akadeemia tublide töömesilastega - oled tulevane õpilane või hoopis meie uus kolleeg?,2024-06-12T10:40:26Z,['tartuvoco'],27,UCYVAolmELF8jVRm-UBMEKoQ,PT5M16S,hd,False,False,,212.0,5.0,0.0,public,youtube,
8lfgeiC8Lhs,Vocast S3_E1,2024-05-02T06:41:54Z,['tartuvoco'],27,UCYVAolmELF8jVRm-UBMEKoQ,PT20M26S,hd,False,False,,316.0,10.0,0.0,public,youtube,['https://en.wikipedia.org/wiki/Knowledge']
W-ZhPpCuGhk,Vocast S3_E1,2024-04-30T14:39:43Z,['tartuvoco'],27,UCYVAolmELF8jVRm-UBMEKoQ,PT28M34S,hd,False,False,,190.0,5.0,0.0,public,youtube,"['https://en.wikipedia.org/wiki/Entertainment', 'https://en.wikipedia.org/wiki/Rock_music']"
EOwu6b3ade4,Vocast#6,2024-02-13T12:47:15Z,['tartuvoco'],27,UCYVAolmELF8jVRm-UBMEKoQ,PT40M6S,hd,False,False,,127.0,1.0,0.0,public,youtube,['https://en.wikipedia.org/wiki/Religion']
lI50OjmNc3M,Projekt „Tööstusrobootika simulaatorid„,2024-01-17T11:35:54Z,['tartuvoco'],27,UCYVAolmELF8jVRm-UBMEKoQ,PT1M50S,hd,False,False,,31.0,0.0,0.0,public,youtube,
FTJpH0bE4V0,Projekt „Automaalrite õppesimulaator„,2024-01-05T09:19:13Z,['tartuvoco'],27,UCYVAolmELF8jVRm-UBMEKoQ,PT1M4S,hd,False,False,,47.0,2.0,0.0,public,youtube,
05gl3_i7yvo,Tartu Rakendusliku kolledži (VOCO) ettevõtluspäeva paneeldiskussioon,2023-10-03T20:54:39Z,['tartuvoco'],27,UCYVAolmELF8jVRm-UBMEKoQ,PT1H36M11S,hd,False,False,,201.0,4.0,1.0,public,youtube,['https://en.wikipedia.org/wiki/Society']
bSAS5P5Nlr0,Roostes detaili väljavahetamine ja viimistlemine,2023-05-09T07:09:52Z,,27,UCYVAolmELF8jVRm-UBMEKoQ,PT8M51S,hd,False,False,,398.0,9.0,0.0,public,youtube,"['https://en.wikipedia.org/wiki/Hobby', 'https://en.wikipedia.org/wiki/Lifestyle_(sociology)', 'https://en.wikipedia.org/wiki/Vehicle']"
RYbIttrvWdg,VoCast #2,2023-04-20T06:36:29Z,,27,UCYVAolmELF8jVRm-UBMEKoQ,PT34M20S,hd,False,False,,199.0,0.0,0.0,public,youtube,
x0FWu4OjTso,Noormeister 2023 _Kokad_12.04.2023,2023-04-12T07:10:10Z,,27,UCYVAolmELF8jVRm-UBMEKoQ,PT54S,hd,False,False,,24.0,0.0,0.0,public,youtube,
7tZbe5hnHhk,Podcast #1,2022-11-15T12:26:19Z,,27,UCYVAolmELF8jVRm-UBMEKoQ,PT45M21S,hd,False,False,,456.0,6.0,0.0,public,youtube,['https://en.wikipedia.org/wiki/Tourism']
5-al4CqxDc8,Tuleohutuskoolitus 2022,2022-09-13T12:44:01Z,,27,UCYVAolmELF8jVRm-UBMEKoQ,PT2H6M52S,hd,False,False,,503.0,2.0,0.0,public,youtube,['https://en.wikipedia.org/wiki/Society']
d1gd_J2Fgao,Tuleohutuskoolitus 2022,2022-09-13T10:29:24Z,,27,UCYVAolmELF8jVRm-UBMEKoQ,PT5M12S,hd,False,False,,48.0,0.0,0.0,public,youtube,
xIvq29bWWd8,Pulgakook,2022-05-19T11:07:19Z,,27,UCYVAolmELF8jVRm-UBMEKoQ,PT8M3S,hd,False,False,,594.0,0.0,0.0,public,youtube,"['https://en.wikipedia.org/wiki/Food', 'https://en.wikipedia.org/wiki/Hobby', 'https://en.wikipedia.org/wiki/Lifestyle_(sociology)']"
XFfwXtHy3X4,Ingli biskviit,2022-05-19T11:06:39Z,,27,UCYVAolmELF8jVRm-UBMEKoQ,PT4M46S,hd,False,False,,234.0,1.0,0.0,public,youtube,"['https://en.wikipedia.org/wiki/Food', 'https://en.wikipedia.org/wiki/Lifestyle_(sociology)']"
_VCX3KI6nig,PodCast #3,2022-05-05T13:12:36Z,,27,UCYVAolmELF8jVRm-UBMEKoQ,PT24M43S,hd,False,False,,253.0,1.0,0.0,public,youtube,
s162RdN_WHQ,Süstik100 IX mäng,2022-04-06T11:18:48Z,,27,UCYVAolmELF8jVRm-UBMEKoQ,PT50M40S,hd,False,False,,185.0,1.0,0.0,public,youtube,"['https://en.wikipedia.org/wiki/Hobby', 'https://en.wikipedia.org/wiki/Lifestyle_(sociology)']"
wbu4j0RU1XE,Süstik100 VIII mäng,2022-04-06T09:22:08Z,,27,UCYVAolmELF8jVRm-UBMEKoQ,PT56M38S,hd,False,False,,111.0,0.0,0.0,public,youtube,"['https://en.wikipedia.org/wiki/Hobby', 'https://en.wikipedia.org/wiki/Lifestyle_(sociology)']"
9fxXVvhDjns,Süstik100 VII mäng,2022-04-06T07:19:18Z,,27,UCYVAolmELF8jVRm-UBMEKoQ,PT54M34S,hd,False,False,,122.0,0.0,0.0,public,youtube,['https://en.wikipedia.org/wiki/Lifestyle_(sociology)']
NadOG0yOYgw,Süstik100 VI mäng,2022-03-30T10:34:39Z,,27,UCYVAolmELF8jVRm-UBMEKoQ,PT1H7M43S,hd,False,False,,202.0,1.0,0.0,public,youtube,"['https://en.wikipedia.org/wiki/Hobby', 'https://en.wikipedia.org/wiki/Lifestyle_(sociology)']"
1zg7WQgRGCU,Süstik100 V mäng,2022-03-30T08:15:37Z,,27,UCYVAolmELF8jVRm-UBMEKoQ,PT1H6M34S,hd,False,False,,180.0,3.0,0.0,public,youtube,['https://en.wikipedia.org/wiki/Lifestyle_(sociology)']
5WCnwWKKz-o,Süstik100 II mäng Osavad vs InternetExplorers,2022-03-28T12:45:03Z,,27,UCYVAolmELF8jVRm-UBMEKoQ,PT1H4M15S,hd,False,False,,175.0,0.0,0.0,public,youtube,['https://en.wikipedia.org/wiki/Lifestyle_(sociology)']
WRDgxinrxF0,Süstik100 I mäng: 100amplified vs Stardikapital_,2022-03-25T16:51:02Z,,27,UCYVAolmELF8jVRm-UBMEKoQ,PT50M46S,hd,False,False,,85.0,0.0,0.0,public,youtube,
nswFQfIufU8,Süstik100 IV mäng: Sööstvad sõstrad vs Mep221,2022-03-23T11:37:02Z,,27,UCYVAolmELF8jVRm-UBMEKoQ,PT1H12M33S,hd,False,False,,122.0,0.0,0.0,public,youtube,['https://en.wikipedia.org/wiki/Lifestyle_(sociology)']
E98Ne1OyJaI,Süstik100 III mäng: Sidur-pidur-gaas vs T2HOTO,2022-03-23T09:05:24Z,,27,UCYVAolmELF8jVRm-UBMEKoQ,PT46M44S,hd,False,False,,195.0,1.0,0.0,public,youtube,"['https://en.wikipedia.org/wiki/Hobby', 'https://en.wikipedia.org/wiki/Lifestyle_(sociology)']"
lwQN100kfa4,Süstik100 sõiduplaani loosimine,2022-03-02T17:20:12Z,,27,UCYVAolmELF8jVRm-UBMEKoQ,PT30M3S,hd,False,False,,190.0,2.0,0.0,public,youtube,
U7t0OlD1S9U,VoCast #2 - Aivar Lippmaa ja suhted,2022-01-11T17:21:15Z,,27,UCYVAolmELF8jVRm-UBMEKoQ,PT27M1S,hd,False,False,,554.0,8.0,2.0,public,youtube,['https://en.wikipedia.org/wiki/Society']
2xI7NjC_0Dc,IT Kool 15sek,2021-03-26T17:15:48Z,,27,UCYVAolmELF8jVRm-UBMEKoQ,PT17S,hd,False,False,,25465.0,3.0,0.0,public,youtube,
Hr6cfsGd0nM,IT Kool 30sek 1,2021-03-26T17:15:25Z,,27,UCYVAolmELF8jVRm-UBMEKoQ,PT31S,hd,False,False,,1936.0,1.0,0.0,public,youtube,
VyPiCaI77vg,IT Kool 30sek 2,2021-03-26T17:15:00Z,,27,UCYVAolmELF8jVRm-UBMEKoQ,PT31S,hd,False,False,,1622.0,1.0,0.0,public,youtube,
pqXEKcmgyYg,IT Kool pikk,2021-03-26T17:14:28Z,,27,UCYVAolmELF8jVRm-UBMEKoQ,PT2M3S,hd,False,False,,313.0,6.0,0.0,public,youtube,
bocaKHlZ4GQ,Spordipaus_2021,2021-02-18T16:38:57Z,,27,UCYVAolmELF8jVRm-UBMEKoQ,PT1M31S,hd,False,False,,111.0,1.0,0.0,public,youtube,"['https://en.wikipedia.org/wiki/Health', 'https://en.wikipedia.org/wiki/Lifestyle_(sociology)']"
RJtaiB2WOww,Jõulutervitus_KHK_2020,2020-12-10T11:33:58Z,,27,UCYVAolmELF8jVRm-UBMEKoQ,PT1M1S,hd,False,False,,500.0,5.0,0.0,public,youtube,['https://en.wikipedia.org/wiki/Lifestyle_(sociology)']
YH_eQgVtrJE,Head Meestepäeva! 2020,2020-11-19T09:47:28Z,,27,UCYVAolmELF8jVRm-UBMEKoQ,PT3M17S,hd,False,False,,567.0,5.0,0.0,public,youtube,
jtV5370Ft0U,IAG4VET introduction,2020-10-07T08:46:50Z,,27,UCYVAolmELF8jVRm-UBMEKoQ,PT2M55S,hd,False,False,,67.0,1.0,0.0,public,youtube,"['https://en.wikipedia.org/wiki/Knowledge', 'https://en.wikipedia.org/wiki/Technology']"
UB_HEiIB3ZA,Tartu Vocational Education Center 2020,2020-10-07T08:46:14Z,,27,UCYVAolmELF8jVRm-UBMEKoQ,PT2M54S,hd,False,False,,167.0,0.0,0.0,public,youtube,['https://en.wikipedia.org/wiki/Knowledge']
6AEDqApdoWw,Ettevõtlusõppe ümberkujundamine Tartu KHK-s,2020-10-06T12:06:09Z,,27,UCYVAolmELF8jVRm-UBMEKoQ,PT4H4M39S,hd,False,False,,427.0,5.0,0.0,public,youtube,['https://en.wikipedia.org/wiki/Society']
1SVnr4Z6RVE,Ettevõtlusõppe ümberkujundamine Tartu KHK-s,2020-10-06T07:25:58Z,,27,UCYVAolmELF8jVRm-UBMEKoQ,PT40S,hd,False,False,,82.0,0.0,0.0,public,youtube,
fVKsPNI1klw,Ettevõtlusõppe ümberkujundamine Tartu KHK-s,2020-10-06T07:17:20Z,,27,UCYVAolmELF8jVRm-UBMEKoQ,PT50S,hd,False,False,,90.0,0.0,0.0,public,youtube,
yC-AiRxmJ38,Ettevõtlusõppe ümberkujundamine Tartu KHK-s,2020-10-06T07:07:47Z,,27,UCYVAolmELF8jVRm-UBMEKoQ,PT17M,hd,False,False,,316.0,1.0,0.0,public,youtube,
_A2qwKqq_AA,Tartu Kutsehariduskeskus Live Stream,2020-08-07T12:38:11Z,,23,UCYVAolmELF8jVRm-UBMEKoQ,PT6H46M,hd,False,False,,151.0,0.0,0.0,public,youtube,['https://en.wikipedia.org/wiki/Society']
gCc3JzRpzOo,Tartu Kutsehariduskeskus Live Stream,2020-08-06T12:59:59Z,,23,UCYVAolmELF8jVRm-UBMEKoQ,PT1M19S,hd,False,False,,78.0,0.0,0.0,public,youtube,
TnrHP2hG2ok,IT VALMIS,2020-06-17T12:37:44Z,,27,UCYVAolmELF8jVRm-UBMEKoQ,PT36S,hd,False,False,,232.0,5.0,0.0,public,youtube,
dX82pHvaRMo,KOOGIPOOD VALMIS,2020-06-17T12:37:23Z,,27,UCYVAolmELF8jVRm-UBMEKoQ,PT31S,hd,False,False,,154.0,2.0,0.0,public,youtube,"['https://en.wikipedia.org/wiki/Food', 'https://en.wikipedia.org/wiki/Lifestyle_(sociology)']"
0GYOZwQ-X4E,CNC VALMIS VIIMANE ehk V3,2020-06-17T12:36:58Z,,27,UCYVAolmELF8jVRm-UBMEKoQ,PT36S,hd,False,False,,80.0,1.0,0.0,public,youtube,
cU_EvifLbhA,Tartu Kutsehariduskeskus - rohkem kui lihtsalt kool,2020-06-17T08:17:05Z,,27,UCYVAolmELF8jVRm-UBMEKoQ,PT1M58S,hd,False,False,,335.0,8.0,0.0,public,youtube,
QB6dh3GH2o8,Kuidas kodust lahkumata kooli sisse astuda,2020-06-12T08:35:48Z,,27,UCYVAolmELF8jVRm-UBMEKoQ,PT1M17S,hd,False,False,,6095.0,24.0,0.0,public,youtube,
aW6PKznqG1E,Tartu Kutsehariduskeskus,2020-05-13T20:38:17Z,,27,UCYVAolmELF8jVRm-UBMEKoQ,PT49M6S,hd,False,False,,694.0,5.0,0.0,public,youtube,
BCliLSWWNy4,Tartu Kutsehariduskeskus infotund õpilastele,2020-04-27T14:23:17Z,,27,UCYVAolmELF8jVRm-UBMEKoQ,PT21M12S,hd,False,False,,192.0,1.0,0.0,public,youtube,
D-GiP63jnbA,Tartu Kutsehariduskeskus,2020-04-27T12:10:21Z,,27,UCYVAolmELF8jVRm-UBMEKoQ,PT47M30S,hd,False,False,,679.0,8.0,0.0,public,youtube,
A-VfqARqSY8,Tartu Kutsehariduskeskus,2020-04-27T09:55:19Z,,27,UCYVAolmELF8jVRm-UBMEKoQ,PT24M14S,hd,False,False,,2228.0,24.0,0.0,public,youtube,
rW4GY4yZYFI,Tartu Kutsehariduskeskus,2020-03-13T10:56:36Z,,27,UCYVAolmELF8jVRm-UBMEKoQ,PT31M16S,hd,False,False,,1401.0,10.0,0.0,public,youtube,
K5LhdXqSfmQ,Tartu Kutsehariduskeskus,2020-02-19T11:29:36Z,,27,UCYVAolmELF8jVRm-UBMEKoQ,PT1H9M28S,hd,False,False,,255.0,3.0,0.0,public,youtube,['https://en.wikipedia.org/wiki/Society']
mFp7TIk5V_4,Tartu Kutsehariduskeskus,2019-10-04T20:56:34Z,,27,UCYVAolmELF8jVRm-UBMEKoQ,PT2H47M39S,hd,False,False,,298.0,1.0,0.0,public,youtube,
pgcWexAMGXA,Elektroonika ja elektrotehnika simulaatori tutvustus,2019-06-26T16:06:30Z,,27,UCYVAolmELF8jVRm-UBMEKoQ,PT5M22S,hd,False,False,,199.0,4.0,0.0,public,youtube,
-1JMFLtWBNg,Turvaklasteri virtuaalserveri simulaatori tutvustus,2019-06-25T12:03:22Z,,27,UCYVAolmELF8jVRm-UBMEKoQ,PT58S,hd,False,False,,56.0,0.0,0.0,public,youtube,['https://en.wikipedia.org/wiki/Technology']
rAuIebEo3ds,APJ metallitöötlemispinkide simulaatori tutvustus,2019-06-25T11:22:53Z,,27,UCYVAolmELF8jVRm-UBMEKoQ,PT31S,hd,False,False,,58.0,1.0,0.0,public,youtube,
FhR9HG6mz8Y,Puidutöötlemise CNC-pingi simulaatori tutvustus,2019-06-25T10:41:36Z,,27,UCYVAolmELF8jVRm-UBMEKoQ,PT1M11S,hd,False,False,,129.0,0.0,0.0,public,youtube,['https://en.wikipedia.org/wiki/Technology']
uES5XFtE1Ks,Peeter Marvet,2019-06-20T07:24:46Z,,27,UCYVAolmELF8jVRm-UBMEKoQ,PT44S,hd,False,False,,298.0,5.0,0.0,public,youtube,
mve0Dj7ttHM,Joel Ostrat,2019-06-20T07:24:44Z,,27,UCYVAolmELF8jVRm-UBMEKoQ,PT34S,hd,False,False,,689.0,3.0,0.0,public,youtube,"['https://en.wikipedia.org/wiki/Food', 'https://en.wikipedia.org/wiki/Lifestyle_(sociology)']"
YRJmt7SQsxE,Triin Ploompuu,2019-06-20T07:24:42Z,,27,UCYVAolmELF8jVRm-UBMEKoQ,PT37S,hd,False,False,,282.0,0.0,0.0,public,youtube,
OhPzsUWhXGg,Andrus Leppik,2019-06-20T07:22:44Z,,27,UCYVAolmELF8jVRm-UBMEKoQ,PT35S,hd,False,False,,361.0,1.0,0.0,public,youtube,"['https://en.wikipedia.org/wiki/Hobby', 'https://en.wikipedia.org/wiki/Lifestyle_(sociology)']"
jn1VCkT2L_Y,KHK_joulutervitus,2018-12-18T08:42:13Z,,27,UCYVAolmELF8jVRm-UBMEKoQ,PT13S,hd,False,False,,71.0,0.0,0.0,public,youtube,
uGnixjfyFkI,WBL 01 03 17 2 1,2018-11-02T14:17:25Z,['#GRIT communication'],27,UCYVAolmELF8jVRm-UBMEKoQ,PT10M29S,hd,False,False,,84.0,0.0,0.0,public,youtube,
5fdwuJ5hVks,WBL 01 03 17 1,2018-11-02T14:17:18Z,['#GRIT communication'],27,UCYVAolmELF8jVRm-UBMEKoQ,PT30M49S,hd,False,False,,23.0,0.0,0.0,public,youtube,
znenY7SBoJ4,Stages in WBL,2018-11-02T14:17:13Z,['#GRIT communication'],27,UCYVAolmELF8jVRm-UBMEKoQ,PT30M54S,hd,False,False,,17.0,1.0,0.0,public,youtube,['https://en.wikipedia.org/wiki/Knowledge']
COqkbU_fO34,Rosana,2018-11-02T14:16:09Z,['#GRIT communication'],27,UCYVAolmELF8jVRm-UBMEKoQ,PT1M26S,hd,False,False,,13.0,0.0,0.0,public,youtube,['https://en.wikipedia.org/wiki/Health']
diaRJ7Yh1cg,Stages in WBL presentations,2018-11-02T14:16:04Z,['#GRIT communication'],27,UCYVAolmELF8jVRm-UBMEKoQ,PT10M34S,hd,False,False,,13.0,0.0,0.0,public,youtube,['https://en.wikipedia.org/wiki/Knowledge']
QcnMrkNea88,New Tools  Tartu Vocational Education Centre,2018-11-02T14:15:49Z,['#GRIT communication'],27,UCYVAolmELF8jVRm-UBMEKoQ,PT1M37S,hd,False,False,,107.0,0.0,0.0,public,youtube,['https://en.wikipedia.org/wiki/Knowledge']
cjUVuNciSiE,Mikel,2018-11-02T14:15:36Z,['#GRIT communication'],27,UCYVAolmELF8jVRm-UBMEKoQ,PT1M17S,hd,False,False,,17.0,0.0,0.0,public,youtube,
hV4AbDtKhFY,IMG 0906,2018-11-02T14:15:32Z,['#GRIT communication'],27,UCYVAolmELF8jVRm-UBMEKoQ,PT44S,hd,False,False,,13.0,0.0,0.0,public,youtube,"['https://en.wikipedia.org/wiki/Health', 'https://en.wikipedia.org/wiki/Knowledge']"
F7B9zg4dTE0,Katlin in Bilbao,2018-11-02T14:15:27Z,['#GRIT communication'],27,UCYVAolmELF8jVRm-UBMEKoQ,PT50S,hd,False,False,,32.0,0.0,0.0,public,youtube,['https://en.wikipedia.org/wiki/Lifestyle_(sociology)']
jlny6Lr6ljE,Co operation   Tartu Vocational Education Centre,2018-11-02T14:15:23Z,['#GRIT communication'],27,UCYVAolmELF8jVRm-UBMEKoQ,PT1M6S,hd,False,False,,42.0,0.0,0.0,public,youtube,['https://en.wikipedia.org/wiki/Knowledge']
1JpZ1ou99fg,Amaia,2018-11-02T14:15:19Z,['#GRIT communication'],27,UCYVAolmELF8jVRm-UBMEKoQ,PT33S,hd,False,False,,22.0,0.0,0.0,public,youtube,"['https://en.wikipedia.org/wiki/Health', 'https://en.wikipedia.org/wiki/Knowledge']"
95iVWvWHWpU,Alisa,2018-11-02T14:15:13Z,['#GRIT communication'],27,UCYVAolmELF8jVRm-UBMEKoQ,PT49S,hd,False,False,,20.0,0.0,0.0,public,youtube,['https://en.wikipedia.org/wiki/Health']
TOFNglzuyw4,Kuidas allalaadida ja avada Acrobat'iga automaatselt pdf,2018-10-12T08:13:00Z,,27,UCYVAolmELF8jVRm-UBMEKoQ,PT1M5S,hd,False,False,,63.0,0.0,0.0,public,youtube,['https://en.wikipedia.org/wiki/Technology']
hc-FfjnmUDQ,Juuksuriõpetaja Taissa Sulajeva - Tartu Kutsehariduskeskus,2018-08-22T06:43:43Z,,27,UCYVAolmELF8jVRm-UBMEKoQ,PT8M19S,hd,False,False,,789.0,1.0,0.0,public,youtube,['https://en.wikipedia.org/wiki/Lifestyle_(sociology)']
TQ3wdiXCvu4,Vaata kuidas Tartu Kutsehariduskeskusse sisse astuda!,2018-06-13T06:43:32Z,,27,UCYVAolmELF8jVRm-UBMEKoQ,PT3M59S,hd,False,False,,2123.0,22.0,0.0,public,youtube,['https://en.wikipedia.org/wiki/Lifestyle_(sociology)']
Cnz88faa4p8,Eesti tantsib   Tartu Kutsehariduskeskus,2018-05-11T11:31:26Z,,22,UCYVAolmELF8jVRm-UBMEKoQ,PT1M37S,hd,False,False,,1105.0,7.0,0.0,public,youtube,"['https://en.wikipedia.org/wiki/Music', 'https://en.wikipedia.org/wiki/Rock_music']"
K8UWatHQgQg,Sul on palju valikuid,2018-04-05T13:40:55Z,"['make explainer video', 'make animated video', 'animation software', 'make animation online', 'explainer video templates', 'explanation video', 'make web video', 'make landing page video', 'explainer video software']",22,UCYVAolmELF8jVRm-UBMEKoQ,PT1M16S,sd,False,False,,68.0,0.0,0.0,public,youtube,['https://en.wikipedia.org/wiki/Knowledge']
lZIRvhsHSV0,Tartu VEC Christmas Greetings 2017,2017-12-14T10:13:04Z,,27,UCYVAolmELF8jVRm-UBMEKoQ,PT15S,hd,False,False,,185.0,0.0,0.0,public,youtube,
uoE7JdL1_gM,Tartu kutsehariduskeskuse jõulutervitus 2017,2017-12-14T10:07:46Z,,27,UCYVAolmELF8jVRm-UBMEKoQ,PT15S,hd,False,False,,285.0,4.0,0.0,public,youtube,
w6GCLUgJzPQ,Liivi Albre,2017-09-29T12:48:27Z,,27,UCYVAolmELF8jVRm-UBMEKoQ,PT5M34S,hd,False,False,,305.0,3.0,0.0,public,youtube,['https://en.wikipedia.org/wiki/Society']
NXsiBy03XDQ,Helve Kooser,2017-09-27T11:05:14Z,,27,UCYVAolmELF8jVRm-UBMEKoQ,PT1M12S,hd,False,False,,304.0,0.0,0.0,public,youtube,
WSet3HJIK3c,Külli Toots,2017-09-13T08:23:16Z,,27,UCYVAolmELF8jVRm-UBMEKoQ,PT35S,hd,False,False,,232.0,0.0,0.0,public,youtube,
apYwvEgfP3s,Pärmi-muretainas,2017-09-11T12:54:14Z,['Küpsetutatud kohupiimatort'],27,UCYVAolmELF8jVRm-UBMEKoQ,PT1M31S,hd,False,False,,1247.0,4.0,0.0,public,youtube,"['https://en.wikipedia.org/wiki/Food', 'https://en.wikipedia.org/wiki/Hobby', 'https://en.wikipedia.org/wiki/Lifestyle_(sociology)']"
bhJGa55PAMM,Keedutainast luiged,2017-09-11T12:54:14Z,['Singi-toorjuustukook'],27,UCYVAolmELF8jVRm-UBMEKoQ,PT1M29S,hd,False,False,,422.0,2.0,0.0,public,youtube,"['https://en.wikipedia.org/wiki/Food', 'https://en.wikipedia.org/wiki/Hobby', 'https://en.wikipedia.org/wiki/Lifestyle_(sociology)']"
Mq59qmTAcWc,Kiir-lehttainas ja suhkrulisest tainast spiraalid,2017-09-11T12:54:13Z,['Napeleoni tort'],27,UCYVAolmELF8jVRm-UBMEKoQ,PT1M32S,hd,False,False,,728.0,2.0,0.0,public,youtube,"['https://en.wikipedia.org/wiki/Food', 'https://en.wikipedia.org/wiki/Hobby', 'https://en.wikipedia.org/wiki/Lifestyle_(sociology)']"
oaXniqcKNV0,Tiramisutort,2017-09-11T12:54:13Z,['Tiramisu'],27,UCYVAolmELF8jVRm-UBMEKoQ,PT1M24S,hd,False,False,,432.0,1.0,0.0,public,youtube,"['https://en.wikipedia.org/wiki/Food', 'https://en.wikipedia.org/wiki/Lifestyle_(sociology)']"
v5hdgttTUtY,Šokolaadivahukreem ja kakaoglasuurist keerud,2017-09-11T12:54:13Z,['Moussetort'],27,UCYVAolmELF8jVRm-UBMEKoQ,PT2M6S,hd,False,False,,728.0,4.0,0.0,public,youtube,"['https://en.wikipedia.org/wiki/Food', 'https://en.wikipedia.org/wiki/Hobby', 'https://en.wikipedia.org/wiki/Lifestyle_(sociology)']"
2BiwDWqDfcU,Peegelglasuur ja šokolaadispiraalid,2017-09-11T12:54:12Z,['Sufleetort'],27,UCYVAolmELF8jVRm-UBMEKoQ,PT2M9S,hd,False,False,,1308.0,6.0,1.0,public,youtube,"['https://en.wikipedia.org/wiki/Food', 'https://en.wikipedia.org/wiki/Hobby', 'https://en.wikipedia.org/wiki/Lifestyle_(sociology)']"
c_xR_QSExPU,Fruktodisain,2017-09-11T12:54:12Z,['Puuvilja-kohupiimatort'],27,UCYVAolmELF8jVRm-UBMEKoQ,PT1M31S,hd,False,False,,889.0,4.0,0.0,public,youtube,"['https://en.wikipedia.org/wiki/Food', 'https://en.wikipedia.org/wiki/Hobby', 'https://en.wikipedia.org/wiki/Lifestyle_(sociology)']"
Dd5f47ry8PI,Näpulilled,2017-09-11T12:54:11Z,['Mustsõstra-toorjuustukook'],27,UCYVAolmELF8jVRm-UBMEKoQ,PT1M45S,hd,False,False,,429.0,2.0,0.0,public,youtube,"['https://en.wikipedia.org/wiki/Hobby', 'https://en.wikipedia.org/wiki/Lifestyle_(sociology)']"
JyZ19s8_2iA,Kaunistamine Royal icinguga ja vormililled,2017-09-11T12:54:11Z,['Miniküpsisetort'],27,UCYVAolmELF8jVRm-UBMEKoQ,PT1M48S,hd,False,False,,233.0,3.0,0.0,public,youtube,"['https://en.wikipedia.org/wiki/Food', 'https://en.wikipedia.org/wiki/Hobby', 'https://en.wikipedia.org/wiki/Lifestyle_(sociology)']"
mO8w6h2PbGw,Sefiiriroos,2017-09-11T12:54:11Z,['Sefiiritort'],27,UCYVAolmELF8jVRm-UBMEKoQ,PT57S,hd,False,False,,23919.0,168.0,5.0,public,youtube,"['https://en.wikipedia.org/wiki/Food', 'https://en.wikipedia.org/wiki/Hobby', 'https://en.wikipedia.org/wiki/Lifestyle_(sociology)']"
U-N1x7RU0aw,Trühvlipuru ja kakaoglasuurist toru,2017-09-11T12:54:10Z,['Trühvlitort'],27,UCYVAolmELF8jVRm-UBMEKoQ,PT1M58S,hd,False,False,,348.0,2.0,0.0,public,youtube,"['https://en.wikipedia.org/wiki/Food', 'https://en.wikipedia.org/wiki/Hobby', 'https://en.wikipedia.org/wiki/Lifestyle_(sociology)']"
udp7AxoLWpo,Karamelliniidid,2017-09-11T12:54:10Z,['Küpsetatud toorjuustukook'],27,UCYVAolmELF8jVRm-UBMEKoQ,PT1M36S,hd,False,False,,689.0,5.0,0.0,public,youtube,"['https://en.wikipedia.org/wiki/Food', 'https://en.wikipedia.org/wiki/Hobby', 'https://en.wikipedia.org/wiki/Lifestyle_(sociology)']"
5k6A7bxdIV4,Martsipanist marmorkate,2017-09-11T12:54:09Z,['Martsipani-kohupiimatort'],27,UCYVAolmELF8jVRm-UBMEKoQ,PT1M1S,hd,False,False,,351.0,2.0,0.0,public,youtube,"['https://en.wikipedia.org/wiki/Food', 'https://en.wikipedia.org/wiki/Hobby', 'https://en.wikipedia.org/wiki/Lifestyle_(sociology)']"
PnAcrypUJo4,Šokolaadivoolimismassist orhidee,2017-09-11T12:54:09Z,['Soolapähkli-banaanitort'],27,UCYVAolmELF8jVRm-UBMEKoQ,PT1M57S,hd,False,False,,188.0,1.0,0.0,public,youtube,"['https://en.wikipedia.org/wiki/Hobby', 'https://en.wikipedia.org/wiki/Lifestyle_(sociology)']"
pOO3fIPVMow,Martsipanist tulp,2017-09-11T12:54:09Z,['Martsipani-kohupiimatort'],27,UCYVAolmELF8jVRm-UBMEKoQ,PT1M6S,hd,False,False,,276.0,3.0,0.0,public,youtube,"['https://en.wikipedia.org/wiki/Food', 'https://en.wikipedia.org/wiki/Hobby', 'https://en.wikipedia.org/wiki/Lifestyle_(sociology)']"
C9ivfjOvibM,Kakaoglasuurist kaunistused ja martsipanist mesilased,2017-09-11T12:54:08Z,['Meetort'],27,UCYVAolmELF8jVRm-UBMEKoQ,PT1M33S,hd,False,False,,412.0,3.0,0.0,public,youtube,"['https://en.wikipedia.org/wiki/Food', 'https://en.wikipedia.org/wiki/Hobby', 'https://en.wikipedia.org/wiki/Lifestyle_(sociology)']"
P0QJ1SoQG7I,Šokolaadist liblikas,2017-09-11T12:54:08Z,['Jäätisetort'],27,UCYVAolmELF8jVRm-UBMEKoQ,PT1M43S,hd,False,False,,295.0,4.0,0.0,public,youtube,"['https://en.wikipedia.org/wiki/Food', 'https://en.wikipedia.org/wiki/Hobby', 'https://en.wikipedia.org/wiki/Lifestyle_(sociology)']"
yykK1akXDPY,Šarlottkreem,2017-09-11T12:54:08Z,['Pähklibesee tort'],27,UCYVAolmELF8jVRm-UBMEKoQ,PT2M13S,hd,False,False,,324.0,3.0,0.0,public,youtube,"['https://en.wikipedia.org/wiki/Food', 'https://en.wikipedia.org/wiki/Lifestyle_(sociology)']"
p2E_vQKhvkg,Makroonid,2017-09-11T12:54:07Z,['Makroonitort'],27,UCYVAolmELF8jVRm-UBMEKoQ,PT1M31S,hd,False,False,,3478.0,15.0,0.0,public,youtube,"['https://en.wikipedia.org/wiki/Food', 'https://en.wikipedia.org/wiki/Lifestyle_(sociology)']"
g2u2WYf7ViI,Šokolaadivoolimismassist roos ja lehed,2017-09-11T12:53:02Z,['Šokolaadi-mangotort'],27,UCYVAolmELF8jVRm-UBMEKoQ,PT1M42S,hd,False,False,,384.0,3.0,0.0,public,youtube,"['https://en.wikipedia.org/wiki/Food', 'https://en.wikipedia.org/wiki/Hobby', 'https://en.wikipedia.org/wiki/Lifestyle_(sociology)']"
gB0HBudfdp0,Aime Jaagus,2017-09-01T10:49:57Z,,27,UCYVAolmELF8jVRm-UBMEKoQ,PT1M17S,hd,False,False,,194.0,0.0,0.0,public,youtube,
pX7MQBjH8GI,Liivi Albre,2017-09-01T10:48:41Z,,27,UCYVAolmELF8jVRm-UBMEKoQ,PT58S,hd,False,False,,226.0,2.0,0.0,public,youtube,['https://en.wikipedia.org/wiki/Health']
rCTyNYmqQPk,Riina Mändla,2017-09-01T10:48:13Z,,27,UCYVAolmELF8jVRm-UBMEKoQ,PT20S,hd,False,False,,456.0,3.0,0.0,public,youtube,
XisXdH35MZU,Mirjam-Merike Sõmer,2017-09-01T08:48:48Z,,27,UCYVAolmELF8jVRm-UBMEKoQ,PT47S,hd,False,False,,345.0,0.0,0.0,public,youtube,
SzcJlN3hZ34,Sirje Jäär,2017-09-01T08:15:50Z,,27,UCYVAolmELF8jVRm-UBMEKoQ,PT54S,hd,False,False,,177.0,1.0,0.0,public,youtube,
iwy1AioyPaQ,Erna Urm,2017-08-27T12:58:25Z,,27,UCYVAolmELF8jVRm-UBMEKoQ,PT24S,hd,False,False,,139.0,0.0,0.0,public,youtube,['https://en.wikipedia.org/wiki/Health']
e-9krut1wu0,Vilve Pohla,2017-08-22T14:30:58Z,,27,UCYVAolmELF8jVRm-UBMEKoQ,PT1M2S,hd,False,False,,205.0,2.0,0.0,public,youtube,
tZtVaYH29vk,Tiiu Vellevoog,2017-08-22T14:30:28Z,,27,UCYVAolmELF8jVRm-UBMEKoQ,PT1M25S,hd,False,False,,339.0,1.0,1.0,public,youtube,
BfomPvOzIxg,Sirje Kikas,2017-08-22T14:29:49Z,,27,UCYVAolmELF8jVRm-UBMEKoQ,PT56S,hd,False,False,,203.0,1.0,1.0,public,youtube,['https://en.wikipedia.org/wiki/Society']
CKnVptJl_bI,Enn Valgma,2017-08-22T06:38:35Z,,27,UCYVAolmELF8jVRm-UBMEKoQ,PT1M47S,hd,False,False,,344.0,2.0,1.0,public,youtube,['https://en.wikipedia.org/wiki/Society']
PIvDzo4z3w0,Taissa Sulajeva,2017-08-22T06:37:57Z,,27,UCYVAolmELF8jVRm-UBMEKoQ,PT43S,hd,False,False,,79.0,1.0,0.0,public,youtube,
U6XUnaQ_NW8,Tiit Kaber,2017-08-18T07:22:54Z,,27,UCYVAolmELF8jVRm-UBMEKoQ,PT46S,hd,False,False,,377.0,1.0,1.0,public,youtube,
w7c4feeJ394,Vaike Vetka,2017-08-16T12:11:42Z,,27,UCYVAolmELF8jVRm-UBMEKoQ,PT1M48S,hd,False,False,,350.0,6.0,0.0,public,youtube,
qvaTRPnDkxc,Anne Krull,2017-08-16T12:09:48Z,,27,UCYVAolmELF8jVRm-UBMEKoQ,PT43S,hd,False,False,,234.0,0.0,0.0,public,youtube,
giQp52lVp0Q,Külliki Vaske,2017-08-16T12:08:31Z,,27,UCYVAolmELF8jVRm-UBMEKoQ,PT1M27S,hd,False,False,,208.0,0.0,0.0,public,youtube,
fBR6W0CUK4k,Tiina Ilus,2017-08-07T11:15:41Z,,27,UCYVAolmELF8jVRm-UBMEKoQ,PT1M23S,hd,False,False,,268.0,2.0,1.0,public,youtube,['https://en.wikipedia.org/wiki/Society']
Dl1FaMqeefw,Thea Kuus,2017-08-07T11:15:13Z,,27,UCYVAolmELF8jVRm-UBMEKoQ,PT1M14S,hd,False,False,,177.0,0.0,0.0,public,youtube,['https://en.wikipedia.org/wiki/Health']
8fcLiQqwl6g,Ljudmilla Klotško,2017-08-07T11:13:54Z,,27,UCYVAolmELF8jVRm-UBMEKoQ,PT1M17S,hd,False,False,,159.0,1.0,0.0,public,youtube,
pbk-AvfKZ_c,Kersti Poska,2017-08-07T11:13:17Z,,27,UCYVAolmELF8jVRm-UBMEKoQ,PT1M32S,hd,False,False,,599.0,3.0,0.0,public,youtube,
8jutt4NXYMA,Iolanda Pärtmaa,2017-08-07T11:12:39Z,,27,UCYVAolmELF8jVRm-UBMEKoQ,PT1M43S,hd,False,False,,131.0,0.0,0.0,public,youtube,
bInQdpBngrk,Elika Raal-Kikas,2017-08-07T11:11:24Z,,27,UCYVAolmELF8jVRm-UBMEKoQ,PT54S,hd,False,False,,249.0,3.0,0.0,public,youtube,
nzFTTMoGAqY,Aivar Krull,2017-08-07T11:09:36Z,,27,UCYVAolmELF8jVRm-UBMEKoQ,PT48S,hd,False,False,,608.0,5.0,0.0,public,youtube,['https://en.wikipedia.org/wiki/Society']
syjekGsxwwc,GERT Kutsehariduskeskus showreel MIX4,2017-06-21T12:56:35Z,,27,UCYVAolmELF8jVRm-UBMEKoQ,PT1M12S,hd,False,False,,129.0,0.0,0.0,public,youtube,
FIO-prErMeU,Juuksur 50,2016-05-07T03:09:46Z,['Video Tag'],27,UCYVAolmELF8jVRm-UBMEKoQ,PT6H34M48S,hd,False,False,,587.0,0.0,0.0,public,youtube,
-NKE5zuqcCA,Juuksur 50,2016-05-05T21:57:54Z,['Video Tag'],27,UCYVAolmELF8jVRm-UBMEKoQ,PT5H24M5S,hd,False,False,,192.0,1.0,0.0,public,youtube,
i04tHVYeX30,Juuksur 50,2016-05-05T06:44:27Z,['Video Tag'],27,UCYVAolmELF8jVRm-UBMEKoQ,PT1M43S,hd,False,False,,62.0,0.0,0.0,public,youtube,
e2EcAp-fhwA,Tartu Kutsehariduskeskuse flashmob,2016-03-08T09:38:42Z,,27,UCYVAolmELF8jVRm-UBMEKoQ,PT4M27S,hd,False,False,,7069.0,25.0,0.0,public,youtube,"['https://en.wikipedia.org/wiki/Hobby', 'https://en.wikipedia.org/wiki/Lifestyle_(sociology)']"
VSq4ataBl6I,Arels Cut,2016-01-26T10:10:06Z,,27,UCYVAolmELF8jVRm-UBMEKoQ,PT48S,hd,False,False,,93.0,0.0,0.0,public,youtube,
IlxVvO_6-SU,TKHK Jõulutervitus,2014-12-19T07:41:26Z,,27,UCYVAolmELF8jVRm-UBMEKoQ,PT1M,hd,False,False,,755.0,1.0,0.0,public,youtube,
tx1jaLOhfzg,Helin,2014-06-17T07:08:11Z,,27,UCYVAolmELF8jVRm-UBMEKoQ,PT49S,hd,False,False,,1363.0,2.0,0.0,public,youtube,['https://en.wikipedia.org/wiki/Lifestyle_(sociology)']
5bwq9UtCmPE,Martin,2014-06-17T06:55:37Z,,27,UCYVAolmELF8jVRm-UBMEKoQ,PT51S,hd,False,False,,2396.0,6.0,0.0,public,youtube,
uBGutvec4ng,Tartu Kutsehariduskeskus,2014-02-13T13:28:11Z,,27,UCYVAolmELF8jVRm-UBMEKoQ,PT1M24S,sd,False,False,,1201.0,0.0,0.0,public,youtube,
vTR_JmYs9jc,Tartu KHK movie,2013-06-05T06:20:20Z,"['kutseharidus', 'Tartu KHK']",27,UCYVAolmELF8jVRm-UBMEKoQ,PT4M54S,hd,False,False,,2216.0,7.0,0.0,public,youtube,
wAApQ_K3-1E,Elu on lend,2013-05-31T09:26:53Z,,27,UCYVAolmELF8jVRm-UBMEKoQ,PT16S,sd,False,False,,1246.0,0.0,0.0,public,youtube,
uSRj7ZwguC4,Avatud uksed  ja Varjunädal 2013,2013-03-16T17:55:15Z,,27,UCYVAolmELF8jVRm-UBMEKoQ,PT18S,hd,False,False,,153.0,0.0,0.0,public,youtube,
-qcgUM1M4ms,Ilusat naistepäeva_2013,2013-03-08T06:48:54Z,,27,UCYVAolmELF8jVRm-UBMEKoQ,PT43S,sd,False,False,,378.0,0.0,0.0,public,youtube,
oyKbb-jMImE,Aasta tegija 2013,2013-02-01T12:36:03Z,"['Tartu kutsehariduskeskus', 'Aasta tegija 2013']",27,UCYVAolmELF8jVRm-UBMEKoQ,PT12M59S,hd,False,False,,465.0,0.0,0.0,public,youtube,"['https://en.wikipedia.org/wiki/Hobby', 'https://en.wikipedia.org/wiki/Lifestyle_(sociology)']"
FCJC7zDM4Eg,90/10 aastat kutseharidust Tartus,2012-09-13T21:55:16Z,"['kutseharidus', 'tkhk', 'kutse']",27,UCYVAolmELF8jVRm-UBMEKoQ,PT26S,hd,False,False,,782.0,0.0,,public,youtube,['https://en.wikipedia.org/wiki/Music']
iwUwg91s-Ic,TKHK Naistepäeva tervitus,2012-03-07T12:47:41Z,"['naistepäev', 'stop motion', 'Tartu kutsehariduskeskus', 'kutseharidus']",27,UCYVAolmELF8jVRm-UBMEKoQ,PT34S,hd,False,False,,756.0,0.0,0.0,public,youtube,
P2Uh-ly-K0o,Winter Wonderland Tartu KHK õpilaste jõulupidu,2011-12-12T09:49:13Z,"['Winter Wonderland', 'Tartu', 'KHK']",27,UCYVAolmELF8jVRm-UBMEKoQ,PT38S,hd,False,False,,362.0,4.0,0.0,public,youtube,
rEDm-jHoAV0,Lipsunädal,2011-10-17T05:57:28Z,"['windsor`i sõlm', 'Tartu KHK', 'lipsunädal']",27,UCYVAolmELF8jVRm-UBMEKoQ,PT1M21S,hd,False,False,,7688.0,8.0,0.0,public,youtube,"['https://en.wikipedia.org/wiki/Hobby', 'https://en.wikipedia.org/wiki/Lifestyle_(sociology)']"
aLn0WrFekoo,Tartu KHK .mpg,2011-09-29T12:14:03Z,"['Sequence', '01', '2']",27,UCYVAolmELF8jVRm-UBMEKoQ,PT28S,sd,False,False,,765.0,2.0,0.0,public,youtube,['https://en.wikipedia.org/wiki/Music']
SdYrWAP7hlM,Tartu KHK koolilaul (instrumentaal),2011-09-29T06:02:46Z,['koolilaul'],27,UCYVAolmELF8jVRm-UBMEKoQ,PT2M56S,hd,False,False,,2098.0,6.0,1.0,public,youtube,['https://en.wikipedia.org/wiki/Music']
UC5A2yejCog,Kuidas tulla bussiga?,2010-02-03T11:27:15Z,"['Tartu', 'asukoht', 'bussiga', 'khk', 'iknk', 'nõustamiskeskus']",27,UCYVAolmELF8jVRm-UBMEKoQ,PT2M59S,sd,False,False,,2924.0,11.0,1.0,public,youtube,
efSn_VQzirU,Tartu KHK (teine osa),2009-05-21T12:27:35Z,"['kutseharidus', 'tartu', 'haridus', 'täiendkoolitus', 'edasiõppimine', 'nõustamine', 'karjäärinõustamine', 'kutsehariduskeskus', 'innovatsioon']",27,UCYVAolmELF8jVRm-UBMEKoQ,PT9M53S,sd,False,False,,3955.0,4.0,0.0,public,youtube,"['https://en.wikipedia.org/wiki/Lifestyle_(sociology)', 'https://en.wikipedia.org/wiki/Physical_fitness']"
Rs6PbwEfRjI,Tartu KHK (esimene osa),2009-05-21T12:21:46Z,"['kutseharidus', 'tartu', 'haridus', 'täiendkoolitus', 'edasiõppimine', 'nõustamine', 'karjäärinõustamine', 'kutsehariduskeskus', 'innovatsioon']",27,UCYVAolmELF8jVRm-UBMEKoQ,PT8M57S,sd,False,False,,5125.0,8.0,0.0,public,youtube,
63pz9eBAvjs,Tartu KHK IKT osakonna erialad,2009-04-09T11:33:59Z,"['veebispetsialist', 'tarkvara', 'andmebaas', 'sekretär', 'arvutiteenindus', 'kutseharidus', 'haridus', 'kool', 'IT', 'infotehnoloogia']",27,UCYVAolmELF8jVRm-UBMEKoQ,PT2M25S,sd,False,False,,3415.0,10.0,2.0,public,youtube,
IBuORb4xfzY,Noore tööotsija teejuht,2009-04-08T13:22:08Z,"['praktika', 'töö', 'tööõigus', 'kandideerimine', 'uudised', 'artiklid', 'töökohad', 'firstjob', 'tartu', 'khk', 'info-', 'ja', 'karjäärinõustamiskeskus', 'kutsehariduskeskus']",27,UCYVAolmELF8jVRm-UBMEKoQ,PT23S,sd,False,False,,863.0,0.0,0.0,public,youtube,
sTzQhi1zCh8,Õppida on hea,2009-04-08T10:05:37Z,"['koolitus', 'täiskasvanute koolitus', 'tartu kutsehariduskeskus', 'kutsehariduskeskus']",27,UCYVAolmELF8jVRm-UBMEKoQ,PT2M29S,sd,False,False,,1572.0,4.0,0.0,public,youtube,
RobOn9APjC8,Tartu KHK Info- ja Karjäärinõustamiskeskus,2009-04-07T12:14:00Z,"['Kutsehariduskeskus', 'karjäärinõustamine', 'karjäär', 'nõustamine', 'nõustamiskeskus', 'noored', 'töökoht', 'ametid', 'firstjob', 'koolitus', 'eelkoolitus', 'kutse', 'kutsenõustamine', 'karjääriinfo', 'ainesektsioonid', 'töötoad', 'tulevik', 'testimine', 'kutsesobivustestid', 'vaimsete võimete testid', 'kutsesobivus', 'õppekäigud', 'MSN nõustamine']",27,UCYVAolmELF8jVRm-UBMEKoQ,PT37S,sd,False,False,,1330.0,0.0,0.0,public,youtube,
TKolRnM5TfE,KrisPoiss - nendest lehmadest ei tea me küll (Video Remix),2024-02-26T20:10:20Z,['@KrisPoiss'],24,UC9HGtxPEyaMCg-Yapj5c0vA,PT2M47S,hd,False,False,,175.0,1.0,1.0,public,youtube,['https://en.wikipedia.org/wiki/Music']
jObw6uaJas4,NANANA x COLA I ChrisPoiss EDIT,2024-02-26T19:48:33Z,,24,UC9HGtxPEyaMCg-Yapj5c0vA,PT4M11S,hd,False,False,,13.0,0.0,0.0,public,youtube,"['https://en.wikipedia.org/wiki/Electronic_music', 'https://en.wikipedia.org/wiki/Music', 'https://en.wikipedia.org/wiki/Pop_music']"
vJsnx_kvsYU,RaceKarting TRAILER,2024-02-18T14:00:04Z,,24,UC9HGtxPEyaMCg-Yapj5c0vA,PT31S,hd,False,False,"{'blocked': ['BY', 'RU']}",24.0,1.0,1.0,public,youtube,"['https://en.wikipedia.org/wiki/Role-playing_video_game', 'https://en.wikipedia.org/wiki/Video_game_culture']"
KVzIxAWOtH4,Roblox Dead Silence EI JÕUTNUD ME KUHUGI,2024-02-12T16:21:26Z,,24,UC9HGtxPEyaMCg-Yapj5c0vA,PT25M27S,hd,False,False,,21.0,0.0,,public,youtube,"['https://en.wikipedia.org/wiki/Action-adventure_game', 'https://en.wikipedia.org/wiki/Role-playing_video_game', 'https://en.wikipedia.org/wiki/Video_game_culture']"
qLGRRYgYahY,Wierd strict teacher (Eesti Keeles),2024-02-12T16:14:55Z,,24,UC9HGtxPEyaMCg-Yapj5c0vA,PT9M10S,hd,False,False,,12.0,0.0,,public,youtube,['https://en.wikipedia.org/wiki/Video_game_culture']
EqXEkOCfj18,Osu (eesti keeles),2024-02-04T12:06:55Z,,24,UC9HGtxPEyaMCg-Yapj5c0vA,PT21M25S,hd,False,False,"{'blocked': ['BY', 'RU']}",18.0,0.0,0.0,public,youtube,"['https://en.wikipedia.org/wiki/Music_video_game', 'https://en.wikipedia.org/wiki/Video_game_culture']"
Id4B442r6eI,A core game in RL,2024-01-26T10:00:10Z,,24,UC9HGtxPEyaMCg-Yapj5c0vA,PT55S,hd,False,False,,38.0,0.0,0.0,public,youtube,['https://en.wikipedia.org/wiki/Lifestyle_(sociology)']
PN178UVKh0g,Minu Esimene Minecraft,2024-01-19T17:56:05Z,,24,UC9HGtxPEyaMCg-Yapj5c0vA,PT15M34S,hd,False,False,,19.0,0.0,0.0,public,youtube,"['https://en.wikipedia.org/wiki/Action-adventure_game', 'https://en.wikipedia.org/wiki/Role-playing_video_game', 'https://en.wikipedia.org/wiki/Video_game_culture']"
h0VSMjQJV-M,Samsung AI (live),2024-01-18T07:32:17Z,,24,UC9HGtxPEyaMCg-Yapj5c0vA,PT2M55S,hd,False,False,,10.0,0.0,0.0,public,youtube,['https://en.wikipedia.org/wiki/Technology']
l8oBE0p1Rc4,Minu Esimene Minecraft (Trailer,2024-01-17T18:33:40Z,,24,UC9HGtxPEyaMCg-Yapj5c0vA,PT1M20S,hd,False,False,,19.0,0.0,0.0,public,youtube,"['https://en.wikipedia.org/wiki/Action-adventure_game', 'https://en.wikipedia.org/wiki/Role-playing_video_game', 'https://en.wikipedia.org/wiki/Video_game_culture']"
wVUAumSLY1Y,Galaxy AI uurime ja vaatame (live),2024-01-17T18:28:34Z,,24,UC9HGtxPEyaMCg-Yapj5c0vA,PT13M52S,hd,False,False,,9.0,0.0,0.0,public,youtube,['https://en.wikipedia.org/wiki/Technology']
WZn0epSkz1w,Herobrine part 2,2024-01-17T17:19:01Z,,24,UC9HGtxPEyaMCg-Yapj5c0vA,PT50S,hd,False,False,,11.0,0.0,0.0,public,youtube,"['https://en.wikipedia.org/wiki/Action-adventure_game', 'https://en.wikipedia.org/wiki/Role-playing_video_game', 'https://en.wikipedia.org/wiki/Video_game_culture']"
C4UzAbU8fKI,I MADE HEROBRINE!!!!,2024-01-17T17:14:33Z,,24,UC9HGtxPEyaMCg-Yapj5c0vA,PT1M19S,hd,False,False,,7.0,0.0,0.0,public,youtube,"['https://en.wikipedia.org/wiki/Action-adventure_game', 'https://en.wikipedia.org/wiki/Role-playing_video_game', 'https://en.wikipedia.org/wiki/Video_game_culture']"
GWN6QbVqKtM,Power Core Game v1.1,2024-01-08T00:41:52Z,,24,UC9HGtxPEyaMCg-Yapj5c0vA,PT16M59S,hd,False,False,,5.0,0.0,0.0,public,youtube,"['https://en.wikipedia.org/wiki/Action_game', 'https://en.wikipedia.org/wiki/Video_game_culture']"
u4b29uy6Lq4,SuveParadiis I Remix,2023-12-19T10:39:30Z,,24,UC9HGtxPEyaMCg-Yapj5c0vA,PT4M9S,hd,False,False,,123.0,1.0,0.0,public,youtube,"['https://en.wikipedia.org/wiki/Electronic_music', 'https://en.wikipedia.org/wiki/Music', 'https://en.wikipedia.org/wiki/Pop_music']"
cDHyH6LkQ8Q,Dark Fog I ChrisPoiss,2023-12-19T09:13:21Z,,24,UC9HGtxPEyaMCg-Yapj5c0vA,PT4M17S,hd,False,False,,61.0,1.0,1.0,public,youtube,"['https://en.wikipedia.org/wiki/Electronic_music', 'https://en.wikipedia.org/wiki/Music']"
cx30SAe_lcY,Mks nii? I ChrisPoiss,2023-12-19T08:55:46Z,,24,UC9HGtxPEyaMCg-Yapj5c0vA,PT3M4S,hd,False,False,,22.0,0.0,0.0,public,youtube,"['https://en.wikipedia.org/wiki/Electronic_music', 'https://en.wikipedia.org/wiki/Music']"
TpyDvp3Mx14,m,2023-12-17T16:35:52Z,,24,UC9HGtxPEyaMCg-Yapj5c0vA,PT1M30S,hd,False,False,,7.0,0.0,0.0,public,youtube,['https://en.wikipedia.org/wiki/Electronic_music']
2UWsyQZQiJo,Minecraft gameclan (Part 1)Parandame gamerclani ära,2023-12-07T08:04:44Z,,24,UC9HGtxPEyaMCg-Yapj5c0vA,PT24M12S,hd,False,False,,9.0,0.0,0.0,public,youtube,"['https://en.wikipedia.org/wiki/Action-adventure_game', 'https://en.wikipedia.org/wiki/Role-playing_video_game', 'https://en.wikipedia.org/wiki/Video_game_culture']"
cT7-hlZif_0,Cars down a hill (eesti keeles roblox),2023-12-07T06:57:08Z,['CapCut'],24,UC9HGtxPEyaMCg-Yapj5c0vA,PT12M45S,hd,False,False,,11.0,0.0,0.0,public,youtube,"['https://en.wikipedia.org/wiki/Action-adventure_game', 'https://en.wikipedia.org/wiki/Simulation_video_game', 'https://en.wikipedia.org/wiki/Video_game_culture']"
UW3ek8_0eP4,How to public or private video in iphone,2023-11-29T05:54:01Z,,24,UC9HGtxPEyaMCg-Yapj5c0vA,PT33S,hd,False,False,,27.0,,0.0,public,youtube,"['https://en.wikipedia.org/wiki/Technology', 'https://en.wikipedia.org/wiki/Video_game_culture']"
u98N9zPHEpE,Pls Donate (Subscribe goal 40),2023-11-13T21:18:31Z,,24,UC9HGtxPEyaMCg-Yapj5c0vA,PT45M5S,hd,False,False,,15.0,1.0,0.0,public,youtube,"['https://en.wikipedia.org/wiki/Role-playing_video_game', 'https://en.wikipedia.org/wiki/Video_game_culture']"
ZlIllyg3ft0,TrollyBuses (Roblox Est),2023-11-13T11:57:27Z,,24,UC9HGtxPEyaMCg-Yapj5c0vA,PT18M54S,hd,False,False,,12.0,0.0,0.0,public,youtube,"['https://en.wikipedia.org/wiki/Casual_game', 'https://en.wikipedia.org/wiki/Role-playing_video_game', 'https://en.wikipedia.org/wiki/Simulation_video_game', 'https://en.wikipedia.org/wiki/Video_game_culture']"
bCjqhipmjuE,Fnaf: Coop (Roblox Eesti keeles,2023-11-13T10:41:02Z,,24,UC9HGtxPEyaMCg-Yapj5c0vA,PT19M5S,hd,False,False,,26.0,1.0,0.0,public,youtube,"['https://en.wikipedia.org/wiki/Action-adventure_game', 'https://en.wikipedia.org/wiki/Casual_game', 'https://en.wikipedia.org/wiki/Role-playing_video_game', 'https://en.wikipedia.org/wiki/Video_game_culture']"
iLTbX2SVkgY,Watch end,2023-11-13T10:17:31Z,,22,UC9HGtxPEyaMCg-Yapj5c0vA,PT35S,hd,False,False,,10.0,0.0,0.0,public,youtube,"['https://en.wikipedia.org/wiki/Action-adventure_game', 'https://en.wikipedia.org/wiki/Role-playing_video_game', 'https://en.wikipedia.org/wiki/Strategy_video_game', 'https://en.wikipedia.org/wiki/Video_game_culture']"
au5iIfONI8A,Downpour (remix),2023-11-10T13:14:51Z,,24,UC9HGtxPEyaMCg-Yapj5c0vA,PT3M27S,hd,False,False,,98.0,3.0,0.0,public,youtube,"['https://en.wikipedia.org/wiki/Electronic_music', 'https://en.wikipedia.org/wiki/Music']"
tDk2SrcZbeE,FirePlace❄️With fire sound (4K)🔥,2023-10-23T16:41:59Z,,24,UC9HGtxPEyaMCg-Yapj5c0vA,PT13M49S,hd,False,False,,44.0,0.0,0.0,public,youtube,
97-4oUwACXs,Revivile,2023-09-30T15:31:45Z,,24,UC9HGtxPEyaMCg-Yapj5c0vA,PT2M41S,hd,False,False,,58.0,0.0,0.0,public,youtube,
qSllzp8tCoM,Money simulator Z eesti keeles,2023-09-21T15:35:59Z,,24,UC9HGtxPEyaMCg-Yapj5c0vA,PT13M3S,hd,False,False,,12.0,0.0,0.0,public,youtube,"['https://en.wikipedia.org/wiki/Casual_game', 'https://en.wikipedia.org/wiki/Simulation_video_game', 'https://en.wikipedia.org/wiki/Video_game_culture']"
d9YfpN1jQN8,Cook Burgers (roblox) asi läks käest ära,2023-09-20T09:57:29Z,,24,UC9HGtxPEyaMCg-Yapj5c0vA,PT7M26S,hd,False,False,,10.0,0.0,0.0,public,youtube,"['https://en.wikipedia.org/wiki/Role-playing_video_game', 'https://en.wikipedia.org/wiki/Video_game_culture']"
0qIUkbalooM,I found car dealership secret room,2023-09-16T19:00:36Z,,24,UC9HGtxPEyaMCg-Yapj5c0vA,PT3M43S,sd,False,False,,4.0,0.0,0.0,public,youtube,"['https://en.wikipedia.org/wiki/Action-adventure_game', 'https://en.wikipedia.org/wiki/Racing_video_game', 'https://en.wikipedia.org/wiki/Role-playing_video_game', 'https://en.wikipedia.org/wiki/Simulation_video_game', 'https://en.wikipedia.org/wiki/Video_game_culture']"
fBT6ZWGmXyc,Steam works,2023-09-16T15:23:06Z,,24,UC9HGtxPEyaMCg-Yapj5c0vA,PT16S,hd,False,False,,46.0,0.0,0.0,public,youtube,
ddIP_EJm9jY,ChrisPlays Live Stream,2023-09-12T02:25:23Z,,22,UC9HGtxPEyaMCg-Yapj5c0vA,PT5S,hd,False,False,,10.0,0.0,0.0,public,youtube,['https://en.wikipedia.org/wiki/Entertainment']
xizOxUrTtKI,ChrisPlays Live Stream,2023-09-11T14:27:47Z,,24,UC9HGtxPEyaMCg-Yapj5c0vA,P0D,sd,False,False,,0.0,0.0,0.0,public,youtube,['https://en.wikipedia.org/wiki/Video_game_culture']
7PY_nQdBWjA,Tere tulemast real talk with chris live,2023-09-11T14:23:11Z,,24,UC9HGtxPEyaMCg-Yapj5c0vA,P0D,sd,False,False,,0.0,0.0,0.0,public,youtube,['https://en.wikipedia.org/wiki/Lifestyle_(sociology)']
SvW27A4dhG4,Niisama räägime,2023-09-11T14:17:45Z,,24,UC9HGtxPEyaMCg-Yapj5c0vA,P0D,sd,False,False,,0.0,0.0,0.0,public,youtube,
SWNcnxyWX-M,Niisama jutt,2023-09-11T14:14:33Z,,24,UC9HGtxPEyaMCg-Yapj5c0vA,P0D,sd,False,False,,0.0,0.0,0.0,public,youtube,['https://en.wikipedia.org/wiki/Lifestyle_(sociology)']
VS8W2oYRk7s,For Me (remix),2023-08-23T07:03:12Z,,22,UC9HGtxPEyaMCg-Yapj5c0vA,PT3M18S,hd,False,False,,33.0,1.0,2.0,public,youtube,"['https://en.wikipedia.org/wiki/Electronic_music', 'https://en.wikipedia.org/wiki/Hip_hop_music', 'https://en.wikipedia.org/wiki/Music']"
flRSUIp9opw,22. August 2023,2023-08-22T09:13:29Z,,22,UC9HGtxPEyaMCg-Yapj5c0vA,PT1M1S,hd,False,False,,11.0,2.0,0.0,public,youtube,['https://en.wikipedia.org/wiki/Lifestyle_(sociology)']
Ih7NZS8tEhA,Normal,2023-08-22T09:09:33Z,,22,UC9HGtxPEyaMCg-Yapj5c0vA,PT12S,hd,False,False,,64.0,5.0,1.0,public,youtube,['https://en.wikipedia.org/wiki/Lifestyle_(sociology)']
ZGjZviU1yfk,Hull video,2023-08-17T11:17:28Z,,22,UC9HGtxPEyaMCg-Yapj5c0vA,PT2M42S,sd,False,False,,47.0,1.0,,public,youtube,"['https://en.wikipedia.org/wiki/Hobby', 'https://en.wikipedia.org/wiki/Lifestyle_(sociology)']"
v4dKm1Dz4nQ,12. August 2023,2023-08-12T20:25:20Z,,22,UC9HGtxPEyaMCg-Yapj5c0vA,PT12S,hd,False,False,,21.0,2.0,0.0,public,youtube,
Yz0Vc0A7BhQ,Auto,2023-08-12T20:24:08Z,,22,UC9HGtxPEyaMCg-Yapj5c0vA,PT16S,hd,False,False,,70.0,4.0,0.0,public,youtube,"['https://en.wikipedia.org/wiki/Lifestyle_(sociology)', 'https://en.wikipedia.org/wiki/Vehicle']"
RvKwnWiRnq4,Nato,2023-08-11T19:03:28Z,,22,UC9HGtxPEyaMCg-Yapj5c0vA,PT13S,hd,False,False,,31.0,2.0,1.0,public,youtube,
ZGv8UX_ciSs,Rahunemis video siin,2023-08-11T10:08:13Z,,22,UC9HGtxPEyaMCg-Yapj5c0vA,PT2S,hd,False,False,,13.0,1.0,1.0,public,youtube,"['https://en.wikipedia.org/wiki/Role-playing_video_game', 'https://en.wikipedia.org/wiki/Video_game_culture']"
pyNcdzVlPTU,8. August 2023,2023-08-08T13:22:14Z,,22,UC9HGtxPEyaMCg-Yapj5c0vA,PT14S,hd,False,False,,20.0,1.0,1.0,public,youtube,
FaAoPgyzfaE,Phasmophobia (Eesti Keeles),2023-08-08T12:35:49Z,,22,UC9HGtxPEyaMCg-Yapj5c0vA,PT12M11S,hd,False,False,,37.0,1.0,0.0,public,youtube,"['https://en.wikipedia.org/wiki/Action_game', 'https://en.wikipedia.org/wiki/Video_game_culture']"
amAyMqeI1uU,Face,2023-08-08T11:03:40Z,,22,UC9HGtxPEyaMCg-Yapj5c0vA,PT10S,hd,False,False,,30.0,1.0,2.0,public,youtube,
ow3--dohw9I,Human Fall flat Eesti Keeles,2023-08-07T10:31:29Z,,22,UC9HGtxPEyaMCg-Yapj5c0vA,PT18M58S,hd,False,False,,22.0,0.0,0.0,public,youtube,"['https://en.wikipedia.org/wiki/Action-adventure_game', 'https://en.wikipedia.org/wiki/Video_game_culture']"
5tvK8SdL0W0,2023 08 03 16 27 37,2023-08-03T13:32:01Z,,22,UC9HGtxPEyaMCg-Yapj5c0vA,PT5S,sd,False,False,,26.0,0.0,0.0,public,youtube,
Mmx5fJdypos,Roblox Koos danieliga (L.I.V.E),2023-08-02T22:21:19Z,,22,UC9HGtxPEyaMCg-Yapj5c0vA,PT16M1S,hd,False,False,,22.0,1.0,,public,youtube,"['https://en.wikipedia.org/wiki/Action-adventure_game', 'https://en.wikipedia.org/wiki/Role-playing_video_game', 'https://en.wikipedia.org/wiki/Video_game_culture']"
keXou3UDXEw,Roblox Koos danieliga 2 (L.I.V.E),2023-08-02T21:15:27Z,,22,UC9HGtxPEyaMCg-Yapj5c0vA,PT8M8S,hd,False,False,,11.0,0.0,,public,youtube,"['https://en.wikipedia.org/wiki/Action-adventure_game', 'https://en.wikipedia.org/wiki/Role-playing_video_game', 'https://en.wikipedia.org/wiki/Video_game_culture']"
GmTLB1R_yQM,Roblox Koos danieliga (L.I.V.E),2023-08-02T08:14:00Z,,22,UC9HGtxPEyaMCg-Yapj5c0vA,P0D,sd,False,False,,0.0,0.0,0.0,public,youtube,
Zk5Ys86_7iw,Johncooldude live me in vr guy paded me,2023-08-01T23:52:01Z,,22,UC9HGtxPEyaMCg-Yapj5c0vA,PT10S,hd,False,False,,20.0,1.0,2.0,public,youtube,"['https://en.wikipedia.org/wiki/Action-adventure_game', 'https://en.wikipedia.org/wiki/Video_game_culture']"
IAYbe-5iueo,"(Roast Battle) Discord AI   VS   Daniel,Chris",2023-08-01T18:41:29Z,,22,UC9HGtxPEyaMCg-Yapj5c0vA,PT1M11S,sd,False,False,,16.0,1.0,0.0,public,youtube,['https://en.wikipedia.org/wiki/Video_game_culture']
4m2SJ2rpVXA,Combat Warriors Roblox Koos Danieliga,2023-08-01T17:18:06Z,,22,UC9HGtxPEyaMCg-Yapj5c0vA,PT19M51S,hd,False,False,,21.0,3.0,0.0,public,youtube,"['https://en.wikipedia.org/wiki/Action-adventure_game', 'https://en.wikipedia.org/wiki/Action_game', 'https://en.wikipedia.org/wiki/Role-playing_video_game', 'https://en.wikipedia.org/wiki/Video_game_culture']"
1x5xtxIVmKc,Mis juhtus kartspeediga,2023-08-01T09:11:32Z,,22,UC9HGtxPEyaMCg-Yapj5c0vA,PT1M10S,sd,False,False,,11.0,1.0,0.0,public,youtube,['https://en.wikipedia.org/wiki/Video_game_culture']
9Q87DGCq_zM,Näidan teile kartspeed 2,2023-08-01T09:01:14Z,,22,UC9HGtxPEyaMCg-Yapj5c0vA,PT2M1S,sd,False,False,,7.0,0.0,0.0,public,youtube,"['https://en.wikipedia.org/wiki/Role-playing_video_game', 'https://en.wikipedia.org/wiki/Video_game_culture']"
EFnDq_X7GOw,Out of Edms,2023-07-27T12:45:34Z,,22,UC9HGtxPEyaMCg-Yapj5c0vA,PT2M8S,hd,False,False,,11.0,1.0,2.0,public,youtube,"['https://en.wikipedia.org/wiki/Electronic_music', 'https://en.wikipedia.org/wiki/Music', 'https://en.wikipedia.org/wiki/Pop_music']"
ga8T4f0NrG8,nooran sister (cool remix),2023-07-17T18:58:20Z,,22,UC9HGtxPEyaMCg-Yapj5c0vA,PT2M26S,hd,False,False,,19.0,0.0,0.0,public,youtube,"['https://en.wikipedia.org/wiki/Electronic_music', 'https://en.wikipedia.org/wiki/Music']"
mLTyGT1fqrU,Minecraft proovin minna rikkurimaja,2023-07-17T16:13:56Z,,22,UC9HGtxPEyaMCg-Yapj5c0vA,PT4M39S,hd,False,False,,30.0,0.0,1.0,public,youtube,"['https://en.wikipedia.org/wiki/Action-adventure_game', 'https://en.wikipedia.org/wiki/Role-playing_video_game', 'https://en.wikipedia.org/wiki/Video_game_culture']"
s3hK7zAOAos,Doors remixs,2023-07-17T10:57:14Z,,22,UC9HGtxPEyaMCg-Yapj5c0vA,PT27M22S,hd,False,False,,23.0,1.0,1.0,public,youtube,"['https://en.wikipedia.org/wiki/Electronic_music', 'https://en.wikipedia.org/wiki/Music']"
5n2ThyRTc_U,Mu tiktok on siin video sees,2023-07-17T07:28:17Z,,22,UC9HGtxPEyaMCg-Yapj5c0vA,PT47S,hd,False,False,,13.0,0.0,2.0,public,youtube,['https://en.wikipedia.org/wiki/Video_game_culture']
DumGBH9hqFM,Ma mägin minecraft IP on video all,2023-07-17T07:10:51Z,,22,UC9HGtxPEyaMCg-Yapj5c0vA,P0D,sd,False,False,,0.0,0.0,0.0,public,youtube,['https://en.wikipedia.org/wiki/Video_game_culture']
6nhu1gOL4Tc,minecraft how to build better beds,2023-07-16T20:38:42Z,,22,UC9HGtxPEyaMCg-Yapj5c0vA,PT43S,hd,False,False,,9.0,1.0,0.0,public,youtube,"['https://en.wikipedia.org/wiki/Action-adventure_game', 'https://en.wikipedia.org/wiki/Role-playing_video_game', 'https://en.wikipedia.org/wiki/Video_game_culture']"
_2na8JQXADU,putin walking (trap remix),2023-07-16T18:14:48Z,,22,UC9HGtxPEyaMCg-Yapj5c0vA,PT1M59S,sd,False,False,,42.0,0.0,0.0,public,youtube,"['https://en.wikipedia.org/wiki/Electronic_music', 'https://en.wikipedia.org/wiki/Hip_hop_music', 'https://en.wikipedia.org/wiki/Music']"
7zm3YE1-L-w,Ma mängin johncooldude mängu,2023-07-16T17:53:39Z,,22,UC9HGtxPEyaMCg-Yapj5c0vA,PT4M36S,sd,False,False,,19.0,1.0,0.0,public,youtube,['https://en.wikipedia.org/wiki/Video_game_culture']
VZm7OlMR8Fk,KartSpeed skidibi toilet event Music,2023-07-11T12:49:34Z,,22,UC9HGtxPEyaMCg-Yapj5c0vA,PT4M3S,sd,False,False,,12.0,0.0,1.0,public,youtube,['https://en.wikipedia.org/wiki/Video_game_culture']
aCGLDsSDMUI,Buy and Rescue (Trailer Roblox),2023-06-30T17:20:55Z,,22,UC9HGtxPEyaMCg-Yapj5c0vA,PT31S,sd,False,False,,21.0,0.0,0.0,public,youtube,['https://en.wikipedia.org/wiki/Video_game_culture']
GjonZmYXJxo,KartSpeed musics part 1,2023-06-22T11:05:06Z,,22,UC9HGtxPEyaMCg-Yapj5c0vA,PT9M27S,sd,False,False,,9.0,0.0,0.0,public,youtube,['https://en.wikipedia.org/wiki/Video_game_culture']
qOyM9WoQjvs,Sound effect (CHA CHA CHA),2023-06-13T10:38:08Z,,22,UC9HGtxPEyaMCg-Yapj5c0vA,PT3S,hd,False,False,,470.0,1.0,0.0,public,youtube,"['https://en.wikipedia.org/wiki/Electronic_music', 'https://en.wikipedia.org/wiki/Music']"
XkhRTgQlCrI,MineVison- CHA CHA CHA eesti keeles,2023-06-12T14:45:46Z,,22,UC9HGtxPEyaMCg-Yapj5c0vA,PT2M54S,hd,False,False,"{'blocked': ['BY', 'RU']}",144.0,1.0,2.0,public,youtube,"['https://en.wikipedia.org/wiki/Role-playing_video_game', 'https://en.wikipedia.org/wiki/Video_game_culture']"
tm3ZQZ2P9bo,KartSpeed horror music,2023-06-09T09:15:46Z,,22,UC9HGtxPEyaMCg-Yapj5c0vA,PT5S,hd,False,False,,11.0,0.0,0.0,public,youtube,['https://en.wikipedia.org/wiki/Music']
glttU1B5JPw,KartSpeed sound coming,2023-06-09T09:14:14Z,,22,UC9HGtxPEyaMCg-Yapj5c0vA,PT51S,hd,False,False,,20.0,0.0,0.0,public,youtube,
SqZpXJN-XTo,Haunted house music roblox,2023-06-08T20:54:43Z,,22,UC9HGtxPEyaMCg-Yapj5c0vA,PT15S,sd,False,False,,37.0,0.0,0.0,public,youtube,"['https://en.wikipedia.org/wiki/Action-adventure_game', 'https://en.wikipedia.org/wiki/Role-playing_video_game', 'https://en.wikipedia.org/wiki/Video_game_culture']"
I4pP_Ssdddg,Roblox Yeet a frend (koos sõpraga),2023-06-06T18:25:55Z,,22,UC9HGtxPEyaMCg-Yapj5c0vA,PT16M50S,hd,False,False,,32.0,1.0,1.0,public,youtube,"['https://en.wikipedia.org/wiki/Action-adventure_game', 'https://en.wikipedia.org/wiki/Role-playing_video_game', 'https://en.wikipedia.org/wiki/Video_game_culture']"
n0BQJwwGDJc,zombie nation - kreekcraft 400,2023-06-01T11:25:12Z,,22,UC9HGtxPEyaMCg-Yapj5c0vA,PT3M31S,hd,False,False,,111.0,2.0,0.0,public,youtube,['https://en.wikipedia.org/wiki/Video_game_culture']
UnaZ4hCL1dQ,Kuhu kadus sten (EDITED),2023-06-01T10:56:25Z,,22,UC9HGtxPEyaMCg-Yapj5c0vA,PT2M24S,hd,False,False,,93.0,3.0,1.0,public,youtube,"['https://en.wikipedia.org/wiki/Electronic_music', 'https://en.wikipedia.org/wiki/Hip_hop_music', 'https://en.wikipedia.org/wiki/Music', 'https://en.wikipedia.org/wiki/Pop_music']"
C6bDyIER6QU,KartSpeed (Live Event!!!),2023-05-29T02:46:21Z,,22,UC9HGtxPEyaMCg-Yapj5c0vA,PT10M11S,hd,False,False,,8.0,0.0,0.0,public,youtube,"['https://en.wikipedia.org/wiki/Role-playing_video_game', 'https://en.wikipedia.org/wiki/Video_game_culture']"
cNfCWVT-oKA,Go kart coming,2023-05-28T07:56:06Z,,22,UC9HGtxPEyaMCg-Yapj5c0vA,PT16S,hd,False,False,,16.0,0.0,0.0,public,youtube,['https://en.wikipedia.org/wiki/Lifestyle_(sociology)']
eYJGRD_fgyg,KartSpeed (Trailer),2023-05-26T19:55:31Z,,22,UC9HGtxPEyaMCg-Yapj5c0vA,PT1M58S,sd,False,False,,36.0,0.0,1.0,public,youtube,['https://en.wikipedia.org/wiki/Video_game_culture']
u3jrtQZlP6k,Eeesti poissid *-AG,2023-05-26T13:03:58Z,,22,UC9HGtxPEyaMCg-Yapj5c0vA,PT3M20S,hd,False,False,,57.0,0.0,0.0,public,youtube,"['https://en.wikipedia.org/wiki/Electronic_music', 'https://en.wikipedia.org/wiki/Independent_music', 'https://en.wikipedia.org/wiki/Music', 'https://en.wikipedia.org/wiki/Pop_music']"
xxlcCq_XwMY,No rules in moscow!!! (Lyric),2023-05-26T11:14:03Z,,22,UC9HGtxPEyaMCg-Yapj5c0vA,PT1M52S,hd,False,False,,69.0,0.0,0.0,public,youtube,"['https://en.wikipedia.org/wiki/Action-adventure_game', 'https://en.wikipedia.org/wiki/Video_game_culture']"
nqJE-BsP-IA,Karlis Karro vs FC Jõgeva Wolves,2018-12-06T13:47:09Z,,22,UCPQV9kCE_00gPH6OD0plLrw,PT21S,hd,False,False,,86.0,0.0,0.0,public,youtube,"['https://en.wikipedia.org/wiki/Association_football', 'https://en.wikipedia.org/wiki/Sport']"
ORVK_c7GwLs,Tartu FC Helios vs EMÜ SK 16 09 2018,2018-12-06T13:45:26Z,,22,UCPQV9kCE_00gPH6OD0plLrw,PT2M44S,hd,False,False,,51.0,0.0,0.0,public,youtube,"['https://en.wikipedia.org/wiki/Association_football', 'https://en.wikipedia.org/wiki/Sport']"
Xv00L_2Bl00,FC Helios vs FC Elva II,2018-12-06T13:39:41Z,['FC Helios'],22,UCPQV9kCE_00gPH6OD0plLrw,PT2M50S,hd,False,False,,27.0,0.0,0.0,public,youtube,"['https://en.wikipedia.org/wiki/Association_football', 'https://en.wikipedia.org/wiki/Sport']"
HJfkwsAfgVU,Eesti jalgpallikohtunikud,2018-09-24T15:32:26Z,,22,UCPQV9kCE_00gPH6OD0plLrw,PT31S,hd,False,False,,537.0,2.0,0.0,public,youtube,"['https://en.wikipedia.org/wiki/Association_football', 'https://en.wikipedia.org/wiki/Sport']"
A6GT_8esNjM,Tartu FC Helios U17 vs Eesti U15 II GOALS,2018-09-24T14:59:43Z,,22,UCPQV9kCE_00gPH6OD0plLrw,PT1M2S,hd,False,False,,415.0,0.0,0.0,public,youtube,"['https://en.wikipedia.org/wiki/Association_football', 'https://en.wikipedia.org/wiki/Sport']"
aEXSTqbLNKY,Põhja-Sakala vs Tartu FC Helios 22.09.2018 Second half,2018-09-23T19:47:08Z,,22,UCPQV9kCE_00gPH6OD0plLrw,PT43M34S,hd,False,False,,112.0,0.0,0.0,public,youtube,"['https://en.wikipedia.org/wiki/Association_football', 'https://en.wikipedia.org/wiki/Sport']"
Jf--VuBMbPE,Põhja-Sakala vs Tartu FC Helios 22.09.2018 First half,2018-09-23T18:07:09Z,,22,UCPQV9kCE_00gPH6OD0plLrw,PT45M19S,hd,False,False,,122.0,0.0,0.0,public,youtube,"['https://en.wikipedia.org/wiki/Association_football', 'https://en.wikipedia.org/wiki/Sport']"
U-OEtuDyfvo,Tartu FC Helios vs EMÜ SK 16.09.2018 Second half,2018-09-22T18:13:45Z,,22,UCPQV9kCE_00gPH6OD0plLrw,PT43M44S,hd,False,False,,25.0,0.0,0.0,public,youtube,"['https://en.wikipedia.org/wiki/Association_football', 'https://en.wikipedia.org/wiki/Sport']"
QMa_ZrmzRk8,Tartu FC Helios vs EMÜ SK 16.09.2018 First half,2018-09-22T17:58:42Z,,22,UCPQV9kCE_00gPH6OD0plLrw,PT49M10S,hd,False,False,,40.0,0.0,0.0,public,youtube,"['https://en.wikipedia.org/wiki/Association_football', 'https://en.wikipedia.org/wiki/Sport']"
HYNepnz_96E,FC Tarvastu vs Tartu FC Helios 08.09.2018 Second half,2018-09-11T22:30:43Z,,22,UCPQV9kCE_00gPH6OD0plLrw,PT50M59S,hd,False,False,,70.0,0.0,0.0,public,youtube,"['https://en.wikipedia.org/wiki/Association_football', 'https://en.wikipedia.org/wiki/Sport']"
1qMY0pZmlqU,FC Tarvastu vs Tartu FC Helios 08.09.2018 First half,2018-09-11T22:15:59Z,,22,UCPQV9kCE_00gPH6OD0plLrw,PT46M32S,hd,False,False,,144.0,2.0,0.0,public,youtube,"['https://en.wikipedia.org/wiki/Association_football', 'https://en.wikipedia.org/wiki/Sport']"
JnYKqlITLrA,VALMISTUN KAITSMISEKS,2025-03-24T11:34:07Z,,22,UCtUUs73O0x_A3LIzHhc20qw,PT3M43S,hd,False,False,,28.0,6.0,0.0,public,youtube,['https://en.wikipedia.org/wiki/Lifestyle_(sociology)']
lYOY0yC_oi0,KOKKAME KOOS ANNAGA,2025-03-23T17:24:40Z,,22,UCtUUs73O0x_A3LIzHhc20qw,PT21M4S,hd,False,False,,56.0,12.0,0.0,public,youtube,"['https://en.wikipedia.org/wiki/Food', 'https://en.wikipedia.org/wiki/Lifestyle_(sociology)']"
sD4ubjY7bs4,SUUSAVLOG🏔️⛷️,2025-03-17T19:24:56Z,"['Skiing', 'vlog']",22,UCtUUs73O0x_A3LIzHhc20qw,PT10M32S,hd,False,False,"{'blocked': ['BY', 'RU']}",74.0,12.0,0.0,public,youtube,['https://en.wikipedia.org/wiki/Lifestyle_(sociology)']
HBqBdT14ylE,----AUSTRIASSE----,2025-03-16T18:56:37Z,,22,UCtUUs73O0x_A3LIzHhc20qw,PT15M10S,hd,False,False,,73.0,15.0,0.0,public,youtube,['https://en.wikipedia.org/wiki/Lifestyle_(sociology)']
DXEp3Za_u-o,ANOTHER VLOG & HAUL,2025-03-09T16:08:54Z,,22,UCtUUs73O0x_A3LIzHhc20qw,PT13M51S,hd,False,False,,67.0,7.0,2.0,public,youtube,"['https://en.wikipedia.org/wiki/Fashion', 'https://en.wikipedia.org/wiki/Lifestyle_(sociology)']"
c80Gg8JTb4E,VLOG//KADRIPÄEV,2025-02-22T10:57:40Z,,22,UCtUUs73O0x_A3LIzHhc20qw,PT8M46S,hd,False,False,,120.0,13.0,1.0,public,youtube,['https://en.wikipedia.org/wiki/Lifestyle_(sociology)']
iig7EAO_JBo,VLOG// SHOPPING & YAP,2025-01-15T20:39:59Z,,22,UCtUUs73O0x_A3LIzHhc20qw,PT19M43S,hd,False,False,,156.0,13.0,2.0,public,youtube,['https://en.wikipedia.org/wiki/Lifestyle_(sociology)']
TgIK_mHDHkA,PROOVIME AASIA SNÄKKE!,2025-01-12T10:42:50Z,,22,UCtUUs73O0x_A3LIzHhc20qw,PT7M49S,hd,False,False,,162.0,19.0,4.0,public,youtube,"['https://en.wikipedia.org/wiki/Food', 'https://en.wikipedia.org/wiki/Lifestyle_(sociology)']"
Yxkj3V7U_CQ,"Baltic Youth Football League, U16: FC Tallinn – FS Metta",2025-03-09T05:26:07Z,,17,UCfY025lKDHcTZI-cns9osqw,PT2H4M35S,hd,False,False,,498.0,3.0,0.0,public,youtube,"['https://en.wikipedia.org/wiki/Association_football', 'https://en.wikipedia.org/wiki/Sport']"
iPaRHKNzr5c,"Baltic Youth Football league, U16: FC Tallinn – Riga FC Academy",2025-02-23T05:35:07Z,,17,UCfY025lKDHcTZI-cns9osqw,PT2H1M5S,hd,False,False,,944.0,13.0,0.0,public,youtube,"['https://en.wikipedia.org/wiki/Association_football', 'https://en.wikipedia.org/wiki/Sport']"
O6biHR-u_io,"Baltic Youth Football league, U16: FC Tallinn – Viimsi MRJK",2025-02-16T07:55:29Z,,17,UCfY025lKDHcTZI-cns9osqw,PT1H55M58S,hd,False,False,,835.0,9.0,0.0,public,youtube,"['https://en.wikipedia.org/wiki/Association_football', 'https://en.wikipedia.org/wiki/Sport']"
vN_6fxBK2pw,FC Tallinn - Tartu FC Helios (06.08.2023),2023-08-06T22:53:46Z,,17,UCfY025lKDHcTZI-cns9osqw,PT1H36M3S,hd,False,False,,425.0,4.0,0.0,public,youtube,"['https://en.wikipedia.org/wiki/Association_football', 'https://en.wikipedia.org/wiki/Sport']"
XofUwhUCSWs,"Baltic Youth Football league, U16: FC Tallinn – BFC Daugavpils",2023-03-06T01:20:19Z,,17,UCfY025lKDHcTZI-cns9osqw,PT2H6M26S,hd,False,False,,934.0,12.0,0.0,public,youtube,"['https://en.wikipedia.org/wiki/Association_football', 'https://en.wikipedia.org/wiki/Sport']"
QJvFG2j-b1E,"Baltic Youth Football league, U16: FC Tallinn – JDFS Alberts",2023-02-20T01:20:49Z,,17,UCfY025lKDHcTZI-cns9osqw,PT2H16M9S,hd,False,False,,1350.0,11.0,0.0,public,youtube,"['https://en.wikipedia.org/wiki/Association_football', 'https://en.wikipedia.org/wiki/Sport']"
JEOGHuuLPqI,"Baltic Youth Football league, U16: FC Tallinn – Rakvere JK Tarvas",2023-02-13T04:13:41Z,,17,UCfY025lKDHcTZI-cns9osqw,PT1H59M46S,hd,False,False,,506.0,3.0,0.0,public,youtube,"['https://en.wikipedia.org/wiki/Association_football', 'https://en.wikipedia.org/wiki/Sport']"
i8rYHCTQNCo,FC Tallinn vs JK Tabasalu (13.11.22) Live stream,2022-11-13T13:06:21Z,,17,UCfY025lKDHcTZI-cns9osqw,PT2H13M31S,hd,False,False,,3079.0,35.0,1.0,public,youtube,"['https://en.wikipedia.org/wiki/Association_football', 'https://en.wikipedia.org/wiki/Sport']"
zfBk7K5ugNc,FC Tallinn U21 - Jõhvi FC Phoenix (29.10.2022),2022-11-02T09:10:14Z,,17,UCfY025lKDHcTZI-cns9osqw,PT1H33M13S,hd,False,False,,353.0,2.0,0.0,public,youtube,"['https://en.wikipedia.org/wiki/Association_football', 'https://en.wikipedia.org/wiki/Sport']"
stQblfxbzsw,FC Tallinn vs Läänemaa JK (23.10.22) Live stream,2022-10-23T23:31:44Z,,17,UCfY025lKDHcTZI-cns9osqw,PT2H7M11S,hd,False,False,,909.0,11.0,0.0,public,youtube,"['https://en.wikipedia.org/wiki/Association_football', 'https://en.wikipedia.org/wiki/Sport']"
SMcPIzmS45Y,FC Tallinn vs Tallinna JK Legion U21 (15.10.22) Live stream,2022-10-16T02:58:07Z,,17,UCfY025lKDHcTZI-cns9osqw,PT2H13M46S,hd,False,False,,887.0,5.0,0.0,public,youtube,"['https://en.wikipedia.org/wiki/Association_football', 'https://en.wikipedia.org/wiki/Sport']"
uG_wy-NVqF4,FC Tallinn vs Nõmme Kalju FC U21 (01.10.22) Live stream,2022-10-02T02:00:14Z,,17,UCfY025lKDHcTZI-cns9osqw,PT2H2M8S,hd,False,False,,681.0,9.0,0.0,public,youtube,"['https://en.wikipedia.org/wiki/Association_football', 'https://en.wikipedia.org/wiki/Sport']"
o2egOYcljkk,Raplamaa JK - FC Tallinn (17.09.2022),2022-09-18T09:59:32Z,,17,UCfY025lKDHcTZI-cns9osqw,PT1H28M46S,hd,False,False,,387.0,5.0,0.0,public,youtube,"['https://en.wikipedia.org/wiki/Association_football', 'https://en.wikipedia.org/wiki/Sport']"
QTsFn6iFn4k,FC Tallinn vs JK Tallinna Kalev U21 (10.09.22) Live stream,2022-09-11T02:57:50Z,,17,UCfY025lKDHcTZI-cns9osqw,PT2H4M45S,hd,False,False,,787.0,10.0,0.0,public,youtube,"['https://en.wikipedia.org/wiki/Association_football', 'https://en.wikipedia.org/wiki/Sport']"
HPbMcJ4KCdY,JK Tabasalu - FC Tallinn (27.08.2022),2022-09-02T09:06:18Z,,17,UCfY025lKDHcTZI-cns9osqw,PT1H36M46S,hd,False,False,,271.0,3.0,0.0,public,youtube,"['https://en.wikipedia.org/wiki/Association_football', 'https://en.wikipedia.org/wiki/Sport']"
LOr3CZC-MnQ,FC Tallinn vs Tartu JK Welco (01.09.22) Live stream,2022-09-02T06:02:08Z,,17,UCfY025lKDHcTZI-cns9osqw,PT2H10M31S,hd,False,False,,1011.0,12.0,0.0,public,youtube,"['https://en.wikipedia.org/wiki/Association_football', 'https://en.wikipedia.org/wiki/Sport']"
RrvbLtKJUWs,Tallinna JK Legion U21 - FC Tallinn (22.08.22),2022-08-23T11:49:49Z,,17,UCfY025lKDHcTZI-cns9osqw,PT1H31M5S,hd,False,False,,443.0,4.0,0.0,public,youtube,"['https://en.wikipedia.org/wiki/Association_football', 'https://en.wikipedia.org/wiki/Sport']"
cpNI2RpMlRY,FC Tallinn U21 - Jõgeva SK Noorus-96 (21.08.2022),2022-08-22T08:42:49Z,,17,UCfY025lKDHcTZI-cns9osqw,PT1H33M39S,hd,False,False,,291.0,4.0,0.0,public,youtube,"['https://en.wikipedia.org/wiki/Association_football', 'https://en.wikipedia.org/wiki/Sport']"
e_2Sid1ZgnA,FC Tallinn vs Tallinna FC Flora U21 (18.08.22) Live stream,2022-08-18T18:06:17Z,,17,UCfY025lKDHcTZI-cns9osqw,PT2H2M,hd,False,False,,2242.0,21.0,0.0,public,youtube,"['https://en.wikipedia.org/wiki/Association_football', 'https://en.wikipedia.org/wiki/Sport']"
Balf-wqPyrI,FC Tallinn vs FA Tartu Kalev (13.08.22) Live stream,2022-08-14T02:09:15Z,,17,UCfY025lKDHcTZI-cns9osqw,PT2H9M20S,hd,False,False,,834.0,8.0,0.0,public,youtube,"['https://en.wikipedia.org/wiki/Association_football', 'https://en.wikipedia.org/wiki/Sport']"
B6FNlGXfAlo,Nõmme Kalju FC U21 - FC Tallinn (08-08-2022),2022-08-10T07:58:05Z,,17,UCfY025lKDHcTZI-cns9osqw,PT1H30M43S,hd,False,False,,417.0,2.0,0.0,public,youtube,"['https://en.wikipedia.org/wiki/Association_football', 'https://en.wikipedia.org/wiki/Sport']"
DSp0i9LEv_A,FC Tallinn vs Tartu JK Tammeka U21 (29.07.22) Live stream,2022-07-30T05:59:12Z,,17,UCfY025lKDHcTZI-cns9osqw,PT1H55M30S,hd,False,False,,944.0,8.0,0.0,public,youtube,"['https://en.wikipedia.org/wiki/Association_football', 'https://en.wikipedia.org/wiki/Sport']"
bVlqEpyIAbc,JK Tallinna Kalev U21 - FC Tallinn (18.07.2022),2022-07-19T08:24:47Z,,17,UCfY025lKDHcTZI-cns9osqw,PT1H35M6S,hd,False,False,,396.0,3.0,0.0,public,youtube,"['https://en.wikipedia.org/wiki/Association_football', 'https://en.wikipedia.org/wiki/Sport']"
VxKUlSl8IjA,FC Tallinn vs Raplamaa JK (05.07.22) Live stream,2022-07-06T05:30:48Z,,17,UCfY025lKDHcTZI-cns9osqw,PT2H8M5S,hd,False,False,,1182.0,14.0,0.0,public,youtube,"['https://en.wikipedia.org/wiki/Association_football', 'https://en.wikipedia.org/wiki/Sport']"
BqTrcuyjR7U,FC Tallinn vs JK Tabasalu (18.06.22) Live stream,2022-06-19T01:59:04Z,,17,UCfY025lKDHcTZI-cns9osqw,PT2H6M20S,hd,False,False,,983.0,14.0,0.0,public,youtube,"['https://en.wikipedia.org/wiki/Association_football', 'https://en.wikipedia.org/wiki/Sport']"
c1ImHkqzDck,FC Tallinn vs FA Tartu Kalev (28.05.22) Live stream,2022-05-29T02:02:56Z,,17,UCfY025lKDHcTZI-cns9osqw,PT2H6M50S,hd,False,False,,1062.0,7.0,0.0,public,youtube,"['https://en.wikipedia.org/wiki/Association_football', 'https://en.wikipedia.org/wiki/Sport']"
RpZxwrFcbso,(2022 ELB) Tallinna JK Legion U21 - FC Tallinn (22.05.2022),2022-05-23T08:03:09Z,,17,UCfY025lKDHcTZI-cns9osqw,PT1H28M37S,hd,False,False,,307.0,3.0,0.0,public,youtube,"['https://en.wikipedia.org/wiki/Association_football', 'https://en.wikipedia.org/wiki/Sport']"
dqr88v2ccAA,FC Tallinn U21 - Rakvere JK Tarvas (21.05.2022),2022-05-22T08:40:14Z,,17,UCfY025lKDHcTZI-cns9osqw,PT1H31M46S,hd,False,False,,313.0,2.0,0.0,public,youtube,"['https://en.wikipedia.org/wiki/Association_football', 'https://en.wikipedia.org/wiki/Sport']"
8SqyjXVurKE,FC Tallinn U21 - Tallinna FC Maksatransport (17.05.2022),2022-05-18T09:46:19Z,,17,UCfY025lKDHcTZI-cns9osqw,PT1H35M4S,hd,False,False,,316.0,5.0,0.0,public,youtube,"['https://en.wikipedia.org/wiki/Association_football', 'https://en.wikipedia.org/wiki/Sport']"
KxXVDBnZ8vA,FC Tallinn vs JK Tallinna Kalev U21 (15.05.22) Live stream,2022-05-15T23:34:39Z,,17,UCfY025lKDHcTZI-cns9osqw,PT2H9M41S,hd,False,False,,824.0,11.0,0.0,public,youtube,"['https://en.wikipedia.org/wiki/Association_football', 'https://en.wikipedia.org/wiki/Sport']"
YgUmJthijhk,Nõmme Kalju FC U21 - FC Tallinn (07.05.2022),2022-05-10T19:38:40Z,,17,UCfY025lKDHcTZI-cns9osqw,PT1H32M46S,hd,False,False,,291.0,3.0,0.0,public,youtube,"['https://en.wikipedia.org/wiki/Association_football', 'https://en.wikipedia.org/wiki/Sport']"
j8XHIseOMnA,RL. FC Jager - FC Tallinn U21,2022-05-06T08:52:35Z,,17,UCfY025lKDHcTZI-cns9osqw,PT1H31M2S,hd,False,False,,339.0,4.0,0.0,public,youtube,"['https://en.wikipedia.org/wiki/Association_football', 'https://en.wikipedia.org/wiki/Sport']"
92fm9DLIvUE,FC Tallinn vs Raplamaa JK (01.05.22) Live stream,2022-05-01T23:33:01Z,,17,UCfY025lKDHcTZI-cns9osqw,PT2H7M26S,hd,False,False,,812.0,11.0,0.0,public,youtube,"['https://en.wikipedia.org/wiki/Association_football', 'https://en.wikipedia.org/wiki/Sport']"
cEHvMBWEIYk,U-17 FC Tallinn II   U-17 Kohtla-Järve FC Storm (23.04.2022),2022-04-26T17:34:51Z,,17,UCfY025lKDHcTZI-cns9osqw,PT1H28M,hd,False,False,,293.0,3.0,0.0,public,youtube,"['https://en.wikipedia.org/wiki/Association_football', 'https://en.wikipedia.org/wiki/Sport']"
AIoceXSOPHo,JK Tallinna Kalev U21 - FC Tallinn (24.04.2022),2022-04-24T22:44:48Z,,17,UCfY025lKDHcTZI-cns9osqw,PT1H32M,hd,False,False,,284.0,3.0,0.0,public,youtube,"['https://en.wikipedia.org/wiki/Association_football', 'https://en.wikipedia.org/wiki/Sport']"
kiDcfKVfsYI,FC Tallinn vs Nõmme Kalju FC U21 (18.04.22) Live stream,2022-04-19T07:35:16Z,,17,UCfY025lKDHcTZI-cns9osqw,PT2H9M45S,hd,False,False,,1190.0,6.0,0.0,public,youtube,"['https://en.wikipedia.org/wiki/Association_football', 'https://en.wikipedia.org/wiki/Sport']"
Jpwve3V1v20,FC Tallinn vs Tartu JK Welco (14.04.22) Live stream,2022-04-15T06:04:19Z,,17,UCfY025lKDHcTZI-cns9osqw,PT2H8M35S,hd,False,False,,1182.0,8.0,0.0,public,youtube,"['https://en.wikipedia.org/wiki/Association_football', 'https://en.wikipedia.org/wiki/Sport']"
7pNdZyrZElA,JK Tabasalu - FC Tallinn (09.04.2022),2022-04-09T19:01:00Z,,17,UCfY025lKDHcTZI-cns9osqw,PT1H33M13S,hd,False,False,,499.0,8.0,0.0,public,youtube,"['https://en.wikipedia.org/wiki/Association_football', 'https://en.wikipedia.org/wiki/Sport']"
S-cxfnepnNo,FC Tallinn vs Läänemaa (03.04.22) Live stream,2022-04-03T23:37:29Z,,17,UCfY025lKDHcTZI-cns9osqw,PT2H11M1S,hd,False,False,,1071.0,4.0,0.0,public,youtube,"['https://en.wikipedia.org/wiki/Association_football', 'https://en.wikipedia.org/wiki/Sport']"
1xmA3A1DBeg,FC Tallinn U21 - Tartu JK Welco II,2022-03-26T23:55:37Z,,17,UCfY025lKDHcTZI-cns9osqw,PT1H24M20S,hd,False,False,,535.0,4.0,0.0,public,youtube,"['https://en.wikipedia.org/wiki/Association_football', 'https://en.wikipedia.org/wiki/Sport']"
962pNddmbQE,FC Tallinn vs Tartu JK Tammeka U21 (06.03.22) Live stream,2022-03-07T00:37:05Z,,17,UCfY025lKDHcTZI-cns9osqw,PT2H12M11S,hd,False,False,,9306.0,18.0,2.0,public,youtube,"['https://en.wikipedia.org/wiki/Association_football', 'https://en.wikipedia.org/wiki/Sport']"
NK5UA168WP0,FC Tallinn vs Tallinna JK Legion (03.03.22) Live stream,2022-03-04T08:37:20Z,,17,UCfY025lKDHcTZI-cns9osqw,PT2H11M6S,hd,False,False,,1151.0,18.0,0.0,public,youtube,"['https://en.wikipedia.org/wiki/Association_football', 'https://en.wikipedia.org/wiki/Sport']"
r6lm-W9C7G4,Harju JK Laagri - FC Tallinn  (18.02.2022),2022-02-19T12:33:14Z,,17,UCfY025lKDHcTZI-cns9osqw,PT1H26M47S,hd,False,False,,392.0,6.0,0.0,public,youtube,"['https://en.wikipedia.org/wiki/Association_football', 'https://en.wikipedia.org/wiki/Sport']"
E2zTU_1SFxo,Harju JK Laagri - FC Tallinn (17.11.2021),2021-11-18T11:06:01Z,,17,UCfY025lKDHcTZI-cns9osqw,PT1H30M43S,hd,False,False,,468.0,1.0,0.0,public,youtube,"['https://en.wikipedia.org/wiki/Association_football', 'https://en.wikipedia.org/wiki/Sport']"
WEIHb4MGvD8,FC Tallinn I (06) - JK Narva Trans (06) (07.11.2021),2021-11-07T18:47:57Z,,17,UCfY025lKDHcTZI-cns9osqw,PT1H21M52S,hd,False,False,,978.0,15.0,0.0,public,youtube,"['https://en.wikipedia.org/wiki/Association_football', 'https://en.wikipedia.org/wiki/Sport']"
6IqqF5sxwf8,JK Tallinna Kalev U21 - FC Tallinn (04.11.2021),2021-11-05T00:09:38Z,,17,UCfY025lKDHcTZI-cns9osqw,PT1H34M23S,hd,False,False,,397.0,6.0,0.0,public,youtube,"['https://en.wikipedia.org/wiki/Association_football', 'https://en.wikipedia.org/wiki/Sport']"
FC0DLQr_Log,JK Tabasalu vs FC Tallinn (31.10.21) Live stream,2021-11-01T01:09:39Z,,17,UCfY025lKDHcTZI-cns9osqw,PT2H16M36S,hd,False,False,,862.0,15.0,0.0,public,youtube,"['https://en.wikipedia.org/wiki/Association_football', 'https://en.wikipedia.org/wiki/Sport']"
K7l-AvYu1BY,FC Tallinn vs Harju JK Laagri (23.10.21) Live stream,2021-10-24T02:16:46Z,,17,UCfY025lKDHcTZI-cns9osqw,PT2H23M40S,hd,False,False,,1063.0,12.0,0.0,public,youtube,"['https://en.wikipedia.org/wiki/Association_football', 'https://en.wikipedia.org/wiki/Sport']"
lFko3Vgd_vs,FC Tallinn II - Jõhvi FC Phoenix (17.10.2021),2021-10-21T16:34:11Z,,17,UCfY025lKDHcTZI-cns9osqw,PT1H23M27S,hd,False,False,,328.0,5.0,0.0,public,youtube,"['https://en.wikipedia.org/wiki/Association_football', 'https://en.wikipedia.org/wiki/Sport']"
eW0b1aKZWeQ,Tallinna JK Legion U21 - FC Tallinn (16.10.2021),2021-10-17T19:00:05Z,,17,UCfY025lKDHcTZI-cns9osqw,PT1H28M35S,hd,False,False,,329.0,7.0,0.0,public,youtube,"['https://en.wikipedia.org/wiki/Association_football', 'https://en.wikipedia.org/wiki/Sport']"
-9pOAFBAOpk,JK Loo - FC Tallinn  II (08.10.2021),2021-10-10T16:40:02Z,,17,UCfY025lKDHcTZI-cns9osqw,PT1H24M44S,hd,False,False,,279.0,5.0,0.0,public,youtube,"['https://en.wikipedia.org/wiki/Association_football', 'https://en.wikipedia.org/wiki/Sport']"
PMw_MmKW1JQ,FC Tallinn vs Ida-Virumaa FC Alliance (03.10.21) Live stream,2021-10-04T00:13:11Z,,17,UCfY025lKDHcTZI-cns9osqw,PT2H15M10S,hd,False,False,,1052.0,19.0,4.0,public,youtube,"['https://en.wikipedia.org/wiki/Association_football', 'https://en.wikipedia.org/wiki/Sport']"
d_QY75vIkpI,FC Tallinn vs JK Tallinna Kalev U21 (26.09.21) Live stream,2021-09-27T00:11:46Z,,17,UCfY025lKDHcTZI-cns9osqw,PT2H13M1S,hd,False,False,,660.0,4.0,0.0,public,youtube,"['https://en.wikipedia.org/wiki/Association_football', 'https://en.wikipedia.org/wiki/Sport']"
Tad7aOoQOVo,FC Tallinn vs Viimsi JK (12.09.21) Live stream,2021-09-13T02:47:39Z,,17,UCfY025lKDHcTZI-cns9osqw,PT2H20M11S,hd,False,False,,887.0,6.0,1.0,public,youtube,"['https://en.wikipedia.org/wiki/Association_football', 'https://en.wikipedia.org/wiki/Sport']"
Zmh_Td8OZnM,FC Tallinn vs JK Tabasalu (28.08.21) Live stream,2021-08-29T07:21:20Z,,17,UCfY025lKDHcTZI-cns9osqw,PT2H19M11S,hd,False,False,,891.0,10.0,0.0,public,youtube,"['https://en.wikipedia.org/wiki/Association_football', 'https://en.wikipedia.org/wiki/Sport']"
lca_tnYUPSk,FC Tallinn vs Harju JK Laagri (20.08.21) Live stream,2021-08-21T00:41:56Z,,17,UCfY025lKDHcTZI-cns9osqw,PT2H21M42S,hd,False,False,,1056.0,16.0,0.0,public,youtube,"['https://en.wikipedia.org/wiki/Association_football', 'https://en.wikipedia.org/wiki/Sport']"
UJdC9nurI1s,FC Tallinn vs Nõmme Kalju FC U21 (13.08.21) Live stream,2021-08-14T07:39:45Z,,17,UCfY025lKDHcTZI-cns9osqw,PT2H17M51S,hd,False,False,,746.0,13.0,0.0,public,youtube,"['https://en.wikipedia.org/wiki/Association_football', 'https://en.wikipedia.org/wiki/Sport']"
Lb0ayOWOL3k,FC Tallinn vs Läänemaa JK (28.07.21) Live stream,2021-07-29T07:21:53Z,,17,UCfY025lKDHcTZI-cns9osqw,PT2H14M41S,hd,False,False,,898.0,9.0,0.0,public,youtube,"['https://en.wikipedia.org/wiki/Association_football', 'https://en.wikipedia.org/wiki/Sport']"
72GUG85Fe5o,FC Tallinn vs JK Tabasalu (01.07.21),2021-07-02T07:09:36Z,,17,UCfY025lKDHcTZI-cns9osqw,PT2H5M52S,hd,False,False,,812.0,12.0,0.0,public,youtube,"['https://en.wikipedia.org/wiki/Association_football', 'https://en.wikipedia.org/wiki/Sport']"
svn8EFA9yc4,FC Tallinn vs JK Tallinna Kalev U21 (26.06.21),2021-06-27T03:12:16Z,,17,UCfY025lKDHcTZI-cns9osqw,PT2H13M6S,hd,False,False,,958.0,9.0,0.0,public,youtube,"['https://en.wikipedia.org/wiki/Association_football', 'https://en.wikipedia.org/wiki/Sport']"
vzJpMbatCFY,FC Tallinn vs Tallinna JK Legion U21 (26.05.21),2021-05-27T07:28:46Z,,17,UCfY025lKDHcTZI-cns9osqw,PT2H8M56S,hd,False,False,,1582.0,24.0,0.0,public,youtube,"['https://en.wikipedia.org/wiki/Association_football', 'https://en.wikipedia.org/wiki/Sport']"
3i0prf9JgGU,FC Tallinn vs Viimsi JK (09.05.21),2021-05-10T07:09:36Z,,17,UCfY025lKDHcTZI-cns9osqw,PT2H5M3S,hd,False,False,,1793.0,13.0,0.0,public,youtube,"['https://en.wikipedia.org/wiki/Association_football', 'https://en.wikipedia.org/wiki/Sport']"
GLSZx6LvAPI,FC Tallinn vs Vändra JK Vaprus (06.05.21),2021-05-07T07:10:15Z,,17,UCfY025lKDHcTZI-cns9osqw,PT2H2M55S,hd,False,False,,1144.0,22.0,0.0,public,youtube,"['https://en.wikipedia.org/wiki/Association_football', 'https://en.wikipedia.org/wiki/Sport']"
SFNdsw_VXQ0,FC TALLINN - IDA VIRUMAA FC ALLIANCE ESILIIGA B/ 1.voor 06.03.2021/GOALS,2021-03-07T16:52:32Z,,17,UCfY025lKDHcTZI-cns9osqw,PT52S,hd,False,False,,188.0,3.0,0.0,public,youtube,"['https://en.wikipedia.org/wiki/Association_football', 'https://en.wikipedia.org/wiki/Sport']"
wxhcb83iLPE,FC Tallinn vs Ida-Virumaa FC Alliance (06.03.21),2021-03-06T19:08:48Z,,17,UCfY025lKDHcTZI-cns9osqw,PT1H57M33S,hd,False,False,,2729.0,39.0,0.0,public,youtube,"['https://en.wikipedia.org/wiki/Association_football', 'https://en.wikipedia.org/wiki/Sport']"
DfZjMprFWCs,Võru FC Helios - FC Tallinn  28 02 2021 Taliturniir 2021 1:1,2021-02-28T20:17:06Z,,22,UCfY025lKDHcTZI-cns9osqw,PT1H57M21S,hd,False,False,,121.0,1.0,0.0,public,youtube,"['https://en.wikipedia.org/wiki/Association_football', 'https://en.wikipedia.org/wiki/Sport']"
t_JZoMGFF34,David Datov 2004 - FC Tallinn Esiliiga 1B / Liiga 3,2021-02-28T20:06:30Z,,22,UCfY025lKDHcTZI-cns9osqw,PT31S,hd,False,False,,207.0,1.0,0.0,public,youtube,"['https://en.wikipedia.org/wiki/Association_football', 'https://en.wikipedia.org/wiki/Sport']"
DKLHMxPRyOY,FC Tallinn - Tallinna JK Legion U21 Taliturniir 2021,2021-02-17T10:50:01Z,,17,UCfY025lKDHcTZI-cns9osqw,PT1H33M11S,hd,False,False,,533.0,9.0,0.0,public,youtube,"['https://en.wikipedia.org/wiki/Association_football', 'https://en.wikipedia.org/wiki/Sport']"
-I0MLiNJnAk,FC Tallinn vs Harju JK Laagri,2021-02-13T23:10:41Z,,17,UCfY025lKDHcTZI-cns9osqw,PT1H44M16S,hd,False,False,,784.0,11.0,0.0,public,youtube,"['https://en.wikipedia.org/wiki/Association_football', 'https://en.wikipedia.org/wiki/Sport']"
rnVgY-KAMA4,FC TALLINN vs VÕRU FC HELIOS (28-Nov-20) Esiliiga B üleminekumäng 1. voor,2020-11-29T01:11:39Z,,17,UCfY025lKDHcTZI-cns9osqw,PT2H9M56S,hd,False,False,,861.0,9.0,0.0,public,youtube,"['https://en.wikipedia.org/wiki/Association_football', 'https://en.wikipedia.org/wiki/Sport']"
aTJQC53a_Fo,FC TALLINN vs JK SILLAMÄE KALEV (15-Nov-20) 26. voor,2020-11-16T03:25:27Z,,17,UCfY025lKDHcTZI-cns9osqw,PT2H12M51S,hd,False,False,,599.0,12.0,0.0,public,youtube,"['https://en.wikipedia.org/wiki/Association_football', 'https://en.wikipedia.org/wiki/Sport']"
larUQptxNWk,Прямая трансляция пользователя FC Tallinn,2020-11-14T19:31:57Z,,17,UCfY025lKDHcTZI-cns9osqw,P0D,sd,False,False,,0.0,0.0,0.0,public,youtube,
PNqS8lDUbO0,FC TALLINN vs TALLINNA FCI LEVADIA (21-Okt-20) 1/8 Finaal,2020-10-22T06:37:01Z,,17,UCfY025lKDHcTZI-cns9osqw,PT2H13M1S,hd,False,False,,1201.0,22.0,0.0,public,youtube,"['https://en.wikipedia.org/wiki/Association_football', 'https://en.wikipedia.org/wiki/Sport']"
fKqsq9Ltwqs,FC TALLINN vs TARTU FC HELIOS (18-Okt-20) 22. voor,2020-10-19T00:11:41Z,,17,UCfY025lKDHcTZI-cns9osqw,PT2H16M16S,hd,False,False,,615.0,12.0,0.0,public,youtube,"['https://en.wikipedia.org/wiki/Association_football', 'https://en.wikipedia.org/wiki/Sport']"
wCPCKxtLRxQ,U-17 FC TALLINN vs U-17 FC KURESSAARE (4-Oct-20),2020-10-04T19:19:08Z,,17,UCfY025lKDHcTZI-cns9osqw,PT1H38M11S,hd,False,False,,839.0,14.0,1.0,public,youtube,"['https://en.wikipedia.org/wiki/Association_football', 'https://en.wikipedia.org/wiki/Sport']"
UN0LUPskFkA,FC TALLINN vs TARTU JK TAMMEKA III (3-Okt-20) 20. voor,2020-10-04T02:47:58Z,,17,UCfY025lKDHcTZI-cns9osqw,PT2H12M31S,hd,False,False,,469.0,5.0,0.0,public,youtube,"['https://en.wikipedia.org/wiki/Association_football', 'https://en.wikipedia.org/wiki/Sport']"
Y0h05uHxyNA,FC TALLINN vs VÄNDRA JK VAPRUS (30-Sep-20) 1/16 Finaal,2020-10-01T06:38:18Z,,17,UCfY025lKDHcTZI-cns9osqw,PT2H5M11S,hd,False,False,,725.0,10.0,0.0,public,youtube,"['https://en.wikipedia.org/wiki/Association_football', 'https://en.wikipedia.org/wiki/Sport']"
ybmJkus3N18,FC TALLINN vs MAARDU LINNAMEESKOND II (19-Sep-20) II LIIGA 18.voor,2020-09-20T01:58:46Z,,17,UCfY025lKDHcTZI-cns9osqw,PT2H3M51S,hd,False,False,,755.0,21.0,0.0,public,youtube,"['https://en.wikipedia.org/wiki/Association_football', 'https://en.wikipedia.org/wiki/Sport']"
x-hRkulUSWc,FC TALLINN vs LASNAMÄE FC AJAX (12-Sep-20) II LIIGA 17.voor,2020-09-13T06:42:14Z,,17,UCfY025lKDHcTZI-cns9osqw,PT2H10M6S,hd,False,False,,854.0,19.0,1.0,public,youtube,"['https://en.wikipedia.org/wiki/Association_football', 'https://en.wikipedia.org/wiki/Sport']"
6hN4gtMf3J0,GOALS FC Tallinn vs Narva Trans U21,2020-09-07T08:58:14Z,,17,UCfY025lKDHcTZI-cns9osqw,PT50S,hd,False,False,,504.0,16.0,0.0,public,youtube,"['https://en.wikipedia.org/wiki/Association_football', 'https://en.wikipedia.org/wiki/Sport']"
8_3W9c78RLs,FC TALLINN vs JK NARVA TRANS U21 (6-Sep-20) II LIIGA 16.voor,2020-09-07T01:04:55Z,,17,UCfY025lKDHcTZI-cns9osqw,PT2H10M36S,hd,False,False,,796.0,21.0,0.0,public,youtube,"['https://en.wikipedia.org/wiki/Association_football', 'https://en.wikipedia.org/wiki/Sport']"
0tU6e34U67Q,FC TALLINN vs TARTU JK WELCO II (15-Aug-20) II LIIGA 12.voor,2020-08-16T07:00:36Z,,17,UCfY025lKDHcTZI-cns9osqw,PT1H53M11S,hd,False,False,,638.0,19.0,1.0,public,youtube,"['https://en.wikipedia.org/wiki/Association_football', 'https://en.wikipedia.org/wiki/Sport']"
p_2xD4N9X9I,Live stream preview FC Tallinn vs Tartu JK Welco II,2020-08-14T11:31:06Z,,22,UCfY025lKDHcTZI-cns9osqw,PT10S,hd,False,False,,230.0,10.0,0.0,public,youtube,"['https://en.wikipedia.org/wiki/Association_football', 'https://en.wikipedia.org/wiki/Sport']"
pC7yPc7b6kE,Безкоштовна підтримка ментального здоров'я - Documental.ee/ua,2025-07-07T06:28:49Z,,29,UCuqH3nVdQNbTF4V3NPp9_Dg,PT38S,hd,False,False,,38.0,2.0,1.0,public,youtube,['https://en.wikipedia.org/wiki/Health']
tSCSJnMig00,"""Easy camp"" for children in Ukraine",2024-11-20T19:44:52Z,,29,UCuqH3nVdQNbTF4V3NPp9_Dg,PT2M12S,hd,False,False,,23.0,0.0,,public,youtube,['https://en.wikipedia.org/wiki/Society']
5BPtOn0kmAM,Anna Lindh Foundation in Estonia,2024-03-31T13:14:09Z,,29,UCuqH3nVdQNbTF4V3NPp9_Dg,PT6M57S,hd,False,False,,112.0,9.0,1.0,public,youtube,['https://en.wikipedia.org/wiki/Society']
XRm_kzwtZUY,#SunnitudRändEST - Gulistani lugu,2023-07-27T02:15:00Z,,29,UCuqH3nVdQNbTF4V3NPp9_Dg,PT1M,hd,False,False,,7904.0,290.0,0.0,public,youtube,['https://en.wikipedia.org/wiki/Lifestyle_(sociology)']
p6ku5JLKmHs,#SunnitudRändEST - Khrystyna lugu,2023-07-26T06:24:07Z,,29,UCuqH3nVdQNbTF4V3NPp9_Dg,PT1M,hd,False,False,,13543.0,150.0,0.0,public,youtube,['https://en.wikipedia.org/wiki/Lifestyle_(sociology)']
Q16-RMFH6wA,#SunnitudRändEST - Hosseini lugu,2023-07-13T04:30:13Z,,29,UCuqH3nVdQNbTF4V3NPp9_Dg,PT45S,hd,False,False,,36.0,2.0,0.0,public,youtube,
5yu7txjmEiY,#SunnitudRändEST - Serhii lugu,2023-07-08T12:10:53Z,,29,UCuqH3nVdQNbTF4V3NPp9_Dg,PT1M,hd,False,False,,8461.0,1.0,0.0,public,youtube,['https://en.wikipedia.org/wiki/Music']
Mj8L0VlrdwU,#SunnitudRändEST - Saidi lugu,2023-07-01T12:18:56Z,,29,UCuqH3nVdQNbTF4V3NPp9_Dg,PT1M,hd,False,False,,2370.0,3.0,0.0,public,youtube,['https://en.wikipedia.org/wiki/Lifestyle_(sociology)']
1JEZQhbkd_g,#SunnitudRändEST - Tetiana lugu,2023-06-27T12:07:36Z,,29,UCuqH3nVdQNbTF4V3NPp9_Dg,PT1M,hd,False,False,,5747.0,4.0,0.0,public,youtube,"['https://en.wikipedia.org/wiki/Lifestyle_(sociology)', 'https://en.wikipedia.org/wiki/Politics']"
sh2WILcwSCU,#SunnitudRändEST - Omari lugu,2023-06-20T08:30:57Z,,29,UCuqH3nVdQNbTF4V3NPp9_Dg,PT1M1S,hd,False,False,,2975.0,17.0,0.0,public,youtube,
wLxML5Hcq4k,Mondo`s Digital Competencies Programme impact assessment seminar,2023-04-03T15:49:37Z,,29,UCuqH3nVdQNbTF4V3NPp9_Dg,PT3H3M42S,hd,False,False,,66.0,0.0,0.0,public,youtube,"['https://en.wikipedia.org/wiki/Health', 'https://en.wikipedia.org/wiki/Society']"
tufgShI46dk,Mondo 15 - miks on haridus oluline?,2022-12-15T15:21:59Z,,29,UCuqH3nVdQNbTF4V3NPp9_Dg,PT2M31S,hd,False,False,,70.0,1.0,,public,youtube,
2XOzUIC5rd8,Mondo 15 - kuidas läheb meie planeedil?,2022-12-15T15:20:48Z,,29,UCuqH3nVdQNbTF4V3NPp9_Dg,PT3M21S,hd,False,False,,74.0,2.0,,public,youtube,['https://en.wikipedia.org/wiki/Society']
nIZWDmx4QJo,Mondo 15 - miks on digivõimekus oluline?,2022-12-15T15:19:40Z,,29,UCuqH3nVdQNbTF4V3NPp9_Dg,PT2M14S,hd,False,False,,52.0,0.0,0.0,public,youtube,['https://en.wikipedia.org/wiki/Society']
UHA0BJu6ceU,Mondo 15 - kuidas aidata sõjapõgenikke,2022-12-15T15:18:38Z,,29,UCuqH3nVdQNbTF4V3NPp9_Dg,PT2M19S,hd,False,False,,44.0,1.0,0.0,public,youtube,['https://en.wikipedia.org/wiki/Society']
p6o_6FAmn8I,Mondo vabatahtlikud 2022 / Volunteers 2022,2022-12-15T13:50:45Z,,29,UCuqH3nVdQNbTF4V3NPp9_Dg,PT5M19S,hd,False,False,,146.0,0.0,1.0,public,youtube,['https://en.wikipedia.org/wiki/Society']
TVFanluc9wA,Vabatahtlike argipäev / Volunteers daily life,2022-10-24T11:17:42Z,,29,UCuqH3nVdQNbTF4V3NPp9_Dg,PT2M47S,hd,False,False,,144.0,1.0,0.0,public,youtube,['https://en.wikipedia.org/wiki/Society']
10lJUrz3QOo,Видеолекции Ярыны Ило. Рисование цветными карандашами.,2021-12-14T13:25:11Z,,29,UCuqH3nVdQNbTF4V3NPp9_Dg,PT26M1S,hd,False,False,,4046.0,201.0,8.0,public,youtube,"['https://en.wikipedia.org/wiki/Hobby', 'https://en.wikipedia.org/wiki/Lifestyle_(sociology)']"
qxmhr9t0KvA,Видеолекции Ярыны Ило. Рисование простым карандашом.,2021-12-14T10:03:32Z,,29,UCuqH3nVdQNbTF4V3NPp9_Dg,PT24M45S,hd,False,False,,528.0,41.0,4.0,public,youtube,"['https://en.wikipedia.org/wiki/Hobby', 'https://en.wikipedia.org/wiki/Lifestyle_(sociology)']"
oHb2F9qKa-U,Видеолекции Ярыны Ило. Рисование акварелью.,2021-12-14T08:23:48Z,,29,UCuqH3nVdQNbTF4V3NPp9_Dg,PT19M32S,hd,False,False,,1063.0,59.0,1.0,public,youtube,"['https://en.wikipedia.org/wiki/Hobby', 'https://en.wikipedia.org/wiki/Lifestyle_(sociology)']"
Ic-G2akGkGw,Ma leian oma tee,2021-10-15T13:37:24Z,,29,UCuqH3nVdQNbTF4V3NPp9_Dg,PT5M35S,hd,True,False,,123.0,1.0,0.0,public,youtube,['https://en.wikipedia.org/wiki/Society']
MazIzvm9CEc,Ma olen mitmekesine,2021-10-15T13:36:18Z,,29,UCuqH3nVdQNbTF4V3NPp9_Dg,PT5M16S,hd,True,False,,210.0,2.0,0.0,public,youtube,"['https://en.wikipedia.org/wiki/Health', 'https://en.wikipedia.org/wiki/Society']"
J2VLZIAqppM,Ma olen enamat kui vaid nimi,2021-10-15T13:35:27Z,,29,UCuqH3nVdQNbTF4V3NPp9_Dg,PT3M9S,hd,True,False,,79.0,0.0,0.0,public,youtube,['https://en.wikipedia.org/wiki/Society']
ifvdYJtIf9k,Ma olen siit pärit,2021-10-15T13:34:22Z,,29,UCuqH3nVdQNbTF4V3NPp9_Dg,PT5M42S,hd,True,False,,64.0,0.0,0.0,public,youtube,['https://en.wikipedia.org/wiki/Society']
QGzLwoBJU0E,Ma pole alati teretulnud,2021-10-15T13:33:07Z,,29,UCuqH3nVdQNbTF4V3NPp9_Dg,PT6M40S,hd,True,False,,95.0,0.0,0.0,public,youtube,"['https://en.wikipedia.org/wiki/Health', 'https://en.wikipedia.org/wiki/Society']"
KXs5u8xpfz8,Mul on siin olemiseks mitu põhjust,2021-10-15T13:32:04Z,,29,UCuqH3nVdQNbTF4V3NPp9_Dg,PT5M10S,hd,True,False,,647.0,4.0,2.0,public,youtube,['https://en.wikipedia.org/wiki/Society']
DBT5-ShvIqw,Ma leian oma tee (treiler),2021-10-15T13:11:59Z,,29,UCuqH3nVdQNbTF4V3NPp9_Dg,PT1M,hd,True,False,,35.0,0.0,0.0,public,youtube,"['https://en.wikipedia.org/wiki/Politics', 'https://en.wikipedia.org/wiki/Society']"
HObuE5ayxPs,Kus on kodu? (treiler),2021-10-15T13:09:03Z,,29,UCuqH3nVdQNbTF4V3NPp9_Dg,PT57S,hd,True,False,,13.0,0.0,0.0,public,youtube,"['https://en.wikipedia.org/wiki/Health', 'https://en.wikipedia.org/wiki/Society']"
AzZIxSHgMwE,Ma olen mitmekesine (treiler),2021-10-15T13:07:24Z,,29,UCuqH3nVdQNbTF4V3NPp9_Dg,PT58S,hd,True,False,,4.0,0.0,0.0,public,youtube,['https://en.wikipedia.org/wiki/Society']
M2l2AqP-Ni4,Ma olen enamat kui vaid nimi (treiler),2021-10-15T13:03:48Z,,29,UCuqH3nVdQNbTF4V3NPp9_Dg,PT56S,hd,True,False,,12.0,0.0,0.0,public,youtube,['https://en.wikipedia.org/wiki/Society']
wMYw82cxYHg,Ma olen siit pärit (treiler),2021-10-15T13:02:01Z,,29,UCuqH3nVdQNbTF4V3NPp9_Dg,PT54S,hd,True,False,,15.0,0.0,0.0,public,youtube,"['https://en.wikipedia.org/wiki/Health', 'https://en.wikipedia.org/wiki/Society']"
8kbu4EQ6QXY,Ma pole alati teretulnud (treiler),2021-10-15T12:59:16Z,,29,UCuqH3nVdQNbTF4V3NPp9_Dg,PT56S,hd,True,False,,16.0,0.0,0.0,public,youtube,['https://en.wikipedia.org/wiki/Society']
Ykb5arUaICw,Mul on siin olemiseks mitu põhjust (treiler),2021-10-15T12:57:13Z,,29,UCuqH3nVdQNbTF4V3NPp9_Dg,PT1M,hd,True,False,,16.0,0.0,0.0,public,youtube,['https://en.wikipedia.org/wiki/Society']
_VYLYlv2_7w,Jagatud teekonnad: noored rändajad jagavad oma lugusid/ treiler,2021-10-14T10:47:01Z,,29,UCuqH3nVdQNbTF4V3NPp9_Dg,PT1M51S,hd,True,False,,47.0,0.0,0.0,public,youtube,['https://en.wikipedia.org/wiki/Society']
S6eszSc6tQs,NGO Mondo’s Digital Competencies Program (EST),2021-07-05T09:26:17Z,,29,UCuqH3nVdQNbTF4V3NPp9_Dg,PT4M38S,hd,True,False,,97.0,3.0,0.0,public,youtube,['https://en.wikipedia.org/wiki/Society']
eUBDkefcV18,NGO Mondo’s Digital Competencies Program,2021-07-05T09:19:06Z,,29,UCuqH3nVdQNbTF4V3NPp9_Dg,PT4M38S,hd,False,False,,431.0,11.0,0.0,public,youtube,['https://en.wikipedia.org/wiki/Society']
HSClDaiZVno,"EU Aid Volunteers: Uganda, Banesa Cisneros",2021-04-30T09:52:56Z,,29,UCuqH3nVdQNbTF4V3NPp9_Dg,PT5M22S,hd,True,False,,156.0,2.0,0.0,public,youtube,['https://en.wikipedia.org/wiki/Society']
PHJjbeQswSg,"EU Aid Volunteers: Ukraine, Alejandro Nievas",2021-04-30T09:47:44Z,,29,UCuqH3nVdQNbTF4V3NPp9_Dg,PT3M53S,hd,True,False,,227.0,3.0,1.0,public,youtube,['https://en.wikipedia.org/wiki/Society']
gfsK37usFAg,"EU Aid Volunteers: Kenya, Andreia Silva",2021-04-30T09:44:20Z,,29,UCuqH3nVdQNbTF4V3NPp9_Dg,PT5M43S,hd,True,False,,116.0,2.0,0.0,public,youtube,"['https://en.wikipedia.org/wiki/Health', 'https://en.wikipedia.org/wiki/Society']"
G9glRXu7EIM,Vabatahtlikud: kohtumine tundmatuga,2021-04-30T08:54:43Z,,29,UCuqH3nVdQNbTF4V3NPp9_Dg,PT6M11S,hd,True,False,,114.0,0.0,0.0,public,youtube,
Sf0gvQnnfdc,"EU Aid Volunteers: Turkey, Lucia Cerquetella",2021-04-30T08:47:22Z,,29,UCuqH3nVdQNbTF4V3NPp9_Dg,PT6M28S,hd,True,False,,77.0,0.0,0.0,public,youtube,"['https://en.wikipedia.org/wiki/Politics', 'https://en.wikipedia.org/wiki/Society']"
qaHTDHBqXVE,Eesti ekspertvabatahtlikud:  aasta hiljem,2021-04-30T08:19:46Z,,29,UCuqH3nVdQNbTF4V3NPp9_Dg,PT6M41S,hd,True,False,,99.0,0.0,0.0,public,youtube,['https://en.wikipedia.org/wiki/Society']
A24be6qLeuA,EU Aid volunteers - Kaie Pungas,2021-04-30T08:11:05Z,,29,UCuqH3nVdQNbTF4V3NPp9_Dg,PT1M51S,hd,False,False,,95.0,3.0,0.0,public,youtube,['https://en.wikipedia.org/wiki/Society']
3lixrgSTf9M,EU Aid Volunteers - Silja Mall,2021-04-30T08:04:12Z,,29,UCuqH3nVdQNbTF4V3NPp9_Dg,PT1M1S,hd,True,False,,130.0,0.0,0.0,public,youtube,['https://en.wikipedia.org/wiki/Society']
1KU-fOhFSuQ,EU Aid Volunteers in Nepal - Massimo Modesti (Long 2020),2020-10-28T20:35:57Z,,29,UCuqH3nVdQNbTF4V3NPp9_Dg,PT5M18S,hd,True,False,,413.0,29.0,4.0,public,youtube,['https://en.wikipedia.org/wiki/Society']
9mOz02B1wXA,EU Aid Volunteers in Nepal - Massimo Modesti (Short 2020),2020-10-28T20:19:41Z,,29,UCuqH3nVdQNbTF4V3NPp9_Dg,PT2M34S,hd,True,False,,339.0,27.0,0.0,public,youtube,['https://en.wikipedia.org/wiki/Society']
kKUXlxeypfc,"love coffee, Estonian nature and travelling - Maria Angelina Lasprilla",2020-09-27T17:00:03Z,,29,UCuqH3nVdQNbTF4V3NPp9_Dg,PT2M30S,hd,False,False,,108.0,4.0,4.0,public,youtube,"['https://en.wikipedia.org/wiki/Lifestyle_(sociology)', 'https://en.wikipedia.org/wiki/Tourism']"
pkOkf67SaeM,I travel to grow as a person and open myself up to new things - Evert Poom,2020-09-27T16:52:55Z,,29,UCuqH3nVdQNbTF4V3NPp9_Dg,PT1M58S,hd,False,False,,944.0,20.0,1.0,public,youtube,"['https://en.wikipedia.org/wiki/Lifestyle_(sociology)', 'https://en.wikipedia.org/wiki/Tourism']"
GyWtVcF-LJ8,"Armastan kohvi, Eesti loodust ja rändamist - Maria Angelina Lasprilla",2020-09-27T16:49:53Z,,29,UCuqH3nVdQNbTF4V3NPp9_Dg,PT2M30S,hd,False,False,,46082.0,16.0,1.0,public,youtube,['https://en.wikipedia.org/wiki/Society']
BO-db9VKyZI,"Я люблю кофе, природу Эстонии и путешествия -Мария Анджелина Ласприлла",2020-09-27T16:46:41Z,,29,UCuqH3nVdQNbTF4V3NPp9_Dg,PT2M30S,hd,False,False,,14509.0,3.0,0.0,public,youtube,"['https://en.wikipedia.org/wiki/Lifestyle_(sociology)', 'https://en.wikipedia.org/wiki/Tourism']"
LKWoyPok6no,"Я футболист, гражданин Эстонии и путешественник - Закария бегларишвили",2020-09-25T10:56:57Z,,29,UCuqH3nVdQNbTF4V3NPp9_Dg,PT2M3S,hd,False,False,,7543.0,4.0,1.0,public,youtube,"['https://en.wikipedia.org/wiki/Association_football', 'https://en.wikipedia.org/wiki/Sport']"
XVAoJ1YciM4,"Я повар, работодатель и путешественник - Наронг Ласуай",2020-09-25T10:56:54Z,,29,UCuqH3nVdQNbTF4V3NPp9_Dg,PT1M56S,hd,False,False,,4938.0,1.0,0.0,public,youtube,"['https://en.wikipedia.org/wiki/Food', 'https://en.wikipedia.org/wiki/Hobby', 'https://en.wikipedia.org/wiki/Lifestyle_(sociology)', 'https://en.wikipedia.org/wiki/Tourism']"
Z4KAuhuIisw,"Я мать, специалист по маркетингу и путешественница - Кристьяна Мере",2020-09-25T10:56:46Z,,29,UCuqH3nVdQNbTF4V3NPp9_Dg,PT1M54S,hd,False,False,,6493.0,1.0,0.0,public,youtube,"['https://en.wikipedia.org/wiki/Lifestyle_(sociology)', 'https://en.wikipedia.org/wiki/Tourism']"
39rnFXLs9Eo,"Я путешествую, чтобы развиваться и становиться более терпимым - Эверт Пooм",2020-09-25T10:56:39Z,,29,UCuqH3nVdQNbTF4V3NPp9_Dg,PT1M58S,hd,False,False,,9470.0,1.0,0.0,public,youtube,['https://en.wikipedia.org/wiki/Tourism']
Mm3SxdrwcQI,"Olen jalgpallur, Eesti kodanik ning rändaja - Zakaria Beglarišvili lugu",2020-09-24T13:06:42Z,,29,UCuqH3nVdQNbTF4V3NPp9_Dg,PT2M3S,hd,False,False,,24434.0,4.0,0.0,public,youtube,"['https://en.wikipedia.org/wiki/Association_football', 'https://en.wikipedia.org/wiki/Sport']"
JFQ_9-jWueo,"Olen kokk, tööandja ning rändaja - Narong Lasuai lugu",2020-09-24T13:06:36Z,,29,UCuqH3nVdQNbTF4V3NPp9_Dg,PT1M56S,hd,False,False,,15328.0,10.0,4.0,public,youtube,
xodIPeskkGg,"Olen ema, sotsiaalmeedia turundaja ning rändaja - Kristjaana Mere lugu",2020-09-24T13:06:24Z,,29,UCuqH3nVdQNbTF4V3NPp9_Dg,PT1M54S,hd,False,False,,28385.0,4.0,0.0,public,youtube,['https://en.wikipedia.org/wiki/Music']
8eqldHjDNic,"Rändan, et inimesena areneda ja sallivamaks kasvada - Evert Poomi lugu",2020-09-24T05:36:27Z,,29,UCuqH3nVdQNbTF4V3NPp9_Dg,PT1M58S,hd,False,False,,32760.0,8.0,0.0,public,youtube,['https://en.wikipedia.org/wiki/Society']
ZqPpK9hgpNk,"I'm a chef, an employer and a traveller - Narong Lasuai story",2020-09-23T12:52:59Z,,29,UCuqH3nVdQNbTF4V3NPp9_Dg,PT1M56S,hd,False,False,,325.0,16.0,1.0,public,youtube,"['https://en.wikipedia.org/wiki/Food', 'https://en.wikipedia.org/wiki/Lifestyle_(sociology)', 'https://en.wikipedia.org/wiki/Tourism']"
qlt1Mp_ORtY,"I'm a footballer, a citizen of Estonia and a traveller - Zakaria Beglarišvili story",2020-09-23T12:51:37Z,,29,UCuqH3nVdQNbTF4V3NPp9_Dg,PT2M3S,hd,False,False,,167.0,1.0,0.0,public,youtube,"['https://en.wikipedia.org/wiki/Association_football', 'https://en.wikipedia.org/wiki/Sport']"
C4JbY5eUfe0,"I'm a mother, a social media marketer and a traveller - Kristjaana Mere storie",2020-09-23T12:49:40Z,,29,UCuqH3nVdQNbTF4V3NPp9_Dg,PT1M54S,hd,False,False,,44.0,0.0,0.0,public,youtube,"['https://en.wikipedia.org/wiki/Lifestyle_(sociology)', 'https://en.wikipedia.org/wiki/Tourism']"
RZBCg_c_JTY,Mondo maailmaharidus,2020-06-11T11:28:42Z,,29,UCuqH3nVdQNbTF4V3NPp9_Dg,PT5M18S,hd,False,False,,525.0,8.0,0.0,public,youtube,['https://en.wikipedia.org/wiki/Society']
bUr-ziPBcw8,Ігри в процесі навчання,2020-05-14T09:39:53Z,,29,UCuqH3nVdQNbTF4V3NPp9_Dg,PT1H31M3S,hd,False,False,,783.0,37.0,0.0,public,youtube,['https://en.wikipedia.org/wiki/Knowledge']
oLiRzT2sLFg,Mondo Naistefond,2020-05-08T11:33:43Z,,29,UCuqH3nVdQNbTF4V3NPp9_Dg,PT6M4S,hd,True,False,,344.0,4.0,0.0,public,youtube,['https://en.wikipedia.org/wiki/Society']
3OmJWgXweZU,EU Aid Volunteer Ghana - Janek Samberg (long 2020),2020-04-24T14:04:02Z,,29,UCuqH3nVdQNbTF4V3NPp9_Dg,PT5M35S,hd,True,False,,102.0,3.0,0.0,public,youtube,['https://en.wikipedia.org/wiki/Society']
a09BHOdTUF0,Вебінар: Інструменти для організації дистанційного навчання,2020-04-22T06:01:09Z,,27,UCuqH3nVdQNbTF4V3NPp9_Dg,PT1H22M30S,hd,False,False,,1126.0,19.0,0.0,public,youtube,['https://en.wikipedia.org/wiki/Knowledge']
iyivD1OE4S4,Вебінар: Медіаграмотність і креативність,2020-04-21T21:44:42Z,,29,UCuqH3nVdQNbTF4V3NPp9_Dg,PT1H29M41S,hd,False,False,,469.0,24.0,1.0,public,youtube,['https://en.wikipedia.org/wiki/Society']
0samZPUrKLw,Вебінар Як активно залучати батьків до шкільної діяльності. Приклади Естонії та України,2020-04-20T12:58:30Z,,29,UCuqH3nVdQNbTF4V3NPp9_Dg,PT1H27M31S,hd,False,False,,37.0,0.0,0.0,public,youtube,['https://en.wikipedia.org/wiki/Knowledge']
OA9uqQ8ShSY,Mondo Tarkusefond,2020-04-02T06:58:36Z,,27,UCuqH3nVdQNbTF4V3NPp9_Dg,PT3M23S,hd,False,False,,404.0,5.0,0.0,public,youtube,['https://en.wikipedia.org/wiki/Society']
J4V8MyCxBqk,EU Aid Volunteer Ghana - Janek Samberg (eesti short 2020),2020-02-12T11:28:46Z,,27,UCuqH3nVdQNbTF4V3NPp9_Dg,PT2M27S,hd,False,False,,201.0,1.0,0.0,public,youtube,['https://en.wikipedia.org/wiki/Society']
nzby_MGpL1k,EU Aid Volunteer Ghana - Janek Samberg (eesti long 2020),2020-02-12T09:23:42Z,,27,UCuqH3nVdQNbTF4V3NPp9_Dg,PT5M47S,hd,False,False,,131.0,0.0,0.0,public,youtube,['https://en.wikipedia.org/wiki/Society']
axxybRDWL3g,EU Aid Volunteers in Georgia - Patrycja Szepczyńska (trailer),2020-02-12T08:48:10Z,,27,UCuqH3nVdQNbTF4V3NPp9_Dg,PT1M36S,sd,True,False,,58.0,0.0,0.0,public,youtube,['https://en.wikipedia.org/wiki/Society']
OAG0-aT-2wc,Mis on MTÜ Mondo?,2020-02-03T11:39:53Z,,27,UCuqH3nVdQNbTF4V3NPp9_Dg,PT2M51S,hd,True,False,,1256.0,7.0,1.0,public,youtube,['https://en.wikipedia.org/wiki/Society']
szaEfGN88MY,"EU Aid programme - why, where, what?",2020-01-30T12:08:48Z,,27,UCuqH3nVdQNbTF4V3NPp9_Dg,PT7M21S,hd,True,False,,208.0,3.0,0.0,public,youtube,['https://en.wikipedia.org/wiki/Society']
EOl7HrBxx-s,Daily life of EU Aid Volunteers,2020-01-30T11:57:23Z,,27,UCuqH3nVdQNbTF4V3NPp9_Dg,PT5M25S,hd,True,False,,716.0,11.0,0.0,public,youtube,['https://en.wikipedia.org/wiki/Society']
xcuYVk7fxRU,EU Aid Volunteers in Georgia - Patrycja Szepczyńska,2020-01-30T09:47:11Z,,27,UCuqH3nVdQNbTF4V3NPp9_Dg,PT5M27S,hd,True,False,,406.0,10.0,2.0,public,youtube,['https://en.wikipedia.org/wiki/Society']
3BVD12mjvVE,What makes a perfect volunteer?,2020-01-24T10:02:45Z,,27,UCuqH3nVdQNbTF4V3NPp9_Dg,PT3M1S,hd,True,False,,775.0,5.0,0.0,public,youtube,"['https://en.wikipedia.org/wiki/Health', 'https://en.wikipedia.org/wiki/Society']"
4vecyM9nm3k,EU Aid Volunteers Uganda - Enrico Barone (long-ENG),2020-01-23T13:00:55Z,,27,UCuqH3nVdQNbTF4V3NPp9_Dg,PT5M4S,hd,False,False,,104.0,3.0,0.0,public,youtube,['https://en.wikipedia.org/wiki/Society']
W_iJN-6RK1s,Eu Aid Volunteers in Kenya - Marine Houmeau (short),2020-01-23T13:00:28Z,,27,UCuqH3nVdQNbTF4V3NPp9_Dg,PT1M2S,hd,False,False,,34.0,0.0,0.0,public,youtube,['https://en.wikipedia.org/wiki/Society']
hUPj5Pj7g0k,Eu Aid Volunteers in Kenya - Marine Houmeau (short-ENG),2020-01-23T13:00:27Z,,27,UCuqH3nVdQNbTF4V3NPp9_Dg,PT1M2S,hd,False,False,,40.0,0.0,0.0,public,youtube,['https://en.wikipedia.org/wiki/Society']
kzq75LYkAJ4,EU Aid Volunteers Uganda - Enrico Barone (short),2020-01-23T12:59:53Z,,27,UCuqH3nVdQNbTF4V3NPp9_Dg,PT50S,hd,False,False,,13.0,0.0,0.0,public,youtube,['https://en.wikipedia.org/wiki/Society']
8nWbkzp1uy4,EU Aid Volunteers Uganda - Enrico Barone (short-ENG),2020-01-23T12:59:49Z,,27,UCuqH3nVdQNbTF4V3NPp9_Dg,PT50S,hd,False,False,,21.0,0.0,0.0,public,youtube,['https://en.wikipedia.org/wiki/Society']
UYO-geTl3IQ,Eu Aid Volunteers in Ghana (short),2020-01-23T12:59:32Z,,27,UCuqH3nVdQNbTF4V3NPp9_Dg,PT52S,hd,False,False,,25.0,0.0,0.0,public,youtube,['https://en.wikipedia.org/wiki/Society']
ddI7_PzPvxI,Eu Aid Volunteers in Ghana (short-ENG),2020-01-23T12:59:26Z,,27,UCuqH3nVdQNbTF4V3NPp9_Dg,PT49S,hd,False,False,,11.0,0.0,0.0,public,youtube,['https://en.wikipedia.org/wiki/Society']
p-oijvTFSA8,Eu Aid Volunteers in Eastern Ukraine (short-Eng),2020-01-23T12:59:02Z,,27,UCuqH3nVdQNbTF4V3NPp9_Dg,PT56S,hd,False,False,,34.0,0.0,0.0,public,youtube,['https://en.wikipedia.org/wiki/Society']
pi55W5mPTxw,Jordaania pagulaslaagrite argipäev,2020-01-23T12:43:03Z,,27,UCuqH3nVdQNbTF4V3NPp9_Dg,PT4M59S,hd,False,False,,125.0,1.0,0.0,public,youtube,"['https://en.wikipedia.org/wiki/Politics', 'https://en.wikipedia.org/wiki/Society']"
640hUZULHV4,Süüria laste haridus Türgis,2020-01-23T12:42:17Z,,27,UCuqH3nVdQNbTF4V3NPp9_Dg,PT7M43S,hd,False,False,,111.0,1.0,0.0,public,youtube,['https://en.wikipedia.org/wiki/Society']
MHEip0_7Pxs,Sotsiaalne ettevõtlus Türgis,2020-01-23T12:42:12Z,,27,UCuqH3nVdQNbTF4V3NPp9_Dg,PT6M11S,hd,True,False,,116.0,2.0,0.0,public,youtube,['https://en.wikipedia.org/wiki/Society']
4rq3Um0ZNjU,Põllumajandus Jordaania pagulaslaagrites,2020-01-23T12:42:02Z,,27,UCuqH3nVdQNbTF4V3NPp9_Dg,PT8M1S,hd,False,False,,71.0,1.0,0.0,public,youtube,
hbVUhpANzqc,Süüria tüdrukute jalgpall Jordaania pagulaslaagris,2020-01-23T12:41:29Z,,27,UCuqH3nVdQNbTF4V3NPp9_Dg,PT5M56S,hd,False,False,,64.0,1.0,0.0,public,youtube,['https://en.wikipedia.org/wiki/Sport']
ojDSPhBdim8,Introduction to Solution Focused Brief Therapy,2019-12-13T12:01:10Z,,27,UCuqH3nVdQNbTF4V3NPp9_Dg,PT6M8S,hd,False,False,,2861.0,30.0,2.0,public,youtube,"['https://en.wikipedia.org/wiki/Health', 'https://en.wikipedia.org/wiki/Knowledge']"
lHthKtauCZ0,"Kes elab metsa sees (Ghana, Kongo küla)",2019-12-12T09:39:41Z,,27,UCuqH3nVdQNbTF4V3NPp9_Dg,PT21S,sd,False,False,,230.0,4.0,0.0,public,youtube,['https://en.wikipedia.org/wiki/Music']
-cnLPgOlzuo,"WATER, SOURCE OF LIFE (Uganda, Kikooba)",2019-12-12T09:30:30Z,,27,UCuqH3nVdQNbTF4V3NPp9_Dg,PT3M50S,hd,False,False,,61.0,1.0,,public,youtube,['https://en.wikipedia.org/wiki/Society']
Yh9hXsIGCko,How to talk peacefully intro video,2019-11-21T12:21:40Z,,27,UCuqH3nVdQNbTF4V3NPp9_Dg,PT1M58S,hd,False,False,,216.0,1.0,0.0,public,youtube,"['https://en.wikipedia.org/wiki/Health', 'https://en.wikipedia.org/wiki/Knowledge']"
qYdCqmPBZrU,"Olivia Naava - KDI Uganda, Kampala",2019-11-20T08:23:04Z,,27,UCuqH3nVdQNbTF4V3NPp9_Dg,PT2M21S,hd,False,False,,93.0,1.0,0.0,public,youtube,['https://en.wikipedia.org/wiki/Society']
yxoHAMcRrqw,Mondo kitseralli 2019,2019-08-28T06:42:11Z,,27,UCuqH3nVdQNbTF4V3NPp9_Dg,PT1M1S,sd,False,False,,158.0,1.0,0.0,public,youtube,['https://en.wikipedia.org/wiki/Society']
SxLSSyyEUf4,Mondos Brilliant Fond - Yambire Lincoln Tengbon,2019-08-22T07:42:04Z,,27,UCuqH3nVdQNbTF4V3NPp9_Dg,PT2M16S,hd,True,False,,78.0,1.0,0.0,public,youtube,['https://en.wikipedia.org/wiki/Society']
annutvv_MUU,Vabatahtlik Enrico Barone Ugandas,2019-03-22T11:07:58Z,,29,UCuqH3nVdQNbTF4V3NPp9_Dg,PT5M4S,hd,False,False,,500.0,11.0,1.0,public,youtube,"['https://en.wikipedia.org/wiki/Politics', 'https://en.wikipedia.org/wiki/Society']"
K0liGY7_ZVc,"Olivia Naava, Uganda, Kampala Disabled Initiative õmblusühistu",2019-03-22T10:47:30Z,,29,UCuqH3nVdQNbTF4V3NPp9_Dg,PT2M26S,hd,False,False,,457.0,1.0,0.0,public,youtube,"['https://en.wikipedia.org/wiki/Health', 'https://en.wikipedia.org/wiki/Society']"
sZognrqG7FM,EU Aid Volunteers Kenya - Marine Houmeau,2019-03-14T14:20:50Z,['volunteers'],29,UCuqH3nVdQNbTF4V3NPp9_Dg,PT5M20S,hd,False,False,,742.0,6.0,2.0,public,youtube,['https://en.wikipedia.org/wiki/Society']
5NVEz2wEVP4,Mondo Tarkusefond - Yambire Lincoln Tengbon,2019-01-11T11:25:46Z,,29,UCuqH3nVdQNbTF4V3NPp9_Dg,PT2M16S,hd,True,False,,453.0,0.0,0.0,public,youtube,['https://en.wikipedia.org/wiki/Society']
fUgoRjWfgN8,Eu Aid Volunteers in Ghana - Jasmin Sander,2019-01-05T07:34:05Z,['volunteering'],29,UCuqH3nVdQNbTF4V3NPp9_Dg,PT4M58S,hd,True,False,,757.0,5.0,0.0,public,youtube,['https://en.wikipedia.org/wiki/Society']
E6NNT-Ln6H8,EU Aid Volunteers in Eastern Ukraine/ Mondo vabatahtlik Ida-Ukrainas,2018-12-05T09:09:12Z,"['volunteers', 'ukraine', 'mondo']",29,UCuqH3nVdQNbTF4V3NPp9_Dg,PT5M13S,hd,True,False,,273.0,4.0,0.0,public,youtube,['https://en.wikipedia.org/wiki/Society']
Eym9JoAy6VU,Keenia auhinnareisi muljed,2018-07-09T14:31:55Z,,29,UCuqH3nVdQNbTF4V3NPp9_Dg,PT3M41S,hd,False,False,,143.0,2.0,0.0,public,youtube,['https://en.wikipedia.org/wiki/Society']
_GHZqvxlqzY,Audrey FRA V3,2018-07-06T14:16:44Z,,29,UCuqH3nVdQNbTF4V3NPp9_Dg,PT58S,hd,False,False,,114.0,1.0,0.0,public,youtube,['https://en.wikipedia.org/wiki/Society']
2WibRlsdSlw,EuAid Volunteers - Audrey Mussat,2018-07-04T10:45:04Z,,29,UCuqH3nVdQNbTF4V3NPp9_Dg,PT58S,hd,False,False,,92.0,0.0,0.0,public,youtube,"['https://en.wikipedia.org/wiki/Health', 'https://en.wikipedia.org/wiki/Society']"
V_WwCfLl7vw,Phase Uganda,2018-02-01T08:53:42Z,"['vabatahtlikud', 'EuAidVolunteers PHASE Mondo Aafrika UPA WEFOCO KOCDA']",29,UCuqH3nVdQNbTF4V3NPp9_Dg,PT2M15S,hd,False,False,,210.0,1.0,0.0,public,youtube,['https://en.wikipedia.org/wiki/Society']
EXssO1NXbyA,Mondo summerschool 2017 - final morning,2017-08-27T07:28:17Z,,29,UCuqH3nVdQNbTF4V3NPp9_Dg,PT31S,hd,False,False,,19.0,0.0,0.0,public,youtube,
tjNsFfm3fEU,Mondo summerschool 2017 - day 2,2017-08-27T07:27:40Z,,29,UCuqH3nVdQNbTF4V3NPp9_Dg,PT1M11S,hd,False,False,,10.0,0.0,0.0,public,youtube,"['https://en.wikipedia.org/wiki/Food', 'https://en.wikipedia.org/wiki/Lifestyle_(sociology)']"
XRQYuzjiczY,MONDO Global Education Innovation Award Converted,2017-07-31T07:48:14Z,,29,UCuqH3nVdQNbTF4V3NPp9_Dg,PT4M13S,sd,False,False,,27.0,0.0,0.0,public,youtube,['https://en.wikipedia.org/wiki/Knowledge']
iDFr1DGxWjE,MONDO Global Education Innovation Award,2017-07-30T18:59:58Z,,29,UCuqH3nVdQNbTF4V3NPp9_Dg,PT3M,hd,False,False,,79.0,0.0,0.0,public,youtube,['https://en.wikipedia.org/wiki/Knowledge']
kgdQV8O5Yek,PROTECTING WOMEN HOME AND ABROAD Panel Discussion II,2017-06-06T06:05:49Z,"['women in politics', 'women in parliaments', 'gender equality', 'salary gap', 'SDG5']",29,UCuqH3nVdQNbTF4V3NPp9_Dg,PT1H2M59S,sd,False,False,,312.0,1.0,0.0,public,youtube,['https://en.wikipedia.org/wiki/Society']
yiJORobVQKY,SUPPORTING WOMEN’S POLITICAL PARTICIPATION HOME AND ABROAD Panel Discussion I part,2017-03-28T12:57:57Z,,29,UCuqH3nVdQNbTF4V3NPp9_Dg,PT58M58S,hd,False,False,,86.0,1.0,0.0,public,youtube,"['https://en.wikipedia.org/wiki/Politics', 'https://en.wikipedia.org/wiki/Society']"
286GA8SJHMs,"Alexandra Rosen (Senior Director, The Women in Parliaments Global Forum)",2017-03-28T12:39:35Z,,29,UCuqH3nVdQNbTF4V3NPp9_Dg,PT21M50S,hd,False,False,,23.0,1.0,0.0,public,youtube,"['https://en.wikipedia.org/wiki/Politics', 'https://en.wikipedia.org/wiki/Society']"
bx_nGddTvb4,Mondo Aafrika riikide partnerite tervitus,2017-02-01T13:39:17Z,"['development cooperation', 'Kenya', 'Estonia', 'Ghana', 'Uganda']",29,UCuqH3nVdQNbTF4V3NPp9_Dg,PT16S,hd,False,False,,403.0,1.0,0.0,public,youtube,
XSnzwRrB3e8,Silmavaatamine Tallinna Kunstihoones,2016-12-08T16:17:14Z,"['look beyond borders', 'trust', 'open borders', 'development cooperation', 'amnesty international']",29,UCuqH3nVdQNbTF4V3NPp9_Dg,PT2M39S,hd,False,False,,17.0,0.0,0.0,public,youtube,['https://en.wikipedia.org/wiki/Society']
H5wj5Q3jdCk,Mondo Tarkusefondi stipendiaat Millicent Abaa,2016-08-30T10:14:59Z,,29,UCuqH3nVdQNbTF4V3NPp9_Dg,PT3M46S,hd,False,False,,99.0,0.0,0.0,public,youtube,['https://en.wikipedia.org/wiki/Society']
akYrGXVkaO8,mondo video eng,2016-05-30T09:50:26Z,,29,UCuqH3nVdQNbTF4V3NPp9_Dg,PT2M29S,hd,False,False,,184.0,0.0,0.0,public,youtube,
qIntuvwFaHg,Mis on MTÜ Mondo?,2016-02-08T15:28:44Z,"['development cooperation', 'NGOs', 'humanitarian aid', 'global education', 'estonia', 'uganda', 'ghana', 'kenya', 'burma', 'afghanistan', 'ukraine', 'iraq', 'jordan']",29,UCuqH3nVdQNbTF4V3NPp9_Dg,PT2M29S,hd,False,False,,707.0,2.0,0.0,public,youtube,['https://en.wikipedia.org/wiki/Society']
DkWHt6EhGy0,Mondo sotsiaalne ettevõtlus,2016-02-04T12:37:44Z,,29,UCuqH3nVdQNbTF4V3NPp9_Dg,PT6M11S,hd,False,False,,166.0,0.0,0.0,public,youtube,"['https://en.wikipedia.org/wiki/Hobby', 'https://en.wikipedia.org/wiki/Lifestyle_(sociology)']"
b2YgCcdSwMk,Maailmahariduse videoloeng: Helen Ennok Eesti arengukoostööst.,2015-11-25T15:28:10Z,,29,UCuqH3nVdQNbTF4V3NPp9_Dg,PT13M39S,hd,False,False,,544.0,1.0,0.0,public,youtube,['https://en.wikipedia.org/wiki/Knowledge']
w8HJvgB30rI,SUPPLY CHA!NGE. Muudame poeketid õiglaseks,2015-11-18T14:22:52Z,,29,UCuqH3nVdQNbTF4V3NPp9_Dg,PT2M37S,hd,False,False,,138.0,0.0,0.0,public,youtube,['https://en.wikipedia.org/wiki/Society']
ABMMtUHIibU,Mida Eesti noored kliimamuutustest arvavad? II,2015-11-13T17:10:49Z,"['climate change', 'youth', 'estonia', 'mondo', 'UNESCO', 'Eestimaa Looduse Fond']",29,UCuqH3nVdQNbTF4V3NPp9_Dg,PT1M3S,hd,False,False,,27.0,0.0,0.0,public,youtube,"['https://en.wikipedia.org/wiki/Politics', 'https://en.wikipedia.org/wiki/Society']"
fnOiLxaCsAs,Noorte kliimaseminar Riigikogus,2015-11-13T17:10:49Z,"['climate change', 'youth', 'estonia', 'UNESCO', 'Mondo', 'Eestimaa Looduse Fond']",29,UCuqH3nVdQNbTF4V3NPp9_Dg,PT3M12S,hd,False,False,,232.0,0.0,0.0,public,youtube,"['https://en.wikipedia.org/wiki/Politics', 'https://en.wikipedia.org/wiki/Society']"
hF3TSfwz3Jk,Mida Eesti noored kliimamuutustest arvavad?,2015-11-13T17:10:49Z,"['climate change', 'estonia', 'youth', 'Mondo', 'UNESCO', 'Eestimaa Looduse Fond']",29,UCuqH3nVdQNbTF4V3NPp9_Dg,PT1M2S,hd,False,False,,52.0,1.0,0.0,public,youtube,"['https://en.wikipedia.org/wiki/Politics', 'https://en.wikipedia.org/wiki/Society']"
Zl3kTE0fzbM,MTÜ Mondo humanitaarabi tegevused Ukraina heaks!,2015-09-21T15:56:25Z,"['Humanitaarabi', 'Ukraina', 'Annetused']",29,UCuqH3nVdQNbTF4V3NPp9_Dg,PT1M21S,hd,False,False,,221.0,1.0,0.0,public,youtube,"['https://en.wikipedia.org/wiki/Politics', 'https://en.wikipedia.org/wiki/Society']"
F_WG-75-q8s,Urmas Paet arengukoostööst,2015-07-31T09:07:15Z,,29,UCuqH3nVdQNbTF4V3NPp9_Dg,PT7M1S,hd,False,False,,111.0,1.0,0.0,public,youtube,['https://en.wikipedia.org/wiki/Society']
AkOESbp-pj8,"Maailmahariduse videoloeng ""Tarbimisaktsioonid"" (Kadri Kalle)",2015-07-31T08:46:55Z,,29,UCuqH3nVdQNbTF4V3NPp9_Dg,PT14M56S,hd,False,False,,238.0,0.0,0.0,public,youtube,['https://en.wikipedia.org/wiki/Society']
eY8kyZ4mthw,"Maailmahariduse videoloeng ""Säästev areng"" (Kadri Kalle)",2015-07-30T14:02:57Z,,29,UCuqH3nVdQNbTF4V3NPp9_Dg,PT6M48S,hd,False,False,,774.0,5.0,0.0,public,youtube,['https://en.wikipedia.org/wiki/Society']
qfJXYjGPnaU,"Maailmahariduse videoloeng ""Rohepesu"" (Kadri Kalle)",2015-07-30T13:40:25Z,,29,UCuqH3nVdQNbTF4V3NPp9_Dg,PT11M4S,hd,False,False,,643.0,6.0,0.0,public,youtube,['https://en.wikipedia.org/wiki/Society']
r0LLBTx0f6g,"Maailmahariduse videoloeng ""Ökoloogiline jalajälg"" (Kadri Kalle)",2015-07-30T13:07:23Z,['ökoloogiline jalajälg'],29,UCuqH3nVdQNbTF4V3NPp9_Dg,PT6M58S,hd,False,False,,1537.0,10.0,0.0,public,youtube,"['https://en.wikipedia.org/wiki/Health', 'https://en.wikipedia.org/wiki/Knowledge']"
hHFKKeJg3w4,"Maailmahariduse videoloeng ""Kriitiline mõtlemine"" (Kadri Kalle)",2015-07-30T12:39:55Z,,29,UCuqH3nVdQNbTF4V3NPp9_Dg,PT10M27S,hd,False,False,,1860.0,6.0,2.0,public,youtube,"['https://en.wikipedia.org/wiki/Health', 'https://en.wikipedia.org/wiki/Knowledge']"
WL3bDELnFW8,Mondo is,2015-04-11T18:23:54Z,,29,UCuqH3nVdQNbTF4V3NPp9_Dg,PT20S,hd,False,False,,22.0,0.0,0.0,public,youtube,
xUAU3_RuRmk,Artemivski haigla peaarsti intervjuu,2015-03-02T13:34:17Z,,29,UCuqH3nVdQNbTF4V3NPp9_Dg,PT2M27S,hd,False,False,,35.0,0.0,0.0,public,youtube,['https://en.wikipedia.org/wiki/Society']
0sQJSil8TVg,Games from Ghana,2015-02-28T20:51:43Z,,29,UCuqH3nVdQNbTF4V3NPp9_Dg,PT2M37S,hd,False,False,,3562.0,16.0,,public,youtube,
29_h70c_n24,Sekoti kool sõpruskooli Viimsi kirjadega,2015-02-26T09:56:44Z,,29,UCuqH3nVdQNbTF4V3NPp9_Dg,PT46S,hd,False,False,,69.0,1.0,0.0,public,youtube,['https://en.wikipedia.org/wiki/Society']
DAOMg0PLqXg,Mathias cup 2015,2015-02-18T19:49:49Z,,29,UCuqH3nVdQNbTF4V3NPp9_Dg,PT1M56S,hd,False,False,,56.0,0.0,0.0,public,youtube,"['https://en.wikipedia.org/wiki/Association_football', 'https://en.wikipedia.org/wiki/Sport']"
Ys_Bc5PE_dM,Jalgpallid Rise and Shine kooli Keenias,2015-02-16T16:22:03Z,"['football', 'Kenya (Country)', 'Estonia', 'Kooli', 'muudamaailma']",29,UCuqH3nVdQNbTF4V3NPp9_Dg,PT4M52S,sd,False,False,,107.0,1.0,0.0,public,youtube,"['https://en.wikipedia.org/wiki/Hobby', 'https://en.wikipedia.org/wiki/Lifestyle_(sociology)']"
tO3xV4g1j1A,Keenia naiste maisiühistu koolitus,2014-12-20T18:11:36Z,['Kenya (Country)'],29,UCuqH3nVdQNbTF4V3NPp9_Dg,PT2M18S,sd,False,False,,158.0,0.0,0.0,public,youtube,['https://en.wikipedia.org/wiki/Society']
hRxzBu2snpQ,Šokolaadišokk,2014-12-10T20:32:42Z,"['Shokolaad', 'Fairtrade', 'Mondo', 'MTÜ Mondo', 'Õiglane kaubandus', 'http://et.makechocolatefair.org/', 'makechocolatefair', 'make chocolate fair', 'fair chocolate', 'Africa', 'cocoa farmer', 'lapstööjõud', 'jätkusuutlikus', 'arengukoostöö']",29,UCuqH3nVdQNbTF4V3NPp9_Dg,PT1M21S,hd,False,False,,2275.0,12.0,0.0,public,youtube,"['https://en.wikipedia.org/wiki/Food', 'https://en.wikipedia.org/wiki/Lifestyle_(sociology)']"
fBMhZtIJtgk,Šokotuur Tartus - Flash Mob,2014-10-22T10:22:30Z,,29,UCuqH3nVdQNbTF4V3NPp9_Dg,PT38S,hd,False,False,,72.0,0.0,0.0,public,youtube,['https://en.wikipedia.org/wiki/Lifestyle_(sociology)']
x397nOCBs4U,Mõttetu tarbimine või õiglane kaubandus,2014-10-19T05:19:57Z,"['Õiglane kaubandus', 'Fairtrade', 'Fair Trade']",29,UCuqH3nVdQNbTF4V3NPp9_Dg,PT3M18S,hd,False,False,,5393.0,20.0,3.0,public,youtube,['https://en.wikipedia.org/wiki/Society']
EplVP69v_7Q,Sotsiaalkampaania Ausad Riided - Jaht õiglasele moele,2014-10-13T08:41:47Z,,29,UCuqH3nVdQNbTF4V3NPp9_Dg,PT1M4S,sd,False,False,,65.0,0.0,0.0,public,youtube,
RijzQ5q9b7U,Vesi Põhja Ghanas,2014-09-29T04:51:49Z,,29,UCuqH3nVdQNbTF4V3NPp9_Dg,PT5M1S,hd,False,False,,270.0,0.0,0.0,public,youtube,['https://en.wikipedia.org/wiki/Entertainment']
szMLItFOCNk,Let’s Do It,2014-09-23T19:38:58Z,,29,UCuqH3nVdQNbTF4V3NPp9_Dg,PT2M23S,hd,False,False,,61.0,0.0,0.0,public,youtube,
7RHsqEIYNcU,Trummide töötuba 2,2014-09-10T09:27:44Z,,29,UCuqH3nVdQNbTF4V3NPp9_Dg,PT1M27S,sd,False,False,,44.0,0.0,0.0,public,youtube,['https://en.wikipedia.org/wiki/Music']
8wg7eVT9P5o,Kastid kukuvad ümber!,2014-09-10T09:27:44Z,,29,UCuqH3nVdQNbTF4V3NPp9_Dg,PT42S,sd,False,False,,21.0,0.0,0.0,public,youtube,"['https://en.wikipedia.org/wiki/Politics', 'https://en.wikipedia.org/wiki/Society']"
GMTHTBlV2hM,Trummide töötuba 1,2014-09-10T09:27:44Z,,29,UCuqH3nVdQNbTF4V3NPp9_Dg,PT32S,sd,False,False,,44.0,0.0,0.0,public,youtube,['https://en.wikipedia.org/wiki/Music']
JY1iDmOSXOU,Trummide töötuba,2014-09-10T09:27:44Z,,29,UCuqH3nVdQNbTF4V3NPp9_Dg,PT1M29S,sd,False,False,,157.0,3.0,0.0,public,youtube,['https://en.wikipedia.org/wiki/Music']
i-mZmKyYiQg,Trummide töötuba 3,2014-09-10T09:27:44Z,,29,UCuqH3nVdQNbTF4V3NPp9_Dg,PT54S,sd,False,False,,58.0,0.0,0.0,public,youtube,['https://en.wikipedia.org/wiki/Music']
uKskUFUsfWo,Protsessdraama töötuba,2014-09-10T09:27:44Z,,29,UCuqH3nVdQNbTF4V3NPp9_Dg,PT2M5S,sd,False,False,,58.0,0.0,0.0,public,youtube,
H6qELbRE2Y8,Kes me oleme?,2014-09-04T09:22:01Z,,29,UCuqH3nVdQNbTF4V3NPp9_Dg,PT3M55S,hd,False,False,"{'blocked': ['BY', 'RU']}",67.0,0.0,0.0,public,youtube,
F_u5zjyycbU,Mondo ja sõpruskoolid,2014-08-27T11:14:55Z,,29,UCuqH3nVdQNbTF4V3NPp9_Dg,PT52S,hd,False,False,,60.0,0.0,0.0,public,youtube,['https://en.wikipedia.org/wiki/Society']
q9QF2LW7Ap8,Mondo aitab lapsed kooli,2014-08-27T11:10:16Z,,29,UCuqH3nVdQNbTF4V3NPp9_Dg,PT56S,hd,False,False,,162.0,0.0,0.0,public,youtube,['https://en.wikipedia.org/wiki/Society']
4j4tKUR9jxY,Mondo ja Ghana lesknaised,2014-08-27T11:09:46Z,,29,UCuqH3nVdQNbTF4V3NPp9_Dg,PT1M23S,hd,False,False,,112.0,0.0,0.0,public,youtube,
pU4KROZ8AX0,Roosa kass,2014-07-16T11:22:35Z,['mondo'],29,UCuqH3nVdQNbTF4V3NPp9_Dg,PT2M48S,hd,False,False,,107.0,1.0,0.0,public,youtube,['https://en.wikipedia.org/wiki/Lifestyle_(sociology)']
Hi3PRI9hXyw,Nutitelefon,2014-07-16T11:05:06Z,"['internet', 'nutitelefon', 'mondo']",29,UCuqH3nVdQNbTF4V3NPp9_Dg,PT1M15S,hd,False,False,,137.0,2.0,1.0,public,youtube,['https://en.wikipedia.org/wiki/Entertainment']
T1_o5762eDk,Õiglase kaubanduse tooted,2014-05-08T10:20:42Z,"['Fairtrade', 'Fair trade', 'õiglane kaubandus']",29,UCuqH3nVdQNbTF4V3NPp9_Dg,PT1M34S,hd,False,False,,145.0,1.0,0.0,public,youtube,
XojRQqopVPY,Õiglase kaubanduse eelised,2014-05-08T10:20:42Z,"['Fairtrade', 'Fair Trade', 'õiglane kaubandus']",29,UCuqH3nVdQNbTF4V3NPp9_Dg,PT2M10S,hd,False,False,,887.0,0.0,0.0,public,youtube,['https://en.wikipedia.org/wiki/Society']
mWa6319K6Hk,Õiglase kaubanduse põhimõtted,2014-05-08T10:20:42Z,"['Fairtrade', 'Fair Trade', 'õiglane kaubandus']",29,UCuqH3nVdQNbTF4V3NPp9_Dg,PT1M37S,hd,False,False,,1331.0,5.0,1.0,public,youtube,
RKC5uB8cyFQ,Rise and Shine erikooli õpilased,2014-04-03T12:06:06Z,,29,UCuqH3nVdQNbTF4V3NPp9_Dg,PT4M31S,sd,False,False,,165.0,1.0,0.0,public,youtube,['https://en.wikipedia.org/wiki/Music']
V7UmTQVZiFc,Mondo Video,2013-12-16T12:06:58Z,,29,UCuqH3nVdQNbTF4V3NPp9_Dg,PT6M17S,hd,False,False,,858.0,5.0,0.0,public,youtube,
p7QFTObWRbg,Päkapikkude protest,2013-12-06T01:40:22Z,,29,UCuqH3nVdQNbTF4V3NPp9_Dg,PT1M,hd,False,False,,477.0,1.0,0.0,public,youtube,['https://en.wikipedia.org/wiki/Society']
8wZTsgPAnco,Kohvik Ugandas,2013-03-21T11:35:53Z,"['Uganda', 'social business', 'kampala']",29,UCuqH3nVdQNbTF4V3NPp9_Dg,PT11M41S,sd,False,False,,261.0,1.0,0.0,public,youtube,['https://en.wikipedia.org/wiki/Lifestyle_(sociology)']
CVIj-gZGMys,Vabatahtlik Janika Keenias,2013-03-20T23:39:21Z,,29,UCuqH3nVdQNbTF4V3NPp9_Dg,PT13M34S,hd,False,False,,663.0,,,public,youtube,['https://en.wikipedia.org/wiki/Lifestyle_(sociology)']
Aav3e6lp9R8,24 TUNDI KALAPAADIS 🐟,2025-09-07T10:04:55Z,,22,UCbItthOofdPDAURyXxor5SA,PT13M41S,hd,False,False,,1531.0,47.0,4.0,public,youtube,"['https://en.wikipedia.org/wiki/Hobby', 'https://en.wikipedia.org/wiki/Lifestyle_(sociology)']"
USAZxcIYNms,Camping🏕️ #travel #eesti #camping #outdoors #asmr,2025-06-22T14:47:00Z,,22,UCbItthOofdPDAURyXxor5SA,PT1M7S,hd,False,False,,174.0,5.0,0.0,public,youtube,"['https://en.wikipedia.org/wiki/Food', 'https://en.wikipedia.org/wiki/Lifestyle_(sociology)', 'https://en.wikipedia.org/wiki/Tourism']"
k4MptVL75sU,Kas sina elaksid FILIPIINIDEL? | Vlog,2025-04-24T15:01:16Z,,22,UCbItthOofdPDAURyXxor5SA,PT18M29S,hd,False,False,,566.0,32.0,5.0,public,youtube,"['https://en.wikipedia.org/wiki/Lifestyle_(sociology)', 'https://en.wikipedia.org/wiki/Tourism']"
_v7A45_jSX4,Lühike mälestus meie reisist ennem pikemat videot🙏,2025-04-08T16:47:15Z,,22,UCbItthOofdPDAURyXxor5SA,PT40S,hd,False,False,,934.0,13.0,0.0,public,youtube,"['https://en.wikipedia.org/wiki/Lifestyle_(sociology)', 'https://en.wikipedia.org/wiki/Tourism']"
Uoqn38h7YYQ,Meie paat läks KATKI keset jõge! | Ellujäämine looduses,2025-03-20T16:00:38Z,,22,UCbItthOofdPDAURyXxor5SA,PT13M26S,hd,False,False,,2089.0,78.0,9.0,public,youtube,"['https://en.wikipedia.org/wiki/Hobby', 'https://en.wikipedia.org/wiki/Lifestyle_(sociology)', 'https://en.wikipedia.org/wiki/Tourism']"
1W1sBwfUu04,Ehitame metsaonni ja ööbime seal -18 kraadiga,2025-02-20T16:00:02Z,,22,UCbItthOofdPDAURyXxor5SA,PT15M9S,hd,False,False,,7404.0,165.0,25.0,public,youtube,"['https://en.wikipedia.org/wiki/Lifestyle_(sociology)', 'https://en.wikipedia.org/wiki/Tourism']"
M5tf7cjHdrI,Ehitasime metsas sauna | talitelkimine vol2,2025-01-21T17:56:57Z,,22,UCbItthOofdPDAURyXxor5SA,PT18M19S,hd,False,False,,4589.0,103.0,17.0,public,youtube,"['https://en.wikipedia.org/wiki/Lifestyle_(sociology)', 'https://en.wikipedia.org/wiki/Tourism']"
P2zk3SC6HJw,Jõuame Austraaliast tagasi Eestisse,2024-08-15T15:11:17Z,,22,UCbItthOofdPDAURyXxor5SA,PT12M11S,hd,False,False,,1158.0,35.0,0.0,public,youtube,"['https://en.wikipedia.org/wiki/Lifestyle_(sociology)', 'https://en.wikipedia.org/wiki/Tourism']"
uzVITTMS7cg,Kalastus Austraalias! #travel #automobile #eesti #australia,2024-05-24T10:59:58Z,,22,UCbItthOofdPDAURyXxor5SA,PT38S,hd,False,False,,313.0,12.0,0.0,public,youtube,"['https://en.wikipedia.org/wiki/Hobby', 'https://en.wikipedia.org/wiki/Lifestyle_(sociology)', 'https://en.wikipedia.org/wiki/Tourism']"
yeoOrBn0IiA,Miks SINA juba Austraalias pole?,2024-04-27T19:33:54Z,,22,UCbItthOofdPDAURyXxor5SA,PT10M58S,hd,False,False,,12942.0,226.0,22.0,public,youtube,['https://en.wikipedia.org/wiki/Lifestyle_(sociology)']
76kYBJOVfls,Kas Austraalias on odavam kui Eestis?,2024-03-08T09:50:11Z,,22,UCbItthOofdPDAURyXxor5SA,PT14M4S,hd,False,False,,8767.0,167.0,23.0,public,youtube,['https://en.wikipedia.org/wiki/Lifestyle_(sociology)']
bCCUVxBQAwk,11 päeva reisimist AUSTRAALIAS | Vlog - osa 3,2024-01-07T14:54:25Z,,22,UCbItthOofdPDAURyXxor5SA,PT13M57S,hd,False,False,,2180.0,38.0,4.0,public,youtube,"['https://en.wikipedia.org/wiki/Lifestyle_(sociology)', 'https://en.wikipedia.org/wiki/Tourism']"
yzRM6NdD7z4,Milline on elu Austraalias? | Vlog - osa 2,2023-12-24T03:59:05Z,,22,UCbItthOofdPDAURyXxor5SA,PT8M31S,hd,False,False,,7238.0,110.0,12.0,public,youtube,"['https://en.wikipedia.org/wiki/Hobby', 'https://en.wikipedia.org/wiki/Lifestyle_(sociology)']"
lXMLqMCDPpQ,Austraaliasse tööle!? | Vlog - osa 1,2023-11-05T16:00:33Z,,22,UCbItthOofdPDAURyXxor5SA,PT6M32S,hd,False,False,,2802.0,40.0,1.0,public,youtube,"['https://en.wikipedia.org/wiki/Lifestyle_(sociology)', 'https://en.wikipedia.org/wiki/Tourism']"
o8QdBoVamOw,Vilkuvad taksod ja kurjad pullid  | Vlog - osa 3,2023-10-22T15:46:00Z,,22,UCbItthOofdPDAURyXxor5SA,PT15M23S,hd,False,False,,632.0,31.0,0.0,public,youtube,"['https://en.wikipedia.org/wiki/Lifestyle_(sociology)', 'https://en.wikipedia.org/wiki/Tourism']"
ZjvNBrRbRWM,Paradiisisaar Langkawi | Vlog - osa 2,2023-10-15T17:02:56Z,,22,UCbItthOofdPDAURyXxor5SA,PT14M15S,hd,False,False,,466.0,24.0,0.0,public,youtube,"['https://en.wikipedia.org/wiki/Lifestyle_(sociology)', 'https://en.wikipedia.org/wiki/Tourism']"
NDI5T41_OwA,Meilt taheti raha röövida Malaisias | Vlog - osa 1,2023-10-08T17:45:07Z,,22,UCbItthOofdPDAURyXxor5SA,PT19M22S,hd,False,False,,850.0,34.0,1.0,public,youtube,"['https://en.wikipedia.org/wiki/Lifestyle_(sociology)', 'https://en.wikipedia.org/wiki/Tourism']"
hGJes7h7Veg,Maitseme erinevaid toite ja snäkke Pattayas | Vlog - osa 3,2023-10-01T17:54:09Z,,22,UCbItthOofdPDAURyXxor5SA,PT10M31S,hd,False,False,,437.0,21.0,3.0,public,youtube,"['https://en.wikipedia.org/wiki/Food', 'https://en.wikipedia.org/wiki/Lifestyle_(sociology)', 'https://en.wikipedia.org/wiki/Tourism']"
RBmOvwS1Zsk,Pattaya ja elevandid | Vlog - osa 2,2023-09-24T17:03:47Z,,22,UCbItthOofdPDAURyXxor5SA,PT13M55S,hd,False,False,,460.0,20.0,0.0,public,youtube,"['https://en.wikipedia.org/wiki/Lifestyle_(sociology)', 'https://en.wikipedia.org/wiki/Tourism']"
0fpLj933fEY,Puhkame Bangkokis Taimaal | Vlog - osa 1,2023-09-17T16:42:25Z,,22,UCbItthOofdPDAURyXxor5SA,PT14M53S,hd,False,False,,606.0,24.0,0.0,public,youtube,"['https://en.wikipedia.org/wiki/Lifestyle_(sociology)', 'https://en.wikipedia.org/wiki/Tourism']"
lGOfYFo6ObM,Jäime ellu Vietnamis | Vlog - osa 5,2023-09-10T16:13:25Z,,22,UCbItthOofdPDAURyXxor5SA,PT14M30S,hd,False,False,,561.0,27.0,0.0,public,youtube,"['https://en.wikipedia.org/wiki/Lifestyle_(sociology)', 'https://en.wikipedia.org/wiki/Tourism']"
DwrGCkh8XhQ,15 tundi rongisõitu Vietnamis | Vlog - osa 4,2023-09-03T15:00:15Z,,22,UCbItthOofdPDAURyXxor5SA,PT10M37S,hd,False,False,,537.0,33.0,2.0,public,youtube,"['https://en.wikipedia.org/wiki/Lifestyle_(sociology)', 'https://en.wikipedia.org/wiki/Tourism']"
5KajkfA12Tc,Vietnamis juuksuris | Möllame uues linnas | Vlog - osa 3,2023-08-27T15:00:03Z,,22,UCbItthOofdPDAURyXxor5SA,PT12M43S,hd,False,False,,625.0,22.0,2.0,public,youtube,"['https://en.wikipedia.org/wiki/Lifestyle_(sociology)', 'https://en.wikipedia.org/wiki/Tourism']"
mEQNUYhQTxI,Joome kobra veini | maailma pikim köisraudtee | Vlog - osa 2,2023-08-20T15:00:38Z,,22,UCbItthOofdPDAURyXxor5SA,PT15M11S,hd,False,False,,875.0,34.0,8.0,public,youtube,"['https://en.wikipedia.org/wiki/Lifestyle_(sociology)', 'https://en.wikipedia.org/wiki/Tourism']"
nNRqkrmmK3Y,Avastame Vietnami ja naudime ööelu | Osa 1,2023-08-13T15:00:43Z,,22,UCbItthOofdPDAURyXxor5SA,PT12M45S,hd,False,False,,1106.0,35.0,2.0,public,youtube,"['https://en.wikipedia.org/wiki/Lifestyle_(sociology)', 'https://en.wikipedia.org/wiki/Tourism']"
AAARZjHFtw0,Ööbime järve üksikul saarel ja kalastame paadiga,2023-06-15T16:00:06Z,"['Telkimine', 'kalastus', 'ellujäämine', 'sõbrad', 'naised', 'pidu', 'eesti', 'loodus', 'kalad', 'ööbimine', 'matkamine']",22,UCbItthOofdPDAURyXxor5SA,PT17M37S,hd,False,False,,1286.0,30.0,4.0,public,youtube,"['https://en.wikipedia.org/wiki/Hobby', 'https://en.wikipedia.org/wiki/Lifestyle_(sociology)']"
JcwEZs5ZrmI,Kevadine naljalaager metsas semudega!,2023-04-26T15:11:22Z,,22,UCbItthOofdPDAURyXxor5SA,PT16M24S,hd,False,False,,742.0,19.0,0.0,public,youtube,"['https://en.wikipedia.org/wiki/Lifestyle_(sociology)', 'https://en.wikipedia.org/wiki/Tourism']"
sis9J3mGQMA,Talitelkimine üksinda -9°C metsas | SOLO Winter Camping | ASMR,2022-12-04T20:14:25Z,,22,UCbItthOofdPDAURyXxor5SA,PT11M16S,hd,False,False,,3100.0,59.0,9.0,public,youtube,"['https://en.wikipedia.org/wiki/Hobby', 'https://en.wikipedia.org/wiki/Lifestyle_(sociology)', 'https://en.wikipedia.org/wiki/Tourism']"
kCHtciYn-Ak,Läätse - porgandi püreesupp #veganrecipes #veganfood #vegan #recipe #healthyfood #food,2025-04-07T08:07:33Z,,22,UCC9i20PvXcbDhiWnKwv3tww,PT30S,hd,False,False,,19.0,0.0,0.0,public,youtube,"['https://en.wikipedia.org/wiki/Food', 'https://en.wikipedia.org/wiki/Lifestyle_(sociology)']"
W-qZ5M5-M5k,Loodusvägi kreemine pastasalat,2025-04-07T08:04:58Z,,22,UCC9i20PvXcbDhiWnKwv3tww,PT34S,hd,False,False,,32.0,0.0,0.0,public,youtube,"['https://en.wikipedia.org/wiki/Food', 'https://en.wikipedia.org/wiki/Lifestyle_(sociology)']"
X2UWYPlFx9I,Loodusvägi - Chilli sin carne 🌶,2024-12-24T09:59:18Z,,22,UCC9i20PvXcbDhiWnKwv3tww,PT31S,hd,False,False,,15.0,4.0,0.0,public,youtube,"['https://en.wikipedia.org/wiki/Food', 'https://en.wikipedia.org/wiki/Lifestyle_(sociology)']"
nU86RE9_0ro,Loodusvägi kinoa - kaerahelbepuder kaneelise pirniga,2024-12-21T15:09:59Z,,22,UCC9i20PvXcbDhiWnKwv3tww,PT33S,hd,False,False,,2866.0,7.0,0.0,public,youtube,"['https://en.wikipedia.org/wiki/Food', 'https://en.wikipedia.org/wiki/Lifestyle_(sociology)']"
RDR8zC7VBjw,Loodusvägi pastaroog baklažaaniga 🍆,2024-12-21T15:04:29Z,,22,UCC9i20PvXcbDhiWnKwv3tww,PT34S,hd,False,False,,217.0,5.0,0.0,public,youtube,"['https://en.wikipedia.org/wiki/Food', 'https://en.wikipedia.org/wiki/Lifestyle_(sociology)']"
4kyagmTKdtY,Loodusvägi näkileivad särtsaka guacamolega,2024-12-21T12:47:36Z,,22,UCC9i20PvXcbDhiWnKwv3tww,PT28S,hd,False,False,,4476.0,13.0,0.0,public,youtube,"['https://en.wikipedia.org/wiki/Food', 'https://en.wikipedia.org/wiki/Lifestyle_(sociology)']"
zL_KFkd8Dkc,Loodusvägi hirsi-köögiviljakotletid 🌾,2024-12-21T12:35:13Z,,22,UCC9i20PvXcbDhiWnKwv3tww,PT57S,hd,False,False,,11.0,5.0,0.0,public,youtube,"['https://en.wikipedia.org/wiki/Food', 'https://en.wikipedia.org/wiki/Lifestyle_(sociology)']"
NmyujmcL63E,Loodusvägi Chia puding,2024-12-21T12:23:06Z,,22,UCC9i20PvXcbDhiWnKwv3tww,PT28S,hd,False,False,,10.0,4.0,0.0,public,youtube,"['https://en.wikipedia.org/wiki/Food', 'https://en.wikipedia.org/wiki/Lifestyle_(sociology)']"
a855w_bnXAM,Loodusvägi maapähkli-kookose jäätis 🍨,2024-12-21T11:49:02Z,"['retseptid', 'loodusvägi', 'kookospiim']",22,UCC9i20PvXcbDhiWnKwv3tww,PT29S,hd,False,False,,1433.0,10.0,0.0,public,youtube,"['https://en.wikipedia.org/wiki/Food', 'https://en.wikipedia.org/wiki/Lifestyle_(sociology)']"
z0jKe8XgdP0,Minecraft Õpetus | Kuidas Minecrafti kiiremaks muuta | Eesti keeles,2021-10-29T17:33:33Z,"['Minecraft eesti keeles', 'Minecraft bedwars eesti keeles', 'Minecraft Eesti', 'Minecraft Eesti keeles osa 1', 'LihtsaltSuper', 'Minecraft Skywars Eesti keeles', 'Minecraft Õpetus', 'Minecraft Õpetus eesti keeles', 'Skywars Eesti keeles', 'minecraft 1.16 survival', 'minecraft survival eesti', 'Rocket League', 'Rocket League Eesti keeles', 'Roblox lets play', 'Growtopia', 'Growtopia Eesti', 'Growtopia Eesti keeles', 'growtopia valentine 2021', 'Minecraft fps boost', 'Kuidas minecrafti kiiiremaks muuta', 'minecraft fps']",20,UCV2rzIuHdS9cY3HmGfLjmDQ,PT4M29S,hd,False,False,,1363.0,22.0,6.0,public,youtube,"['https://en.wikipedia.org/wiki/Role-playing_video_game', 'https://en.wikipedia.org/wiki/Video_game_culture']"
bmoqcLyz_lU,Stream | Erinevad Mängud | Eesti Keeles | Hetkel Overwatch,2021-03-08T16:57:26Z,"['Minecraft eesti keeles', 'Minecraft bedwars eesti keeles', 'Minecraft Eesti', 'Minecraft Eesti keeles osa 1', 'Eesti keeles', 'Minecrafti mänguvideo', 'LihtsaltSuper', 'Mänguväli', 'Minecraft Skywars Eesti keeles', 'Minecraft Õpetus', 'Minecraft Õpetus eesti keeles', 'Skywars Eesti keeles', 'TRISQN', 'SkyWars EZ VÕIT', 'Skywars 100% võit', 'Eesti serverid', 'minecraft survival eesti', 'survival', 'nether 1.16', '1.16 eesti', 'Skyblock eesti keeles', 'Skyblock 1.16', 'Fortnite Eesti keeles', 'Celestial', 'Rust Eesti Keeles']",20,UCV2rzIuHdS9cY3HmGfLjmDQ,PT3H34M40S,hd,False,False,,316.0,15.0,1.0,public,youtube,"['https://en.wikipedia.org/wiki/Action-adventure_game', 'https://en.wikipedia.org/wiki/Action_game', 'https://en.wikipedia.org/wiki/Role-playing_video_game', 'https://en.wikipedia.org/wiki/Strategy_video_game', 'https://en.wikipedia.org/wiki/Video_game_culture']"
sRmjDnFtvkU,Stream | Minecraft | Rust | Fortnite | Eesti Keeles | Hetkel League of legends,2021-03-07T20:15:27Z,"['Minecraft eesti keeles', 'Minecraft bedwars eesti keeles', 'Minecraft Eesti', 'Minecraft Eesti keeles osa 1', 'Eesti keeles', 'Minecrafti mänguvideo', 'LihtsaltSuper', 'Mänguväli', 'Minecraft Skywars Eesti keeles', 'Minecraft Õpetus', 'Minecraft Õpetus eesti keeles', 'Skywars Eesti keeles', 'TRISQN', 'SkyWars EZ VÕIT', 'Skywars 100% võit', 'Eesti serverid', 'minecraft survival eesti', 'survival', 'nether 1.16', '1.16 eesti', 'Skyblock eesti keeles', 'Skyblock 1.16', 'Fortnite Eesti keeles', 'Celestial', 'Rust Eesti Keeles']",20,UCV2rzIuHdS9cY3HmGfLjmDQ,PT4H20M9S,hd,False,False,,204.0,19.0,0.0,public,youtube,"['https://en.wikipedia.org/wiki/Action-adventure_game', 'https://en.wikipedia.org/wiki/Action_game', 'https://en.wikipedia.org/wiki/Role-playing_video_game', 'https://en.wikipedia.org/wiki/Strategy_video_game', 'https://en.wikipedia.org/wiki/Video_game_culture']"
V69M8UT1o20,Pikk Stream | Minecraft | Rust | Fortnite | Eesti Keeles | Hetkel League of Legends,2021-03-05T17:24:05Z,"['Minecraft eesti keeles', 'Minecraft bedwars eesti keeles', 'Minecraft Eesti', 'Minecraft Eesti keeles osa 1', 'Eesti keeles', 'Minecrafti mänguvideo', 'LihtsaltSuper', 'Mänguväli', 'Minecraft Skywars Eesti keeles', 'Minecraft Õpetus', 'Minecraft Õpetus eesti keeles', 'Skywars Eesti keeles', 'TRISQN', 'SkyWars EZ VÕIT', 'Skywars 100% võit', 'Eesti serverid', 'minecraft survival eesti', 'survival', 'nether 1.16', '1.16 eesti', 'Skyblock eesti keeles', 'Skyblock 1.16', 'Fortnite Eesti keeles', 'Celestial', 'Rust Eesti Keeles']",20,UCV2rzIuHdS9cY3HmGfLjmDQ,PT6H53M51S,hd,False,False,,275.0,18.0,0.0,public,youtube,"['https://en.wikipedia.org/wiki/Action-adventure_game', 'https://en.wikipedia.org/wiki/Action_game', 'https://en.wikipedia.org/wiki/Role-playing_video_game', 'https://en.wikipedia.org/wiki/Simulation_video_game', 'https://en.wikipedia.org/wiki/Strategy_video_game', 'https://en.wikipedia.org/wiki/Video_game_culture']"
i8mLl_qK1lc,Growtopia | Valentine's Day | Avame 100 Valentiini kasti | Eesti keeles,2021-02-14T14:05:03Z,"['Minecraft eesti keeles', 'Minecraft bedwars eesti keeles', 'Minecraft Eesti', 'Minecraft Eesti keeles osa 1', 'LihtsaltSuper', 'Minecraft Skywars Eesti keeles', 'Minecraft Õpetus', 'Minecraft Õpetus eesti keeles', 'Skywars Eesti keeles', 'minecraft 1.16 survival', 'minecraft survival eesti', 'EST', 'Rocket League', 'Rocket League Eesti keeles', 'Roblox', 'Roblox Eesti keeles', 'Roblox lets play', 'Growtopia', 'Growtopia Eesti', 'Growtopia Eesti keeles', 'Growtopia Valentine', 'growtopia valentine 2021', 'Golden booty box']",20,UCV2rzIuHdS9cY3HmGfLjmDQ,PT11M31S,hd,False,False,,1314.0,38.0,39.0,public,youtube,"['https://en.wikipedia.org/wiki/Casual_game', 'https://en.wikipedia.org/wiki/Role-playing_video_game', 'https://en.wikipedia.org/wiki/Simulation_video_game', 'https://en.wikipedia.org/wiki/Strategy_video_game', 'https://en.wikipedia.org/wiki/Video_game_culture']"
xA1bOZv-7uk,Kuidas Teha Survival Minecraft 1.16 server Speedrun | Eesti Keeles | Loos,2020-12-19T01:15:16Z,"['Minecraft eesti keeles', 'Minecraft bedwars eesti keeles', 'Minecraft Eesti', 'Minecraft Eesti keeles osa 1', 'Eesti keeles', 'Minecrafti mänguvideo', 'LihtsaltSuper', 'Mänguväli', 'Minecraft Skywars Eesti keeles', 'Minecraft Õpetus', 'Minecraft Õpetus eesti keeles', 'Skywars Eesti keeles', 'TRISQN', 'throne', 'SkyWars EZ VÕIT', 'Skywars 100% võit', 'Eesti serverid', 'kuubik', 'mc.kuubik.eu', 'minecraft survival eesti', 'survival', 'nether 1.16', '1.16 eesti', 'Pame', 'Skyblock eesti keeles', 'Pame minecraft', 'Skyblock 1.16', 'Halloween']",20,UCV2rzIuHdS9cY3HmGfLjmDQ,PT1H10M5S,hd,False,False,,429.0,11.0,2.0,public,youtube,"['https://en.wikipedia.org/wiki/Action-adventure_game', 'https://en.wikipedia.org/wiki/Role-playing_video_game', 'https://en.wikipedia.org/wiki/Simulation_video_game', 'https://en.wikipedia.org/wiki/Video_game_culture']"
bD_NGhQ8Vl8,Growtopia | Kuidas ehitada farm maailm | Õpetus | LOOS |Eesti keeles,2020-11-09T18:01:50Z,"['Minecraft eesti keeles', 'Minecraft bedwars eesti keeles', 'Minecraft Eesti', 'Minecraft Eesti keeles osa 1', 'Eesti keeles', 'LihtsaltSuper', 'Mänguväli', 'Minecraft Skywars Eesti keeles', 'Minecraft Õpetus', 'Minecraft Õpetus eesti keeles', 'Skywars Eesti keeles', 'SkyWars EZ VÕIT', 'minecraft 1.16 survival', 'minecraft survival eesti', 'küsimused ja vastused', 'EST', 'Rocket League', 'Rocket League Eesti keeles', 'Roblox', 'Roblox Eesti keeles', 'Roblox lets play', 'Growtopia', 'Growtopia Eesti', 'Growtopia Eesti keeles']",20,UCV2rzIuHdS9cY3HmGfLjmDQ,PT28M43S,hd,False,False,,2528.0,59.0,41.0,public,youtube,"['https://en.wikipedia.org/wiki/Role-playing_video_game', 'https://en.wikipedia.org/wiki/Simulation_video_game', 'https://en.wikipedia.org/wiki/Strategy_video_game', 'https://en.wikipedia.org/wiki/Video_game_culture']"
168i5vgeer0,"Minecraft LihtsaltVanilla | ""Loitsud ja must maagia"" | Osa 5 |  Eesti keeles",2020-11-05T19:40:23Z,"['Minecraft eesti keeles', 'Minecraft bedwars eesti keeles', 'Minecraft Eesti', 'Minecraft Eesti keeles osa 1', 'Eesti keeles', 'Minecrafti mänguvideo', 'LihtsaltSuper', 'Mänguväli', 'Minecraft Skywars Eesti keeles', 'Minecraft Õpetus', 'Minecraft Õpetus eesti keeles', 'Skywars Eesti keeles', 'TRISQN', 'throne', 'SkyWars EZ VÕIT', 'Skywars 100% võit', 'Eesti serverid', 'kuubik', 'mc.kuubik.eu', 'minecraft survival eesti', 'survival', 'nether 1.16', '1.16 eesti', 'Pame', 'Skyblock eesti keeles', 'Pame minecraft', 'Skyblock 1.16', 'Halloween']",20,UCV2rzIuHdS9cY3HmGfLjmDQ,PT2H41M2S,hd,False,False,,214.0,16.0,0.0,public,youtube,"['https://en.wikipedia.org/wiki/Action-adventure_game', 'https://en.wikipedia.org/wiki/Role-playing_video_game', 'https://en.wikipedia.org/wiki/Video_game_culture']"
6Qi4eZ12Peo,"Minecraft LihtsaltVanilla | ""Slime farmi ehitamine"" | Osa 4 |  Eesti keeles",2020-11-01T18:12:18Z,"['Minecraft eesti keeles', 'Minecraft bedwars eesti keeles', 'Minecraft Eesti', 'Minecraft Eesti keeles osa 1', 'Eesti keeles', 'Minecrafti mänguvideo', 'LihtsaltSuper', 'Mänguväli', 'Minecraft Skywars Eesti keeles', 'Minecraft Õpetus', 'Minecraft Õpetus eesti keeles', 'Skywars Eesti keeles', 'TRISQN', 'throne', 'SkyWars EZ VÕIT', 'Skywars 100% võit', 'Eesti serverid', 'kuubik', 'mc.kuubik.eu', 'minecraft survival eesti', 'survival', 'nether 1.16', '1.16 eesti', 'Pame', 'Skyblock eesti keeles', 'Pame minecraft', 'Skyblock 1.16', 'Halloween']",20,UCV2rzIuHdS9cY3HmGfLjmDQ,PT2H53M35S,hd,False,False,,126.0,12.0,0.0,public,youtube,"['https://en.wikipedia.org/wiki/Action-adventure_game', 'https://en.wikipedia.org/wiki/Role-playing_video_game', 'https://en.wikipedia.org/wiki/Video_game_culture']"
UUgl5nO92n0,"Minecraft LihtsaltVanilla | ""Halloweeni eri"" | Osa 3 |  Eesti keeles",2020-10-31T18:19:35Z,"['Minecraft eesti keeles', 'Minecraft bedwars eesti keeles', 'Minecraft Eesti', 'Minecraft Eesti keeles osa 1', 'Eesti keeles', 'Minecrafti mänguvideo', 'LihtsaltSuper', 'Mänguväli', 'Minecraft Skywars Eesti keeles', 'Minecraft Õpetus', 'Minecraft Õpetus eesti keeles', 'Skywars Eesti keeles', 'TRISQN', 'throne', 'SkyWars EZ VÕIT', 'Skywars 100% võit', 'Eesti serverid', 'kuubik', 'mc.kuubik.eu', 'minecraft survival eesti', 'survival', 'nether 1.16', '1.16 eesti', 'Pame', 'Skyblock eesti keeles', 'Pame minecraft', 'Skyblock 1.16', 'Halloween']",20,UCV2rzIuHdS9cY3HmGfLjmDQ,PT2H51M28S,hd,False,False,,182.0,17.0,0.0,public,youtube,"['https://en.wikipedia.org/wiki/Action-adventure_game', 'https://en.wikipedia.org/wiki/Role-playing_video_game', 'https://en.wikipedia.org/wiki/Video_game_culture']"
VjRthe__8I0,Growtopia | Mullast rikkuseni | Edusammud | Osa 1 | Eesti keeles,2020-10-31T05:30:00Z,"['Minecraft eesti keeles', 'Minecraft bedwars eesti keeles', 'Minecraft Eesti', 'Minecraft Eesti keeles osa 1', 'Eesti keeles', 'LihtsaltSuper', 'Mänguväli', 'Minecraft Skywars Eesti keeles', 'Minecraft Õpetus', 'Minecraft Õpetus eesti keeles', 'Skywars Eesti keeles', 'SkyWars EZ VÕIT', 'minecraft 1.16 survival', 'minecraft survival eesti', 'küsimused ja vastused', 'EST', 'Rocket League', 'Rocket League Eesti keeles', 'Roblox', 'Roblox Eesti keeles', 'Roblox lets play', 'Growtopia', 'Growtopia Eesti', 'Growtopia Eesti keeles']",20,UCV2rzIuHdS9cY3HmGfLjmDQ,PT21M16S,hd,False,False,,1454.0,32.0,31.0,public,youtube,"['https://en.wikipedia.org/wiki/Role-playing_video_game', 'https://en.wikipedia.org/wiki/Strategy_video_game', 'https://en.wikipedia.org/wiki/Video_game_culture']"
vAkukjxZGMs,Among us | Eesti keeles | Keegi on meie seas,2020-10-26T05:13:16Z,"['Minecraft eesti keeles', 'Minecraft bedwars eesti keeles', 'Minecraft Eesti', 'Minecraft Eesti keeles osa 1', 'Eesti keeles', 'Minecrafti mänguvideo', 'LihtsaltSuper', 'Mänguväli', 'Minecraft Skywars Eesti keeles', 'Minecraft Õpetus', 'Minecraft Õpetus eesti keeles', 'Skywars Eesti keeles', 'TRISQN', 'throne', 'SkyWars EZ VÕIT', 'Skywars 100% võit', 'Eesti serverid', 'kuubik', 'mc.kuubik.eu', 'minecraft survival eesti', 'survival', 'nether 1.16', '1.16 eesti', 'Pame', 'Skyblock eesti keeles', 'Pame minecraft', 'Skyblock', 'Skyblock 1.16']",20,UCV2rzIuHdS9cY3HmGfLjmDQ,PT1H26M50S,hd,False,False,,132.0,10.0,1.0,public,youtube,"['https://en.wikipedia.org/wiki/Action-adventure_game', 'https://en.wikipedia.org/wiki/Casual_game', 'https://en.wikipedia.org/wiki/Role-playing_video_game', 'https://en.wikipedia.org/wiki/Strategy_video_game', 'https://en.wikipedia.org/wiki/Video_game_culture']"
mjQ0yNKU0s8,"Minecraft LihtsaltVanilla | ""Arhitektid mõllamas"" | Osa 2 |  Eesti keeles",2020-10-25T11:27:46Z,"['Minecraft eesti keeles', 'Minecraft bedwars eesti keeles', 'Minecraft Eesti', 'Minecraft Eesti keeles osa 1', 'Eesti keeles', 'Minecrafti mänguvideo', 'LihtsaltSuper', 'Mänguväli', 'Minecraft Skywars Eesti keeles', 'Minecraft Õpetus', 'Minecraft Õpetus eesti keeles', 'Skywars Eesti keeles', 'TRISQN', 'throne', 'SkyWars EZ VÕIT', 'Skywars 100% võit', 'Eesti serverid', 'kuubik', 'mc.kuubik.eu', 'minecraft survival eesti', 'survival', 'nether 1.16', '1.16 eesti', 'Pame', 'Skyblock eesti keeles', 'Pame minecraft', 'Skyblock', 'Skyblock 1.16']",20,UCV2rzIuHdS9cY3HmGfLjmDQ,PT2H16M51S,hd,False,False,,124.0,9.0,1.0,public,youtube,"['https://en.wikipedia.org/wiki/Action-adventure_game', 'https://en.wikipedia.org/wiki/Casual_game', 'https://en.wikipedia.org/wiki/Role-playing_video_game', 'https://en.wikipedia.org/wiki/Video_game_culture']"
MbyyDLBPSv4,"Minecraft LihtsaltVanilla | ""Iga algus on erinev"" | Osa 1 |  Eesti keeles",2020-10-24T11:23:40Z,"['Minecraft eesti keeles', 'Minecraft bedwars eesti keeles', 'Minecraft Eesti', 'Minecraft Eesti keeles osa 1', 'Eesti keeles', 'Minecrafti mänguvideo', 'LihtsaltSuper', 'Mänguväli', 'Minecraft Skywars Eesti keeles', 'Minecraft Õpetus', 'Minecraft Õpetus eesti keeles', 'Skywars Eesti keeles', 'TRISQN', 'throne', 'SkyWars EZ VÕIT', 'Skywars 100% võit', 'Eesti serverid', 'kuubik', 'mc.kuubik.eu', 'minecraft survival eesti', 'survival', 'nether 1.16', '1.16 eesti', 'Pame', 'Skyblock eesti keeles', 'Pame minecraft', 'Skyblock', 'Skyblock 1.16']",20,UCV2rzIuHdS9cY3HmGfLjmDQ,PT2H29M1S,hd,False,False,,233.0,18.0,7.0,public,youtube,"['https://en.wikipedia.org/wiki/Action-adventure_game', 'https://en.wikipedia.org/wiki/Casual_game', 'https://en.wikipedia.org/wiki/Role-playing_video_game', 'https://en.wikipedia.org/wiki/Video_game_culture']"
Cl-m88jzpnU,"Minecraft Pame survival | ""Pankur Kevin tegutseb taas"" |  Eesti keeles",2020-10-23T17:24:06Z,"['Minecraft eesti keeles', 'Minecraft bedwars eesti keeles', 'Minecraft Eesti', 'Minecraft Eesti keeles osa 1', 'Eesti keeles', 'Minecrafti mänguvideo', 'LihtsaltSuper', 'Mänguväli', 'Minecraft Skywars Eesti keeles', 'Minecraft Õpetus', 'Minecraft Õpetus eesti keeles', 'Skywars Eesti keeles', 'TRISQN', 'throne', 'SkyWars EZ VÕIT', 'Skywars 100% võit', 'Eesti serverid', 'kuubik', 'mc.kuubik.eu', 'minecraft survival eesti', 'survival', 'nether 1.16', '1.16 eesti', 'Pame', 'Skyblock eesti keeles', 'Pame minecraft', 'Skyblock', 'Skyblock 1.16']",20,UCV2rzIuHdS9cY3HmGfLjmDQ,PT4H43M35S,hd,False,False,,335.0,14.0,6.0,public,youtube,"['https://en.wikipedia.org/wiki/Action-adventure_game', 'https://en.wikipedia.org/wiki/Role-playing_video_game', 'https://en.wikipedia.org/wiki/Strategy_video_game', 'https://en.wikipedia.org/wiki/Video_game_culture']"
sOtHTUMPa1E,"Minecraft Pame survival | ""Kaevur Mati vägiteod"" |  Eesti keeles",2020-10-22T16:51:23Z,"['Minecraft eesti keeles', 'Minecraft bedwars eesti keeles', 'Minecraft Eesti', 'Minecraft Eesti keeles osa 1', 'Eesti keeles', 'Minecrafti mänguvideo', 'LihtsaltSuper', 'Mänguväli', 'Minecraft Skywars Eesti keeles', 'Minecraft Õpetus', 'Minecraft Õpetus eesti keeles', 'Skywars Eesti keeles', 'TRISQN', 'throne', 'SkyWars EZ VÕIT', 'Skywars 100% võit', 'Eesti serverid', 'kuubik', 'mc.kuubik.eu', 'minecraft survival eesti', 'survival', 'nether 1.16', '1.16 eesti', 'Pame', 'Skyblock eesti keeles', 'Pame minecraft', 'Skyblock', 'Skyblock 1.16']",20,UCV2rzIuHdS9cY3HmGfLjmDQ,PT3H15M43S,hd,False,False,,207.0,10.0,2.0,public,youtube,"['https://en.wikipedia.org/wiki/Action-adventure_game', 'https://en.wikipedia.org/wiki/Casual_game', 'https://en.wikipedia.org/wiki/Role-playing_video_game', 'https://en.wikipedia.org/wiki/Video_game_culture']"
U3aB3Swq9Y4,Robloxi taevasaared | Hea algus | Osa 1 | Eesti keeles,2020-10-22T04:00:05Z,"['Minecraft eesti keeles', 'Minecraft bedwars eesti keeles', 'Minecraft Eesti', 'Minecraft Eesti keeles osa 1', 'Eesti keeles', 'Minecrafti mänguvideo', 'LihtsaltSuper', 'Mänguväli', 'Minecraft Skywars Eesti keeles', 'Minecraft Õpetus', 'Minecraft Õpetus eesti keeles', 'Skywars Eesti keeles', 'TRISQN', 'SkyWars EZ VÕIT', 'kuubik', 'minecraft 1.16 survival', 'minecraft survival eesti', 'survival', 'küsimused ja vastused', 'EST', 'Rocket League', 'Rocket League Eesti keeles', 'Roblox', 'Roblox Eesti keeles', 'Roblox lets play', 'EESTI']",20,UCV2rzIuHdS9cY3HmGfLjmDQ,PT24M,hd,False,False,,287.0,18.0,12.0,public,youtube,"['https://en.wikipedia.org/wiki/Action-adventure_game', 'https://en.wikipedia.org/wiki/Puzzle_video_game', 'https://en.wikipedia.org/wiki/Role-playing_video_game', 'https://en.wikipedia.org/wiki/Simulation_video_game', 'https://en.wikipedia.org/wiki/Strategy_video_game', 'https://en.wikipedia.org/wiki/Video_game_culture']"
RyOK6F5EjnI,"Minecraft Pame survival | ""Ehitame Warpi"" |  Eesti keeles",2020-10-21T17:17:00Z,"['Minecraft eesti keeles', 'Minecraft bedwars eesti keeles', 'Minecraft Eesti', 'Minecraft Eesti keeles osa 1', 'Eesti keeles', 'Minecrafti mänguvideo', 'LihtsaltSuper', 'Mänguväli', 'Minecraft Skywars Eesti keeles', 'Minecraft Õpetus', 'Minecraft Õpetus eesti keeles', 'Skywars Eesti keeles', 'TRISQN', 'throne', 'SkyWars EZ VÕIT', 'Skywars 100% võit', 'Eesti serverid', 'kuubik', 'mc.kuubik.eu', 'minecraft survival eesti', 'survival', 'nether 1.16', '1.16 eesti', 'Pame', 'Skyblock eesti keeles', 'Pame minecraft', 'Skyblock', 'Skyblock 1.16']",20,UCV2rzIuHdS9cY3HmGfLjmDQ,PT5H8M28S,hd,False,False,,178.0,5.0,1.0,public,youtube,"['https://en.wikipedia.org/wiki/Action-adventure_game', 'https://en.wikipedia.org/wiki/Role-playing_video_game', 'https://en.wikipedia.org/wiki/Simulation_video_game', 'https://en.wikipedia.org/wiki/Strategy_video_game', 'https://en.wikipedia.org/wiki/Video_game_culture']"
v6UorBE_W9E,Rocket League | Võitmatud | Eesti keeles,2020-10-18T02:00:09Z,"['Minecraft eesti keeles', 'Minecraft bedwars eesti keeles', 'SuperRaven', 'Minecraft Eesti', 'Minecraft Eesti keeles osa 1', 'Eesti keeles', 'Minecrafti mänguvideo', 'LihtsaltSuper', 'Mänguväli', 'Minecraft Skywars Eesti keeles', 'Minecraft Õpetus', 'Minecraft Õpetus eesti keeles', 'Skywars Eesti keeles', 'TRISQN', 'throne', 'SkyWars EZ VÕIT', 'Skywars 100% võit', 'Eesti serverid', 'kuubik', 'minecraft 1.16 survival', 'minecraft survival eesti', 'survival', 'küsimused ja vastused', 'EST', 'Rocket League', 'Rocket League Eesti keeles']",20,UCV2rzIuHdS9cY3HmGfLjmDQ,PT11M23S,hd,False,False,,1560.0,43.0,18.0,public,youtube,"['https://en.wikipedia.org/wiki/Action_game', 'https://en.wikipedia.org/wiki/Racing_video_game', 'https://en.wikipedia.org/wiki/Sports_game', 'https://en.wikipedia.org/wiki/Video_game_culture']"
ukI2lYPIcTU,"Minecraft Pame survival | ""Küla ehitus"" |  Eesti keeles",2020-10-17T12:38:44Z,"['Minecraft eesti keeles', 'Minecraft bedwars eesti keeles', 'Minecraft Eesti', 'Minecraft Eesti keeles osa 1', 'Eesti keeles', 'Minecrafti mänguvideo', 'LihtsaltSuper', 'Mänguväli', 'Minecraft Skywars Eesti keeles', 'Minecraft Õpetus', 'Minecraft Õpetus eesti keeles', 'Skywars Eesti keeles', 'TRISQN', 'throne', 'SkyWars EZ VÕIT', 'Skywars 100% võit', 'Eesti serverid', 'kuubik', 'mc.kuubik.eu', 'minecraft survival eesti', 'survival', 'nether 1.16', '1.16 eesti', 'Pame', 'Skyblock eesti keeles', 'Pame minecraft', 'Skyblock', 'Skyblock 1.16']",20,UCV2rzIuHdS9cY3HmGfLjmDQ,PT2H34M6S,hd,False,False,,246.0,12.0,2.0,public,youtube,"['https://en.wikipedia.org/wiki/Action-adventure_game', 'https://en.wikipedia.org/wiki/Role-playing_video_game', 'https://en.wikipedia.org/wiki/Video_game_culture']"
2PupPlFwt90,"Minecraft ja kõike muud | ""Pühapäeva pela"" |  Eesti keeles",2020-10-11T11:38:38Z,"['Minecraft eesti keeles', 'Minecraft bedwars eesti keeles', 'Minecraft Eesti', 'Minecraft Eesti keeles osa 1', 'Eesti keeles', 'Minecrafti mänguvideo', 'LihtsaltSuper', 'Mänguväli', 'Minecraft Skywars Eesti keeles', 'Minecraft Õpetus', 'Minecraft Õpetus eesti keeles', 'Skywars Eesti keeles', 'TRISQN', 'throne', 'SkyWars EZ VÕIT', 'Skywars 100% võit', 'Eesti serverid', 'kuubik', 'mc.kuubik.eu', 'minecraft survival eesti', 'survival', 'nether 1.16', '1.16 eesti', 'Pame', 'Skyblock eesti keeles', 'Pame minecraft', 'Skyblock', 'Skyblock 1.16']",20,UCV2rzIuHdS9cY3HmGfLjmDQ,PT2H15M47S,hd,False,False,,104.0,12.0,2.0,public,youtube,"['https://en.wikipedia.org/wiki/Action-adventure_game', 'https://en.wikipedia.org/wiki/Role-playing_video_game', 'https://en.wikipedia.org/wiki/Video_game_culture']"
qIzaoSf1WRA,Küsimused & Vastused | Kas plaanite teha enda serveri?,2020-10-05T10:00:13Z,"['Minecraft eesti keeles', 'Minecraft bedwars eesti keeles', 'SuperRaven', 'Minecraft Eesti', 'Minecraft Eesti keeles osa 1', 'Eesti keeles', 'Mänguvideod', 'Minecrafti mänguvideo', 'LihtsaltSuper', 'Video eesti keeles', 'Mänguväli', 'Minecraft Skywars Eesti keeles', 'Minecraft Õpetus', 'Minecraft Õpetus eesti keeles', 'Skywars Eesti keeles', 'TRISQN', 'throne', 'SkyWars EZ VÕIT', 'Skywars 100% võit', 'Eesti serverid', 'kuubik', 'mc.kuubik.eu', 'minecraft 1.16 survival', 'minecraft survival eesti', 'survival', 'küsimused ja vastused', 'EST']",20,UCV2rzIuHdS9cY3HmGfLjmDQ,PT9M47S,hd,False,False,,211.0,20.0,12.0,public,youtube,"['https://en.wikipedia.org/wiki/Role-playing_video_game', 'https://en.wikipedia.org/wiki/Video_game_culture']"
8FVGLn4jkag,Minecraft Survival | Põrgumaja? | Osa 4 | Eesti keeles,2020-10-03T06:00:00Z,"['Minecraft eesti keeles', 'Minecraft bedwars eesti keeles', 'SuperRaven', 'Minecraft Eesti', 'Minecraft Eesti keeles osa 1', 'Eesti keeles', 'Mänguvideod', 'Minecrafti mänguvideo', 'LihtsaltSuper', 'Video eesti keeles', 'Mänguväli', 'Minecraft Skywars Eesti keeles', 'Minecraft Õpetus', 'Minecraft Õpetus eesti keeles', 'Skywars Eesti keeles', 'TRISQN', 'throne', 'SkyWars EZ VÕIT', 'Skywars 100% võit', 'Eesti serverid', 'kuubik', 'mc.kuubik.eu', 'minecraft 1.16 survival', 'minecraft survival eesti', 'survival', 'nether 1.16', '1.16 eesti']",20,UCV2rzIuHdS9cY3HmGfLjmDQ,PT21M41S,hd,False,False,,188.0,28.0,8.0,public,youtube,"['https://en.wikipedia.org/wiki/Action-adventure_game', 'https://en.wikipedia.org/wiki/Action_game', 'https://en.wikipedia.org/wiki/Role-playing_video_game', 'https://en.wikipedia.org/wiki/Simulation_video_game', 'https://en.wikipedia.org/wiki/Strategy_video_game', 'https://en.wikipedia.org/wiki/Video_game_culture']"
HwltdSVPKaU,"Minecraft PAME survival 1.16.3 | ""Ehitame küla"" |  Eesti keeles",2020-09-26T11:47:33Z,"['Minecraft eesti keeles', 'Minecraft bedwars eesti keeles', 'Minecraft Eesti', 'Minecraft Eesti keeles osa 1', 'Eesti keeles', 'Minecrafti mänguvideo', 'LihtsaltSuper', 'Mänguväli', 'Minecraft Skywars Eesti keeles', 'Minecraft Õpetus', 'Minecraft Õpetus eesti keeles', 'Skywars Eesti keeles', 'TRISQN', 'throne', 'SkyWars EZ VÕIT', 'Skywars 100% võit', 'Eesti serverid', 'kuubik', 'mc.kuubik.eu', 'minecraft survival eesti', 'survival', 'nether 1.16', '1.16 eesti', 'Pame', 'Skyblock eesti keeles', 'Pame minecraft', 'Skyblock', 'Skyblock 1.16']",20,UCV2rzIuHdS9cY3HmGfLjmDQ,PT3H17M19S,hd,False,False,,171.0,14.0,0.0,public,youtube,"['https://en.wikipedia.org/wiki/Action-adventure_game', 'https://en.wikipedia.org/wiki/Role-playing_video_game', 'https://en.wikipedia.org/wiki/Video_game_culture']"
aRoXGbsTVrc,Minecraft SkyWars | Kuidas me võidame?  | Eesti keeles,2020-09-25T14:00:11Z,"['Minecraft eesti keeles', 'Minecraft bedwars eesti keeles', 'Minecraft Eesti', 'Minecraft Eesti keeles osa 1', 'Eesti keeles', 'Minecrafti mänguvideo', 'LihtsaltSuper', 'Mänguväli', 'Minecraft Skywars Eesti keeles', 'Minecraft Õpetus', 'Minecraft Õpetus eesti keeles', 'Skywars Eesti keeles', 'TRISQN', 'throne', 'SkyWars EZ VÕIT', 'Skywars 100% võit', 'Eesti serverid', 'kuubik', 'mc.kuubik.eu', 'minecraft survival eesti', 'survival', 'nether 1.16', '1.16 eesti', 'Pame', 'Skyblock eesti keeles', 'Pame minecraft', 'Skyblock', 'Skyblock 1.16']",20,UCV2rzIuHdS9cY3HmGfLjmDQ,PT3M5S,hd,False,False,,894.0,28.0,5.0,public,youtube,"['https://en.wikipedia.org/wiki/Action-adventure_game', 'https://en.wikipedia.org/wiki/Role-playing_video_game', 'https://en.wikipedia.org/wiki/Strategy_video_game', 'https://en.wikipedia.org/wiki/Video_game_culture']"
_dHbDVrdms4,Minecraft 1.16.3 | Mängud | Survial | Loosisime võitjad | 100 tellija eri | Täispikk | Eesti Keeles,2020-09-20T17:36:10Z,"['minecraft eesti keeles', 'minecraft', 'eesti', 'eesti keeles', '1.16', 'nether uuendus', 'pame', 'lihtsaltsuper', 'netherite', 'teemand', 'survival', 'survival eesti keeles']",20,UCV2rzIuHdS9cY3HmGfLjmDQ,PT2H58M3S,hd,False,False,,82.0,8.0,0.0,public,youtube,"['https://en.wikipedia.org/wiki/Action-adventure_game', 'https://en.wikipedia.org/wiki/Role-playing_video_game', 'https://en.wikipedia.org/wiki/Video_game_culture']"
N9RmHl0_8eE,"Minecraft Skyblock | ""Lihtne kolli farm"" | Osa 3 | Eesti keeles",2020-09-20T09:52:32Z,"['Minecraft eesti keeles', 'Minecraft bedwars eesti keeles', 'Minecraft Eesti', 'Minecraft Eesti keeles osa 1', 'Eesti keeles', 'Minecrafti mänguvideo', 'LihtsaltSuper', 'Mänguväli', 'Minecraft Skywars Eesti keeles', 'Minecraft Õpetus', 'Minecraft Õpetus eesti keeles', 'Skywars Eesti keeles', 'TRISQN', 'throne', 'SkyWars EZ VÕIT', 'Skywars 100% võit', 'Eesti serverid', 'kuubik', 'mc.kuubik.eu', 'minecraft survival eesti', 'survival', 'nether 1.16', '1.16 eesti', 'Pame', 'Skyblock eesti keeles', 'Pame minecraft', 'Skyblock', 'Skyblock 1.16']",20,UCV2rzIuHdS9cY3HmGfLjmDQ,PT23M14S,hd,False,False,,209.0,25.0,6.0,public,youtube,"['https://en.wikipedia.org/wiki/Action-adventure_game', 'https://en.wikipedia.org/wiki/Role-playing_video_game', 'https://en.wikipedia.org/wiki/Simulation_video_game', 'https://en.wikipedia.org/wiki/Strategy_video_game', 'https://en.wikipedia.org/wiki/Video_game_culture']"
A6h6XT8-pa8,"Minecraft Skyblock | ""Niisama tiks"" | Osa 2 | Eesti keeles",2020-08-24T16:59:40Z,"['Minecraft eesti keeles', 'Minecraft bedwars eesti keeles', 'Minecraft Eesti', 'Minecraft Eesti keeles osa 1', 'Eesti keeles', 'Minecrafti mänguvideo', 'LihtsaltSuper', 'Mänguväli', 'Minecraft Skywars Eesti keeles', 'Minecraft Õpetus', 'Minecraft Õpetus eesti keeles', 'Skywars Eesti keeles', 'TRISQN', 'throne', 'SkyWars EZ VÕIT', 'Skywars 100% võit', 'Eesti serverid', 'kuubik', 'mc.kuubik.eu', 'minecraft survival eesti', 'survival', 'nether 1.16', '1.16 eesti', 'Pame', 'Skyblock eesti keeles', 'Pame minecraft', 'Skyblock', 'Skyblock 1.16']",20,UCV2rzIuHdS9cY3HmGfLjmDQ,PT23M53S,hd,False,False,,257.0,25.0,14.0,public,youtube,"['https://en.wikipedia.org/wiki/Action-adventure_game', 'https://en.wikipedia.org/wiki/Role-playing_video_game', 'https://en.wikipedia.org/wiki/Simulation_video_game', 'https://en.wikipedia.org/wiki/Video_game_culture']"
djl2DxNhepA,Minecraft Skyblock | Algus nagu algus | Osa 1 | Eesti keeles,2020-08-17T06:09:38Z,"['Minecraft eesti keeles', 'Minecraft bedwars eesti keeles', 'Minecraft Eesti', 'Minecraft Eesti keeles osa 1', 'Eesti keeles', 'Minecrafti mänguvideo', 'LihtsaltSuper', 'Mänguväli', 'Minecraft Skywars Eesti keeles', 'Minecraft Õpetus', 'Minecraft Õpetus eesti keeles', 'Skywars Eesti keeles', 'TRISQN', 'throne', 'SkyWars EZ VÕIT', 'Skywars 100% võit', 'Eesti serverid', 'kuubik', 'mc.kuubik.eu', 'minecraft survival eesti', 'survival', 'nether 1.16', '1.16 eesti', 'Pame', 'Skyblock eesti keeles', 'Pame minecraft', 'Skyblock', 'Skyblock 1.16']",20,UCV2rzIuHdS9cY3HmGfLjmDQ,PT19M1S,hd,False,False,,750.0,46.0,17.0,public,youtube,"['https://en.wikipedia.org/wiki/Action-adventure_game', 'https://en.wikipedia.org/wiki/Role-playing_video_game', 'https://en.wikipedia.org/wiki/Simulation_video_game', 'https://en.wikipedia.org/wiki/Strategy_video_game', 'https://en.wikipedia.org/wiki/Video_game_culture']"
rPCW16wcy30,Minecraft Survival | Ma jõudsin põrgu? | Osa 3 | Eesti keeles,2020-07-19T09:24:21Z,"['Minecraft eesti keeles', 'Minecraft bedwars eesti keeles', 'SuperRaven', 'Minecraft Eesti', 'Minecraft Eesti keeles osa 1', 'Eesti keeles', 'Mänguvideod', 'Minecrafti mänguvideo', 'LihtsaltSuper', 'Video eesti keeles', 'Mänguväli', 'Minecraft Skywars Eesti keeles', 'Minecraft Õpetus', 'Minecraft Õpetus eesti keeles', 'Skywars Eesti keeles', 'TRISQN', 'throne', 'SkyWars EZ VÕIT', 'Skywars 100% võit', 'Eesti serverid', 'kuubik', 'mc.kuubik.eu', 'minecraft 1.16 survival', 'minecraft survival eesti', 'survival', 'nether 1.16', '1.16 eesti']",20,UCV2rzIuHdS9cY3HmGfLjmDQ,PT21M46S,hd,False,False,,249.0,20.0,16.0,public,youtube,"['https://en.wikipedia.org/wiki/Action-adventure_game', 'https://en.wikipedia.org/wiki/Action_game', 'https://en.wikipedia.org/wiki/Role-playing_video_game', 'https://en.wikipedia.org/wiki/Simulation_video_game', 'https://en.wikipedia.org/wiki/Video_game_culture']"
RTuZ1-da6yM,Serveri ülevaatused | Pelar | Eesti keeles,2020-07-14T19:56:00Z,"['Minecraft eesti keeles', 'Minecraft bedwars eesti keeles', 'SuperRaven', 'Minecraft Eesti', 'Minecraft', 'Minecraft Eesti keeles osa 1', 'Osa 1', 'Eesti keeles', 'Mänguvideod', 'Minecrafti mänguvideo', 'Saareserverid.host', 'kännukas', 'LihtsaltSuper', 'Video eesti keeles', 'Osa', 'Võitmatud', 'Mänguväli', 'Minecraft Skywars Eesti keeles', 'Minecraft Õpetus', 'Minecraft Õpetus eesti keeles', 'Skywars Õpetus', 'Skywars Eesti keeles', 'TRISQN', 'throne', 'kannukas', 'SkyWars EZ VÕIT', 'Skywars 100% võit', 'Serverite ülevaatused', 'Eesti serverid']",20,UCV2rzIuHdS9cY3HmGfLjmDQ,PT3M8S,hd,False,False,,569.0,34.0,22.0,public,youtube,"['https://en.wikipedia.org/wiki/Role-playing_video_game', 'https://en.wikipedia.org/wiki/Video_game_culture']"
u6iBabG1JZA,Minecraft Survival | Maja ehitamine | Osa 2 | Eesti keeles,2020-07-09T08:09:31Z,"['Minecraft eesti keeles', 'Minecraft bedwars eesti keeles', 'SuperRaven', 'Minecraft Eesti', 'Minecraft Eesti keeles osa 1', 'Eesti keeles', 'Mänguvideod', 'Minecrafti mänguvideo', 'Saareserverid.host', 'LihtsaltSuper', 'Video eesti keeles', 'Mänguväli', 'Minecraft Skywars Eesti keeles', 'Minecraft Õpetus', 'Minecraft Õpetus eesti keeles', 'Skywars Eesti keeles', 'TRISQN', 'throne', 'kannukas', 'SkyWars EZ VÕIT', 'Skywars 100% võit', 'Eesti serverid', 'kuubik', 'mc.kuubik.eu', 'minecraft 1.16 survival', 'minecraft survival eesti', 'survival']",20,UCV2rzIuHdS9cY3HmGfLjmDQ,PT22M27S,hd,False,False,,196.0,15.0,16.0,public,youtube,"['https://en.wikipedia.org/wiki/Action-adventure_game', 'https://en.wikipedia.org/wiki/Action_game', 'https://en.wikipedia.org/wiki/Role-playing_video_game', 'https://en.wikipedia.org/wiki/Simulation_video_game', 'https://en.wikipedia.org/wiki/Strategy_video_game', 'https://en.wikipedia.org/wiki/Video_game_culture']"
EyjhaR7d3y4,Minecraft Survival | Ma leidsin koopa | Osa 1 | Eesti keeles,2020-07-05T08:45:33Z,"['Minecraft eesti keeles', 'Minecraft bedwars eesti keeles', 'SuperRaven', 'Minecraft Eesti', 'Minecraft Eesti keeles osa 1', 'Eesti keeles', 'Mänguvideod', 'Minecrafti mänguvideo', 'Saareserverid.host', 'LihtsaltSuper', 'Video eesti keeles', 'Mänguväli', 'Minecraft Skywars Eesti keeles', 'Minecraft Õpetus', 'Minecraft Õpetus eesti keeles', 'Skywars Eesti keeles', 'TRISQN', 'throne', 'kannukas', 'SkyWars EZ VÕIT', 'Skywars 100% võit', 'Eesti serverid', 'kuubik', 'mc.kuubik.eu', 'minecraft 1.16 survival', 'minecraft survival eesti', 'survival']",20,UCV2rzIuHdS9cY3HmGfLjmDQ,PT16M9S,hd,False,False,,476.0,30.0,14.0,public,youtube,"['https://en.wikipedia.org/wiki/Action-adventure_game', 'https://en.wikipedia.org/wiki/Action_game', 'https://en.wikipedia.org/wiki/Role-playing_video_game', 'https://en.wikipedia.org/wiki/Simulation_video_game', 'https://en.wikipedia.org/wiki/Strategy_video_game', 'https://en.wikipedia.org/wiki/Video_game_culture']"
TBpZHKtei0Q,Serveri ülevaatused | Kuubik | Eesti keeles,2020-06-22T05:00:05Z,"['Minecraft eesti keeles', 'Minecraft bedwars eesti keeles', 'SuperRaven', 'Minecraft Eesti', 'Minecraft Eesti keeles osa 1', 'Eesti keeles', 'Mänguvideod', 'Minecrafti mänguvideo', 'Saareserverid.host', 'kännukas', 'LihtsaltSuper', 'Video eesti keeles', 'Osa', 'Mänguväli', 'Minecraft Skywars Eesti keeles', 'Minecraft Õpetus', 'Minecraft Õpetus eesti keeles', 'Skywars Õpetus', 'Skywars Eesti keeles', 'TRISQN', 'throne', 'kannukas', 'SkyWars EZ VÕIT', 'Skywars 100% võit', 'Serverite ülevaatused', 'Eesti serverid', 'kuubik', 'mc.kuubik.eu']",20,UCV2rzIuHdS9cY3HmGfLjmDQ,PT2M37S,hd,False,False,,462.0,17.0,16.0,public,youtube,"['https://en.wikipedia.org/wiki/Role-playing_video_game', 'https://en.wikipedia.org/wiki/Video_game_culture']"
c_vHvPqNwqk,Serveri ülevaatused | DKserver | Eesti keeles,2020-06-18T11:48:09Z,"['Minecraft eesti keeles', 'Minecraft bedwars eesti keeles', 'SuperRaven', 'Minecraft Eesti', 'Minecraft', 'Minecraft Eesti keeles osa 1', 'Osa 1', 'Eesti keeles', 'Mänguvideod', 'Minecrafti mänguvideo', 'Saareserverid.host', 'kännukas', 'LihtsaltSuper', 'Video eesti keeles', 'Osa', 'Võitmatud', 'Mänguväli', 'Minecraft Skywars Eesti keeles', 'Minecraft Õpetus', 'Minecraft Õpetus eesti keeles', 'Skywars Õpetus', 'Skywars Eesti keeles', 'TRISQN', 'throne', 'kannukas', 'SkyWars EZ VÕIT', 'Skywars 100% võit', 'Serverite ülevaatused', 'Eesti serverid']",20,UCV2rzIuHdS9cY3HmGfLjmDQ,PT3M54S,hd,False,False,,641.0,30.0,15.0,public,youtube,"['https://en.wikipedia.org/wiki/Role-playing_video_game', 'https://en.wikipedia.org/wiki/Video_game_culture']"
dPGaV9ljjFg,Minecraft Bedwars | Me oleme tagasi | Eesti keeles,2020-06-02T08:27:50Z,"['SaareServerid', 'Minecraft eesti keeles', 'Minecraft bedwars eesti keeles', 'SuperRaven', 'Minecraft Eesti', 'Minecraft', 'Minecraft Eesti keeles osa 1', 'Osa 1', 'Eesti keeles', 'Mänguvideod', 'Minecrafti mänguvideo', 'Saareserverid.host', 'kännukas', 'LihtsaltSuper', 'Video eesti keeles', 'Osa', 'Võitmatud', 'Mänguväli', 'Terminats', 'Minecraft Skywars Eesti keeles', 'Minecraft Õpetus', 'Minecraft Õpetus eesti keeles', 'Skywars Õpetus', 'Skywars Eesti keeles', 'TRISQN', 'kohvimies', 'throne', 'kannukas', 'SkyWars EZ VÕIT', 'Skywars 100% võit', 'EZVÕIT']",20,UCV2rzIuHdS9cY3HmGfLjmDQ,PT12M20S,hd,False,False,,867.0,26.0,11.0,public,youtube,"['https://en.wikipedia.org/wiki/Action-adventure_game', 'https://en.wikipedia.org/wiki/Role-playing_video_game', 'https://en.wikipedia.org/wiki/Strategy_video_game', 'https://en.wikipedia.org/wiki/Video_game_culture']"
xt9XuQFZslQ,Minecraft Bedwars | Me jäime teiseks?? | Loos | Eesti keeles,2020-05-23T06:00:13Z,"['SaareServerid', 'Minecraft eesti keeles', 'Minecraft bedwars eesti keeles', 'SuperRaven', 'Minecraft Eesti', 'Minecraft', 'Minecraft Eesti keeles osa 1', 'Osa 1', 'Eesti keeles', 'Mänguvideod', 'Minecrafti mänguvideo', 'Saareserverid.host', 'kännukas', 'LihtsaltSuper', 'Video eesti keeles', 'Osa', 'Võitmatud', 'Mänguväli', 'Minecraft Skywars Eesti keeles', 'Minecraft Õpetus', 'Minecraft Õpetus eesti keeles', 'Skywars Õpetus', 'Skywars Eesti keeles', 'TRISQN', 'kohvimies', 'SkyWars EZ VÕIT', 'Skywars 100% võit', 'minecraft survival eesti keeles']",20,UCV2rzIuHdS9cY3HmGfLjmDQ,PT17M12S,hd,False,False,,846.0,52.0,48.0,public,youtube,"['https://en.wikipedia.org/wiki/Action-adventure_game', 'https://en.wikipedia.org/wiki/Role-playing_video_game', 'https://en.wikipedia.org/wiki/Video_game_culture']"
m_s5-zN726c,Minecraft Build Battle | ME EI VÕITNUD?!?! | Eesti keeles,2020-05-22T06:00:17Z,"['SaareServerid', 'Minecraft eesti keeles', 'Minecraft bedwars eesti keeles', 'SuperRaven', 'Minecraft Eesti', 'Minecraft', 'Minecraft Eesti keeles osa 1', 'Osa 1', 'Eesti keeles', 'Mänguvideod', 'Minecrafti mänguvideo', 'Saareserverid.host', 'kännukas', 'LihtsaltSuper', 'Video eesti keeles', 'Osa', 'Võitmatud', 'Mänguväli', 'Minecraft Skywars Eesti keeles', 'Minecraft Õpetus', 'Minecraft Õpetus eesti keeles', 'Skywars Õpetus', 'Skywars Eesti keeles', 'TRISQN', 'kohvimies', 'SkyWars EZ VÕIT', 'Skywars 100% võit', 'minecraft survival eesti keeles']",20,UCV2rzIuHdS9cY3HmGfLjmDQ,PT9M46S,hd,False,False,,216.0,22.0,4.0,public,youtube,"['https://en.wikipedia.org/wiki/Action-adventure_game', 'https://en.wikipedia.org/wiki/Role-playing_video_game', 'https://en.wikipedia.org/wiki/Strategy_video_game', 'https://en.wikipedia.org/wiki/Video_game_culture']"
FVfYU--qZBo,Minecraft üksikul saarel | Osa 1 | Eesti keeles,2020-05-21T06:00:05Z,"['SaareServerid', 'Minecraft eesti keeles', 'Minecraft bedwars eesti keeles', 'SuperRaven', 'Minecraft Eesti', 'Minecraft', 'Minecraft Eesti keeles osa 1', 'Osa 1', 'Eesti keeles', 'Mänguvideod', 'Minecrafti mänguvideo', 'Saareserverid.host', 'kännukas', 'LihtsaltSuper', 'Video eesti keeles', 'Osa', 'Võitmatud', 'Mänguväli', 'Minecraft Skywars Eesti keeles', 'Minecraft Õpetus', 'Minecraft Õpetus eesti keeles', 'Skywars Õpetus', 'Skywars Eesti keeles', 'TRISQN', 'kohvimies', 'SkyWars EZ VÕIT', 'Skywars 100% võit', 'minecraft survival eesti keeles']",20,UCV2rzIuHdS9cY3HmGfLjmDQ,PT34M20S,hd,False,False,,433.0,15.0,11.0,public,youtube,"['https://en.wikipedia.org/wiki/Action-adventure_game', 'https://en.wikipedia.org/wiki/Role-playing_video_game', 'https://en.wikipedia.org/wiki/Video_game_culture']"
lLhIyBZPQz4,Minecraft Bedwars | Me võitsime JÄLLE?!?! | Eesti keeles,2020-05-20T04:51:05Z,"['SaareServerid', 'Minecraft eesti keeles', 'Minecraft bedwars eesti keeles', 'SuperRaven', 'Minecraft Eesti', 'Minecraft', 'Minecraft Eesti keeles osa 1', 'Osa 1', 'Eesti keeles', 'Mänguvideod', 'Minecrafti mänguvideo', 'Saareserverid.host', 'kännukas', 'LihtsaltSuper', 'Video eesti keeles', 'Osa', 'Võitmatud', 'Mänguväli', 'Terminats', 'Minecraft Skywars Eesti keeles', 'Minecraft Õpetus', 'Minecraft Õpetus eesti keeles', 'Skywars Õpetus', 'Skywars Eesti keeles', 'TRISQN', 'kohvimies', 'throne', 'kannukas', 'SkyWars EZ VÕIT', 'Skywars 100% võit', 'EZVÕIT']",20,UCV2rzIuHdS9cY3HmGfLjmDQ,PT13M20S,hd,False,False,,860.0,35.0,25.0,public,youtube,"['https://en.wikipedia.org/wiki/Action-adventure_game', 'https://en.wikipedia.org/wiki/Role-playing_video_game', 'https://en.wikipedia.org/wiki/Strategy_video_game', 'https://en.wikipedia.org/wiki/Video_game_culture']"
t8peSS0NC9A,Minecraft SkyWars | Õpetus | Kuidas võita iga mäng | Eesti keeles,2020-05-18T14:20:11Z,"['SaareServerid', 'Minecraft eesti keeles', 'Minecraft bedwars eesti keeles', 'SuperRaven', 'Minecraft Eesti', 'Minecraft', 'Minecraft Eesti keeles osa 1', 'Osa 1', 'Eesti keeles', 'Mänguvideod', 'Minecrafti mänguvideo', 'Saareserverid.host', 'kännukas', 'LihtsaltSuper', 'Video eesti keeles', 'Osa', 'Võitmatud', 'Mänguväli', 'Terminats', 'Minecraft Skywars Eesti keeles', 'Minecraft Õpetus', 'Minecraft Õpetus eesti keeles', 'Skywars Õpetus', 'Skywars Eesti keeles', 'TRISQN', 'kohvimies', 'throne', 'kannukas', 'SkyWars EZ VÕIT', 'Skywars 100% võit', 'EZVÕIT']",20,UCV2rzIuHdS9cY3HmGfLjmDQ,PT4M43S,hd,False,False,,426.0,28.0,10.0,public,youtube,"['https://en.wikipedia.org/wiki/Action-adventure_game', 'https://en.wikipedia.org/wiki/Role-playing_video_game', 'https://en.wikipedia.org/wiki/Strategy_video_game', 'https://en.wikipedia.org/wiki/Video_game_culture']"
ZcrkcM70DFE,Minecraft bedwars | Võitmatud | Eesti keeles,2020-05-17T10:16:23Z,"['SaareServerid', 'Minecraft eesti keeles', 'Minecraft bedwars eesti keeles', 'SuperRaven', 'Minecraft Eesti', 'Minecraft', 'Minecraft Eesti keeles osa 1', 'Osa 1', 'Eesti keeles', 'Mänguvideod', 'Minecrafti mänguvideo', 'Saareserverid.host', 'kännukas', 'LihtsaltSuper', 'Video eesti keeles', 'Osa', 'Võitmatud', 'Mänguväli', 'Terminats']",20,UCV2rzIuHdS9cY3HmGfLjmDQ,PT8M8S,hd,False,False,,799.0,26.0,3.0,public,youtube,"['https://en.wikipedia.org/wiki/Action-adventure_game', 'https://en.wikipedia.org/wiki/Role-playing_video_game', 'https://en.wikipedia.org/wiki/Strategy_video_game', 'https://en.wikipedia.org/wiki/Video_game_culture']"
WIHoJdFAPQM,TNTK matka vlog: Pühajärve matk,2025-05-16T06:32:28Z,,22,UCw67Io5AgIfk7LN7NswF-HQ,PT14M42S,hd,False,False,,97.0,3.0,0.0,public,youtube,"['https://en.wikipedia.org/wiki/Hobby', 'https://en.wikipedia.org/wiki/Lifestyle_(sociology)', 'https://en.wikipedia.org/wiki/Tourism']"
gPeKAzGwjDQ,Malta Vlog - Osa 3: Challenge Maltakatega,2025-04-30T14:15:45Z,,22,UCw67Io5AgIfk7LN7NswF-HQ,PT10M2S,hd,False,False,,47.0,3.0,0.0,public,youtube,['https://en.wikipedia.org/wiki/Lifestyle_(sociology)']
dlbhwPGl-Vg,Malta Vlog – Osa 2: Noorsootöö Maltal,2025-04-15T13:24:31Z,,22,UCw67Io5AgIfk7LN7NswF-HQ,PT10M38S,hd,False,False,,91.0,5.0,0.0,public,youtube,['https://en.wikipedia.org/wiki/Lifestyle_(sociology)']
wLvd6enmx98,Malta Vlog – Osa 1: Esmamuljed ja Kultuur,2025-04-07T07:40:32Z,,22,UCw67Io5AgIfk7LN7NswF-HQ,PT13M1S,hd,False,False,,114.0,5.0,0.0,public,youtube,"['https://en.wikipedia.org/wiki/Lifestyle_(sociology)', 'https://en.wikipedia.org/wiki/Tourism']"
DdydmSCwLmE,6. February 2025,2025-02-06T08:48:25Z,,22,UCw67Io5AgIfk7LN7NswF-HQ,PT52S,hd,False,False,,59.0,4.0,0.0,public,youtube,['https://en.wikipedia.org/wiki/Lifestyle_(sociology)']
QvapjajP_UY,#42 - Kus toimub noortefestival KUS?,2024-08-01T13:17:55Z,,22,UCw67Io5AgIfk7LN7NswF-HQ,PT31M40S,hd,False,False,,70.0,3.0,0.0,public,youtube,['https://en.wikipedia.org/wiki/Music']
O7A5SNiwcdA,Noorteaken #41 Tartu Noorte Töömalevast,2024-05-15T07:37:39Z,,22,UCw67Io5AgIfk7LN7NswF-HQ,PT21M4S,hd,False,False,,108.0,1.0,0.0,public,youtube,['https://en.wikipedia.org/wiki/Society']
JMI69ro-MbA,"Podcast ""Noorteaken"" #40 – mobiilne noorsootöö ehk MONO",2024-04-05T12:00:07Z,,22,UCw67Io5AgIfk7LN7NswF-HQ,PT28M5S,hd,False,False,,93.0,2.0,0.0,public,youtube,['https://en.wikipedia.org/wiki/Society']
O8muxb8EtQU,Hariduslikud töötoad Anne noortekeskustes,2023-11-20T09:48:45Z,,22,UCw67Io5AgIfk7LN7NswF-HQ,PT1M9S,hd,False,False,,94.0,1.0,0.0,public,youtube,
DQ1itkGpjAI,"Podcast ""Noorteaken"" 39 Kärt Kuvvas-Mekk - võimalustest välismaal",2023-11-20T07:00:05Z,,22,UCw67Io5AgIfk7LN7NswF-HQ,PT39M17S,hd,False,False,,73.0,1.0,0.0,public,youtube,['https://en.wikipedia.org/wiki/Health']
r90F-P4u1aM,"Podcast ""Noorteaken"" #38 - noorte välismaa kogemused",2023-11-09T09:17:07Z,,22,UCw67Io5AgIfk7LN7NswF-HQ,PT48M50S,hd,False,False,,54.0,1.0,0.0,public,youtube,
6QbE6xVq7To,Ilmatsalu Noortekeskuse tutvustus │Tartu Noorsootöö Keskus,2023-11-08T10:18:40Z,,22,UCw67Io5AgIfk7LN7NswF-HQ,PT2M15S,hd,False,False,,178.0,3.0,,public,youtube,['https://en.wikipedia.org/wiki/Lifestyle_(sociology)']
0XY_UL-kbnw,Lille Noortekeskuse maja tutvustus │Tartu Noorsootöö Keskus,2023-11-01T12:00:00Z,,22,UCw67Io5AgIfk7LN7NswF-HQ,PT1M9S,hd,False,False,,286.0,2.0,0.0,public,youtube,['https://en.wikipedia.org/wiki/Lifestyle_(sociology)']
1SSVuL00MPo,Anne Noortekeskuse maja tutvustus │Tartu Noorsootöö Keskus,2023-11-01T11:07:42Z,,22,UCw67Io5AgIfk7LN7NswF-HQ,PT1M48S,hd,False,False,,385.0,3.0,0.0,public,youtube,['https://en.wikipedia.org/wiki/Lifestyle_(sociology)']
6OBKIXS7qLs,"Podcast ""Noorteaken"" #37 - Evaliis Seiler",2023-10-23T09:00:09Z,"['podcast', 'noorteaken', 'noorsootöö', 'bodyart', 'evaliis seiler']",22,UCw67Io5AgIfk7LN7NswF-HQ,PT26M31S,hd,False,False,,95.0,2.0,0.0,public,youtube,['https://en.wikipedia.org/wiki/Health']
s7OuKSZvFSc,VLOG │TNTK töötajate õpiränne Islandil,2023-10-23T08:14:31Z,,22,UCw67Io5AgIfk7LN7NswF-HQ,PT15M27S,hd,False,False,,256.0,7.0,0.0,public,youtube,"['https://en.wikipedia.org/wiki/Lifestyle_(sociology)', 'https://en.wikipedia.org/wiki/Tourism']"
0MKFOpFD_1I,"Podcast ""Noorteaken"" #36 Laura Külanurm",2023-10-19T08:14:36Z,,22,UCw67Io5AgIfk7LN7NswF-HQ,PT50M1S,hd,False,False,,60.0,1.0,0.0,public,youtube,['https://en.wikipedia.org/wiki/Society']
VdX-INh3oBg,"Podcast ""Noorteaken"" #35 - Koolistress",2023-10-10T10:59:39Z,,22,UCw67Io5AgIfk7LN7NswF-HQ,PT49M25S,hd,False,False,,160.0,5.0,0.0,public,youtube,['https://en.wikipedia.org/wiki/Lifestyle_(sociology)']
_kEqWBQP-sY,"Tartu Lastekaitsepäev 2023 ""Kiigu, liigu, tegutse!""",2023-06-20T12:02:47Z,,22,UCw67Io5AgIfk7LN7NswF-HQ,PT1M18S,hd,False,False,,136.0,1.0,0.0,public,youtube,
5pwtwpqtSkM,"Podcast ""Noorteaken"" #34 -  malev - see on tõsine haigus",2023-05-12T09:00:03Z,,22,UCw67Io5AgIfk7LN7NswF-HQ,PT35M39S,sd,False,False,,155.0,3.0,0.0,public,youtube,['https://en.wikipedia.org/wiki/Lifestyle_(sociology)']
qlKD_Poxu5o,"Podcast ""Noorteaken"" #33 - pesakond Jürgensonid",2023-04-28T09:00:36Z,,22,UCw67Io5AgIfk7LN7NswF-HQ,PT30M,hd,False,False,,198.0,3.0,1.0,public,youtube,['https://en.wikipedia.org/wiki/Lifestyle_(sociology)']
KoxTcealY-o,"Podcast ""Noorteaken"" #32 Regina Šaharovna",2023-04-14T12:19:57Z,,22,UCw67Io5AgIfk7LN7NswF-HQ,PT33M27S,hd,False,False,,230.0,5.0,1.0,public,youtube,['https://en.wikipedia.org/wiki/Lifestyle_(sociology)']
BU2ccaWdwGU,"Podcast ""Noorteaken"" #31 - ​Tartu Forseliuse Kooli maailmamuutjad",2023-03-08T12:36:50Z,,22,UCw67Io5AgIfk7LN7NswF-HQ,PT25M24S,hd,False,False,,119.0,2.0,0.0,public,youtube,['https://en.wikipedia.org/wiki/Society']
kgS4kpSwpvI,"Podcast ""Noorteaken"" #30- Noorsoopolitsei",2023-02-23T13:51:31Z,,22,UCw67Io5AgIfk7LN7NswF-HQ,PT47M36S,hd,False,False,,125.0,2.0,0.0,public,youtube,['https://en.wikipedia.org/wiki/Lifestyle_(sociology)']
47rFOjn0YbM,"Podcast ""Noorteaken"" #29 - Tõstja Mona",2023-02-09T11:41:31Z,,22,UCw67Io5AgIfk7LN7NswF-HQ,PT28M51S,hd,False,False,,60.0,1.0,0.0,public,youtube,['https://en.wikipedia.org/wiki/Lifestyle_(sociology)']
PLSsqhjbyqw,Street Youth Work ABC (LV/ENG),2023-02-07T11:55:22Z,,22,UCw67Io5AgIfk7LN7NswF-HQ,PT7M24S,hd,False,False,,169.0,3.0,0.0,public,youtube,['https://en.wikipedia.org/wiki/Society']
AWjUdPB0lvA,Tänavanoorsootöö ABC (EE/ENG),2023-01-31T09:36:40Z,,22,UCw67Io5AgIfk7LN7NswF-HQ,PT4M42S,hd,False,False,,226.0,2.0,0.0,public,youtube,['https://en.wikipedia.org/wiki/Society']
ceg3caIVUS8,Tagasivaade Ilmatsalu noortekeskuse jõuluõhtule,2023-01-16T10:01:21Z,,22,UCw67Io5AgIfk7LN7NswF-HQ,PT2M7S,hd,False,False,,73.0,1.0,0.0,public,youtube,['https://en.wikipedia.org/wiki/Lifestyle_(sociology)']
LNFZezQNXSc,"Podcast ""Noorteaken"" #28 - jõulueri",2022-12-22T10:00:11Z,,22,UCw67Io5AgIfk7LN7NswF-HQ,PT43M46S,hd,False,False,,113.0,2.0,1.0,public,youtube,['https://en.wikipedia.org/wiki/Lifestyle_(sociology)']
d_qb2uh74lg,"Podcast ""Noorteaken"" #27 - Harald Lepisk",2022-12-15T10:00:19Z,,22,UCw67Io5AgIfk7LN7NswF-HQ,PT41M44S,hd,False,False,,117.0,0.0,0.0,public,youtube,['https://en.wikipedia.org/wiki/Society']
Jrq8tCSdeDo,"Podcast ""Noorteaken"" #26 - Külas on Miljonineiu!",2022-12-08T09:21:13Z,,22,UCw67Io5AgIfk7LN7NswF-HQ,PT28M57S,hd,False,False,,78.0,0.0,0.0,public,youtube,['https://en.wikipedia.org/wiki/Society']
bVcaMM67-SM,Lille (noortekeskuse) maja 75,2022-11-23T10:00:18Z,,22,UCw67Io5AgIfk7LN7NswF-HQ,PT6M11S,hd,False,False,,92.0,0.0,0.0,public,youtube,
EXQcU5pCzg8,Noorsootööst Tartu Noorsootöö Keskuses,2022-11-17T11:55:30Z,,22,UCw67Io5AgIfk7LN7NswF-HQ,PT11M30S,hd,False,False,,143.0,3.0,0.0,public,youtube,['https://en.wikipedia.org/wiki/Lifestyle_(sociology)']
LgKk1XcYTKs,"Podcast ""Noorteaken"" #25 - Noorsootöö nädal Tartu Noorsootöö Keskuses",2022-11-03T11:33:00Z,,22,UCw67Io5AgIfk7LN7NswF-HQ,PT19M5S,hd,False,False,,73.0,2.0,0.0,public,youtube,['https://en.wikipedia.org/wiki/Lifestyle_(sociology)']
Mz5dg6T1LdA,"Podcast ""Noorteaken"" #24 - ""Kui hoiad end, siis hoia kahe käega""",2022-10-20T14:33:35Z,,22,UCw67Io5AgIfk7LN7NswF-HQ,PT25M31S,hd,False,False,,47.0,0.0,0.0,public,youtube,['https://en.wikipedia.org/wiki/Lifestyle_(sociology)']
h5w2g8hsZAA,"Podcast ""Noorteaken"" #23 - Hanna Reimand: ""Hea kuulaja, Sa oled väärtuslik""",2022-10-06T09:53:01Z,,22,UCw67Io5AgIfk7LN7NswF-HQ,PT38M46S,hd,False,False,,120.0,1.0,0.0,public,youtube,
R7AfomA6GB4,"Podcast ""Noorteaken"" #22 - Diggiloo - kultuuriproduktsioon noortelt noortele",2022-09-08T09:00:11Z,,22,UCw67Io5AgIfk7LN7NswF-HQ,PT29M58S,hd,False,False,,87.0,3.0,0.0,public,youtube,['https://en.wikipedia.org/wiki/Music']
nSiNOIB_nl0,"Podcast ""Noorteaken"" #21 Lisett Liiv - kommunikatsioonitudengist õhtujuht",2022-08-25T09:00:31Z,,22,UCw67Io5AgIfk7LN7NswF-HQ,PT31M42S,hd,False,False,,111.0,0.0,0.0,public,youtube,
LFKknzTu-yQ,"Podcast ""Noorteaken"" #20 Grete Kull - aktiivne noor ja the og podcast ""Noorteaken"" saatejuht",2022-08-11T09:00:09Z,,22,UCw67Io5AgIfk7LN7NswF-HQ,PT31M23S,hd,False,False,,96.0,0.0,0.0,public,youtube,['https://en.wikipedia.org/wiki/Entertainment']
8McYt4hyTww,"Tartu lastekaitsepäev 2022 ""Julge olla sina!""",2022-08-01T08:39:22Z,,22,UCw67Io5AgIfk7LN7NswF-HQ,PT49S,hd,False,False,,231.0,2.0,0.0,public,youtube,['https://en.wikipedia.org/wiki/Music']
z4CsXnzpQsI,Podcast „Noorteaken“ #19 – Marilyn Jurman: #eionei,2022-04-29T15:10:32Z,,22,UCw67Io5AgIfk7LN7NswF-HQ,PT57M56S,hd,False,False,,156.0,4.0,0.0,public,youtube,"['https://en.wikipedia.org/wiki/Hobby', 'https://en.wikipedia.org/wiki/Lifestyle_(sociology)']"
dH0cf5IbwAI,Vaimse Tervise Klubi Lille noortekeskuses,2022-04-16T12:40:14Z,,22,UCw67Io5AgIfk7LN7NswF-HQ,PT3M47S,hd,False,False,,104.0,2.0,0.0,public,youtube,
h8fM9KtrucY,"Podcast ""Noorteaken"" #18 - Raul Tamm: Kas vabatahtlik töö on kõigile?",2022-04-08T08:58:41Z,,22,UCw67Io5AgIfk7LN7NswF-HQ,PT25M,hd,False,False,,281.0,10.0,0.0,public,youtube,['https://en.wikipedia.org/wiki/Lifestyle_(sociology)']
VmOZ6NhJw3Q,Noortepidu 2022,2022-04-04T13:48:07Z,,22,UCw67Io5AgIfk7LN7NswF-HQ,PT43S,hd,False,False,,283.0,6.0,0.0,public,youtube,['https://en.wikipedia.org/wiki/Music']
mWnZMpYYDSA,"Podcast ""Noorteaken"" eriosa #3 – Jaanika Palm",2022-03-25T11:53:21Z,,22,UCw67Io5AgIfk7LN7NswF-HQ,PT33M19S,hd,False,False,,135.0,1.0,0.0,public,youtube,['https://en.wikipedia.org/wiki/Society']
PtvPPSHG_Tw,Challenge: Välisvabatahtlike teadmised Eestist,2022-03-18T16:57:57Z,,22,UCw67Io5AgIfk7LN7NswF-HQ,PT6M4S,hd,False,False,,110.0,4.0,0.0,public,youtube,"['https://en.wikipedia.org/wiki/Health', 'https://en.wikipedia.org/wiki/Lifestyle_(sociology)']"
g-FY2x34p30,Noortepeo viipekeelne tutvustus,2022-03-15T11:04:26Z,"['viipekeel', 'viipekeelne', 'noortepidu', 'tartunoorsootöökeskus']",22,UCw67Io5AgIfk7LN7NswF-HQ,PT50S,hd,False,False,,260.0,10.0,0.0,public,youtube,['https://en.wikipedia.org/wiki/Lifestyle_(sociology)']
jo8d0re-Ehs,"Podcast ""Noorteaken"" #17 - Tartu 2024 Extended noored",2022-03-14T11:00:31Z,,22,UCw67Io5AgIfk7LN7NswF-HQ,PT28M14S,hd,False,False,,218.0,6.0,0.0,public,youtube,['https://en.wikipedia.org/wiki/Society']
EVi6x4QFQNU,"Podcast ""Noorteaken"" #16 - Eva Maria Hanson: Eluks valmis?!",2022-03-07T09:01:19Z,,22,UCw67Io5AgIfk7LN7NswF-HQ,PT27M54S,hd,False,False,,166.0,3.0,0.0,public,youtube,['https://en.wikipedia.org/wiki/Knowledge']
C-WSnkrEUcM,NOA projekti viipekeelne tutvustus,2022-03-04T13:00:05Z,,22,UCw67Io5AgIfk7LN7NswF-HQ,PT1M15S,hd,True,False,,159.0,3.0,1.0,public,youtube,
UqTI2GYqVEc,"Podcast ""Noorteaken"" eriosa #2 – Armilde-Annete Jõgi",2022-02-28T10:00:27Z,,22,UCw67Io5AgIfk7LN7NswF-HQ,PT20M49S,hd,False,False,,227.0,3.0,0.0,public,youtube,['https://en.wikipedia.org/wiki/Knowledge']
VC9aZcVYFQM,"Podcast ""Noorteaken"" #15 - Anett Männiste: Tasuta välismaale?!",2022-02-20T19:34:48Z,,22,UCw67Io5AgIfk7LN7NswF-HQ,PT32M45S,hd,False,False,,127.0,0.0,0.0,public,youtube,['https://en.wikipedia.org/wiki/Lifestyle_(sociology)']
wWlZaG2KwAg,3 sarjasoovitust teismelistele,2022-02-18T10:47:18Z,,22,UCw67Io5AgIfk7LN7NswF-HQ,PT8M11S,hd,True,False,,101.0,1.0,1.0,public,youtube,['https://en.wikipedia.org/wiki/Lifestyle_(sociology)']
gJf09ukGQa0,"Podcast ""Noorteaken"" eriosa #1 – Jaan-Raul Ojastu",2022-02-14T10:00:35Z,,22,UCw67Io5AgIfk7LN7NswF-HQ,PT24M59S,hd,False,False,,364.0,3.0,0.0,public,youtube,"['https://en.wikipedia.org/wiki/Health', 'https://en.wikipedia.org/wiki/Lifestyle_(sociology)']"
_XwVxHyOMfE,Tagasivaade häkatonile Hack@Youth,2022-02-11T10:00:26Z,,22,UCw67Io5AgIfk7LN7NswF-HQ,PT2M2S,hd,False,False,,55.0,1.0,0.0,public,youtube,
tcpuzRDlGFk,Noorsootöötajate challenge: Kes meist...?,2022-02-04T10:00:54Z,,22,UCw67Io5AgIfk7LN7NswF-HQ,PT2M39S,hd,False,False,,125.0,7.0,0.0,public,youtube,['https://en.wikipedia.org/wiki/Lifestyle_(sociology)']
8WYZxyArA_o,"Projekt ""Tagurpidi kaasamine ühiskonda""",2022-01-28T10:00:09Z,,22,UCw67Io5AgIfk7LN7NswF-HQ,PT5M42S,hd,False,False,,138.0,2.0,0.0,public,youtube,['https://en.wikipedia.org/wiki/Knowledge']
-sYkk5UZtRM,Mini-mitmevõistlus Ilmatsalu noortekeskuses,2022-01-23T10:00:00Z,,22,UCw67Io5AgIfk7LN7NswF-HQ,PT1M19S,hd,False,False,,61.0,3.0,0.0,public,youtube,['https://en.wikipedia.org/wiki/Lifestyle_(sociology)']
VZdiJgO8uVI,Noored vastavad: See või too? Talve eri,2022-01-03T17:52:57Z,,22,UCw67Io5AgIfk7LN7NswF-HQ,PT3M21S,hd,False,False,,146.0,4.0,0.0,public,youtube,['https://en.wikipedia.org/wiki/Lifestyle_(sociology)']
yIXj2VwM9s4,Häkaton Hack@Youth,2021-12-27T09:32:06Z,,22,UCw67Io5AgIfk7LN7NswF-HQ,PT2M21S,hd,False,False,,55.0,3.0,0.0,public,youtube,
Kw6XOvRz0zs,Jõulupidu Anne noortekeskuses 2021,2021-12-23T13:46:38Z,,22,UCw67Io5AgIfk7LN7NswF-HQ,PT2M30S,hd,False,False,,67.0,2.0,0.0,public,youtube,['https://en.wikipedia.org/wiki/Lifestyle_(sociology)']
MkbYIKC2IVY,"Podcast ""Noorteaken"" #14 - Killu Kolsar: Kes on arengutreener?",2021-12-20T21:00:10Z,,22,UCw67Io5AgIfk7LN7NswF-HQ,PT36M37S,hd,False,False,,286.0,6.0,0.0,public,youtube,
hOfQCy5lAPw,Kuidas kõlab eesti keel võrdluses teiste (viipe)keeltega (jõuluversioon!),2021-12-17T15:59:11Z,,22,UCw67Io5AgIfk7LN7NswF-HQ,PT1M33S,hd,False,False,,219.0,7.0,0.0,public,youtube,['https://en.wikipedia.org/wiki/Lifestyle_(sociology)']
LBKWkXu7f10,"""Innovatsioonikava"": kõiki kaasav ja kõigile ligipääsetav noortekas",2021-12-10T14:15:51Z,,22,UCw67Io5AgIfk7LN7NswF-HQ,PT3M16S,hd,True,False,,168.0,5.0,0.0,public,youtube,['https://en.wikipedia.org/wiki/Lifestyle_(sociology)']
DAr9JkDNuQU,Mida teevad noorsootöötajad keskkonna hoidmiseks?,2021-11-27T13:00:40Z,,22,UCw67Io5AgIfk7LN7NswF-HQ,PT5M41S,hd,False,False,,73.0,2.0,0.0,public,youtube,['https://en.wikipedia.org/wiki/Health']
y0B7xgikwJw,Kokaklubi Ilmatsalus,2021-11-19T08:02:11Z,,22,UCw67Io5AgIfk7LN7NswF-HQ,PT1M47S,hd,False,False,,127.0,1.0,,public,youtube,"['https://en.wikipedia.org/wiki/Food', 'https://en.wikipedia.org/wiki/Lifestyle_(sociology)']"
2Iv5_2o1Kh0,Tagasivaade Tarkusepäevale 2021,2021-11-05T14:00:01Z,,22,UCw67Io5AgIfk7LN7NswF-HQ,PT3M14S,hd,False,False,,89.0,4.0,1.0,public,youtube,['https://en.wikipedia.org/wiki/Lifestyle_(sociology)']
lI_3272VKp8,Kaasaegne CV? Töövestlus? Esimene tööpäev? Karjäärinõustaja vastab!,2021-10-22T11:00:16Z,,22,UCw67Io5AgIfk7LN7NswF-HQ,PT7M4S,hd,False,False,,247.0,6.0,0.0,public,youtube,
hIfY9SbtFpQ,Miks tulla noortekeskusesse?,2021-10-15T06:00:19Z,,22,UCw67Io5AgIfk7LN7NswF-HQ,PT8M26S,hd,False,False,,74.0,3.0,,public,youtube,['https://en.wikipedia.org/wiki/Lifestyle_(sociology)']
ne1zlWDNr3Y,Populaarsemad noorte hängimise kohad Tartus,2021-10-08T06:00:18Z,,22,UCw67Io5AgIfk7LN7NswF-HQ,PT4M1S,hd,False,False,,73.0,2.0,0.0,public,youtube,['https://en.wikipedia.org/wiki/Lifestyle_(sociology)']
R_wkmtFN78o,"Podcast ""Noorteaken"" #13 - Alex Aus: Kuidas alustada noorelt ettevõtlusega?",2021-10-04T12:10:01Z,,22,UCw67Io5AgIfk7LN7NswF-HQ,PT42M35S,hd,False,False,,207.0,1.0,0.0,public,youtube,
Xk6CwJTA8_M,Perepäev Ilmatsalus,2021-10-01T09:00:31Z,,22,UCw67Io5AgIfk7LN7NswF-HQ,PT1M30S,hd,False,False,,131.0,0.0,0.0,public,youtube,['https://en.wikipedia.org/wiki/Lifestyle_(sociology)']
rQDEKKaZ6Ms,Aita luua Anne noortekeskuse juurde vabaajapark! (eesti viipekeeles) #kaasaveelarve,2021-09-27T09:00:31Z,,22,UCw67Io5AgIfk7LN7NswF-HQ,PT1M13S,hd,False,False,,188.0,3.0,0.0,public,youtube,"['https://en.wikipedia.org/wiki/Hobby', 'https://en.wikipedia.org/wiki/Lifestyle_(sociology)']"
qW36iJ7yjFo,IDEE 19: ANNE NOORTEKESKUSE VABAAJAPARK (KAASAV EELARVE),2021-09-24T11:15:24Z,,22,UCw67Io5AgIfk7LN7NswF-HQ,PT2M23S,hd,False,False,,38.0,5.0,0.0,public,youtube,['https://en.wikipedia.org/wiki/Lifestyle_(sociology)']
8pxtl4MkeSE,"Podcast ""Noorteaken"" #12 - Taastervitus ja Tarkusepäeva tänavaküsitlus",2021-09-20T16:28:08Z,,22,UCw67Io5AgIfk7LN7NswF-HQ,PT2M50S,hd,False,False,,32.0,0.0,0.0,public,youtube,['https://en.wikipedia.org/wiki/Society']
my796mYBcWI,Kuidas liigelda tõukerattaga,2021-09-17T06:00:10Z,,22,UCw67Io5AgIfk7LN7NswF-HQ,PT2M24S,hd,False,False,,82.0,2.0,0.0,public,youtube,['https://en.wikipedia.org/wiki/Lifestyle_(sociology)']
SXL3mOIAt7c,Tagasivaade Noortepäevale,2021-09-06T13:55:13Z,,22,UCw67Io5AgIfk7LN7NswF-HQ,PT3M46S,hd,False,False,,121.0,4.0,0.0,public,youtube,['https://en.wikipedia.org/wiki/Lifestyle_(sociology)']
LRA8mt57u7s,Kuidas võtta aega enda jaoks? Noorsootöötaja Markos aitab!,2021-08-19T11:45:03Z,,22,UCw67Io5AgIfk7LN7NswF-HQ,PT4M7S,hd,False,False,,75.0,4.0,0.0,public,youtube,"['https://en.wikipedia.org/wiki/Health', 'https://en.wikipedia.org/wiki/Lifestyle_(sociology)']"
Ium-abRhkJQ,Esmatähtsad reeglid suhtlemisel kurdi või vaegkuuljaga,2021-08-06T06:00:07Z,,22,UCw67Io5AgIfk7LN7NswF-HQ,PT3M16S,hd,False,False,,201.0,6.0,0.0,public,youtube,
SqOqLZRRTIA,Ellujäämise käepael – mis see on ja kuidas kasutada? #looduseganoortekas,2021-07-30T12:00:11Z,,22,UCw67Io5AgIfk7LN7NswF-HQ,PT7M41S,hd,True,False,,561.0,6.0,0.0,public,youtube,"['https://en.wikipedia.org/wiki/Hobby', 'https://en.wikipedia.org/wiki/Lifestyle_(sociology)']"
39KmHcu8WOU,"Nipid, kuidas hoida end emotsionaalselt tasakaalus!",2021-07-23T12:00:01Z,,22,UCw67Io5AgIfk7LN7NswF-HQ,PT6M31S,hd,True,False,,201.0,6.0,0.0,public,youtube,"['https://en.wikipedia.org/wiki/Health', 'https://en.wikipedia.org/wiki/Lifestyle_(sociology)']"
lc94ucl8UUg,Annekad esitlevad: The Hungarian Food Challenge Part 3,2021-07-16T12:00:32Z,,22,UCw67Io5AgIfk7LN7NswF-HQ,PT8M51S,hd,True,False,,64.0,2.0,0.0,public,youtube,"['https://en.wikipedia.org/wiki/Food', 'https://en.wikipedia.org/wiki/Lifestyle_(sociology)']"
zL-OfZxiM4o,Annekad esitlevad: The Hungarian Food Challenge Part 2,2021-07-09T12:00:25Z,,22,UCw67Io5AgIfk7LN7NswF-HQ,PT7M53S,hd,False,False,,58.0,4.0,0.0,public,youtube,"['https://en.wikipedia.org/wiki/Food', 'https://en.wikipedia.org/wiki/Lifestyle_(sociology)']"
6hhYBlIxFoA,Suve alguse pidu Ilmatsalu noortekas,2021-07-02T12:00:05Z,,22,UCw67Io5AgIfk7LN7NswF-HQ,PT2M54S,hd,False,False,,94.0,2.0,0.0,public,youtube,['https://en.wikipedia.org/wiki/Lifestyle_(sociology)']
TKHF9P5Jzww,Loomade hääled: Eesti VS Hispaania,2021-06-25T06:00:06Z,,22,UCw67Io5AgIfk7LN7NswF-HQ,PT4M16S,hd,False,False,,495.0,5.0,0.0,public,youtube,['https://en.wikipedia.org/wiki/Lifestyle_(sociology)']
lIOL9VlCc9U,Annekad esitlevad: The Hungarian Food Challange Part 1,2021-06-18T07:00:11Z,,22,UCw67Io5AgIfk7LN7NswF-HQ,PT6M53S,hd,False,False,,103.0,3.0,0.0,public,youtube,"['https://en.wikipedia.org/wiki/Food', 'https://en.wikipedia.org/wiki/Lifestyle_(sociology)']"
Pv6-GX26Kek,"Podcast ""Noorteaken"" #11 - ""Noorteakna"" esimene hooaeg on läbi!",2021-06-14T16:16:33Z,,22,UCw67Io5AgIfk7LN7NswF-HQ,PT15M3S,hd,False,False,,60.0,0.0,0.0,public,youtube,['https://en.wikipedia.org/wiki/Lifestyle_(sociology)']
sc4wy311Zvw,Suveks reisile – aga kuhu? (Lülita subtiitrid sisse!),2021-06-11T14:05:00Z,,22,UCw67Io5AgIfk7LN7NswF-HQ,PT5M13S,hd,True,False,,239.0,14.0,1.0,public,youtube,"['https://en.wikipedia.org/wiki/Lifestyle_(sociology)', 'https://en.wikipedia.org/wiki/Tourism']"
NxzaSSDWWbg,Miks tulla noortekeskusesse? Liisa räägib oma kogemusi seoses noortekeskusega!,2021-06-04T07:00:12Z,"['tartu', 'tartu noorsootöö keskus', 'noorsootöö', 'lille noortekeskus', 'suvi', 'projektid']",22,UCw67Io5AgIfk7LN7NswF-HQ,PT6M28S,hd,True,False,,131.0,2.0,2.0,public,youtube,['https://en.wikipedia.org/wiki/Health']
v0IVwGGMTrA,"Hommikuharjumused, mis võivad muuta SINU elu!",2021-05-28T06:00:15Z,,22,UCw67Io5AgIfk7LN7NswF-HQ,PT2M8S,hd,False,False,,64.0,4.0,0.0,public,youtube,['https://en.wikipedia.org/wiki/Health']
7Iu6Plpv3Js,Maarja ja Elen teevad Margitile pranki!,2021-05-21T07:00:04Z,"['tartu', 'anne noortekeskus', 'tartu noorsootöö keskus', 'nali', 'prank', 'annelinn']",22,UCw67Io5AgIfk7LN7NswF-HQ,PT5M31S,hd,True,False,,257.0,15.0,2.0,public,youtube,"['https://en.wikipedia.org/wiki/Hobby', 'https://en.wikipedia.org/wiki/Lifestyle_(sociology)']"
RVkNLi0J1-s,"Podcast ""Noorteaken"" #10 - treening, toitumine ning tervis",2021-05-19T19:42:40Z,,22,UCw67Io5AgIfk7LN7NswF-HQ,PT40M20S,hd,False,False,,251.0,4.0,0.0,public,youtube,"['https://en.wikipedia.org/wiki/Health', 'https://en.wikipedia.org/wiki/Lifestyle_(sociology)']"
Rz8XWOd1yvY,Challenge: Viipekeelne noorsootöötaja versus eestikeelne noorsootöötaja,2021-05-14T07:00:15Z,"['viipekeel', 'challenge', 'tartu', 'noorsootöö', 'lille noortekeskus']",22,UCw67Io5AgIfk7LN7NswF-HQ,PT5M47S,hd,True,False,,822.0,32.0,4.0,public,youtube,"['https://en.wikipedia.org/wiki/Health', 'https://en.wikipedia.org/wiki/Lifestyle_(sociology)']"
U0AwAh6Q3xI,Kokkame koos: Kodune apelsini toorjuustukook,2021-05-07T07:00:15Z,"['tartu', 'noorsootöö', 'kokkamine', 'magustoit', 'tartu noorsootöö keskus']",22,UCw67Io5AgIfk7LN7NswF-HQ,PT2M29S,hd,True,False,,119.0,4.0,1.0,public,youtube,"['https://en.wikipedia.org/wiki/Food', 'https://en.wikipedia.org/wiki/Lifestyle_(sociology)']"
NzG5cOSgZo8,"Podcast ""Noorteaken"" #9 - miks minna malevasse?",2021-05-03T07:00:12Z,,22,UCw67Io5AgIfk7LN7NswF-HQ,PT21M39S,hd,False,False,,213.0,10.0,0.0,public,youtube,['https://en.wikipedia.org/wiki/Lifestyle_(sociology)']
leBE52j8F8A,Milline võiks olla Tartu Noorsootöö Keskus 5 aasta pärast?,2021-05-02T07:00:08Z,,22,UCw67Io5AgIfk7LN7NswF-HQ,PT2M38S,hd,True,False,,193.0,7.0,1.0,public,youtube,
AmU4wgG676o,"Mida teha, et suveks tööd leida? (4 nippi)",2021-04-30T07:00:06Z,"['tartu', 'malev', 'töö', 'tartu noorsootöö keskus', 'anne noortekeskus']",22,UCw67Io5AgIfk7LN7NswF-HQ,PT2M59S,hd,True,False,,218.0,9.0,0.0,public,youtube,
IZRXK-F6afo,"Energiat vähe? 10 Nippi, kuidas tõsta enda energiataset!",2021-04-23T07:00:04Z,"['energia', 'väsimus', 'noorsootöö', 'tartu', 'tartu noorsootöö keskus']",22,UCw67Io5AgIfk7LN7NswF-HQ,PT5M33S,hd,True,False,,172.0,8.0,2.0,public,youtube,['https://en.wikipedia.org/wiki/Lifestyle_(sociology)']
BgmHKmcGRrU,"Podcast ""Noorteaken"" #8 - internetiturvalisus, küberkiusamine ja seksuaalne väärkohtlemine",2021-04-19T07:46:56Z,,22,UCw67Io5AgIfk7LN7NswF-HQ,PT32M26S,hd,False,False,,155.0,10.0,0.0,public,youtube,"['https://en.wikipedia.org/wiki/Health', 'https://en.wikipedia.org/wiki/Society']"
S8FfiZ_5F04,Kahe noorsootöötaja taliolümpiamängud...,2021-04-16T06:00:10Z,,22,UCw67Io5AgIfk7LN7NswF-HQ,PT2M4S,hd,False,False,,149.0,7.0,0.0,public,youtube,['https://en.wikipedia.org/wiki/Lifestyle_(sociology)']
EtLmFZFb6LI,"5 levinud küsimust, millele vastavad viipekeelsed noored (lülita subtiitrid sisse!)",2021-04-09T07:00:06Z,"['tartu', 'viipekeel', 'noorsootöö', 'tartu noorsootöö keskus']",22,UCw67Io5AgIfk7LN7NswF-HQ,PT4M11S,hd,True,False,,1402.0,28.0,5.0,public,youtube,['https://en.wikipedia.org/wiki/Lifestyle_(sociology)']
T7Qcy2vjpRc,"Podcast ""Noorteaken"" #7 - nipid isolatsioonis toimetulekuks ja tuleviku plaanide tegemiseks",2021-04-05T07:51:19Z,,22,UCw67Io5AgIfk7LN7NswF-HQ,PT33M15S,hd,True,False,,129.0,4.0,0.0,public,youtube,['https://en.wikipedia.org/wiki/Health']
61HMOfcUAYQ,TNTK saateapsud vol 1,2021-04-01T07:00:04Z,"['bloopers', 'naljakas', 'noorsootöökeskus', 'noortekeskus', 'huumor', 'apsud']",22,UCw67Io5AgIfk7LN7NswF-HQ,PT4M21S,hd,True,False,,314.0,10.0,0.0,public,youtube,['https://en.wikipedia.org/wiki/Lifestyle_(sociology)']
87QhWaz24fA,Uued oskused motiveerivad rohkem trenni tegema!,2021-03-26T07:00:02Z,,22,UCw67Io5AgIfk7LN7NswF-HQ,PT6M4S,hd,False,False,,65.0,1.0,0.0,public,youtube,"['https://en.wikipedia.org/wiki/Lifestyle_(sociology)', 'https://en.wikipedia.org/wiki/Physical_fitness']"
eJgoB_z2Bb8,"Podcast ""Noorteaken"" #6 - Motivatsioon, eneseareng ja ajaplaneerimine",2021-03-22T14:55:12Z,,22,UCw67Io5AgIfk7LN7NswF-HQ,PT29M50S,hd,False,False,,619.0,9.0,1.0,public,youtube,
v2I1uYFk4-g,Vabatahtlik Beata jagab kogemusi vabatahtlikuks olemisest!,2021-03-19T08:00:10Z,"['tartu', 'tartu noorsootöö keskus', 'vabatahtlik töö', 'ungari', 'eesti', 'noorsootöö', 'erasmus']",22,UCw67Io5AgIfk7LN7NswF-HQ,PT8M4S,hd,True,False,,154.0,4.0,0.0,public,youtube,"['https://en.wikipedia.org/wiki/Health', 'https://en.wikipedia.org/wiki/Hobby', 'https://en.wikipedia.org/wiki/Lifestyle_(sociology)']"
1fZchswAUzc,Disc golf Ilmatsalu noortekeskuses,2021-03-12T08:00:01Z,"['tartu', 'ilmatsalu', 'disc golf', 'tartu noorsootöö keskus', 'noorsootöö', 'sport']",22,UCw67Io5AgIfk7LN7NswF-HQ,PT3M32S,hd,True,False,,97.0,1.0,0.0,public,youtube,['https://en.wikipedia.org/wiki/Lifestyle_(sociology)']
Rg-gDkPiDhY,"Podcast ""Noorteaken"" #5 - Anne noortekeskus",2021-03-08T08:00:05Z,"['tartu', 'tartu noorsootöö keskus', 'anne noortekeskus', 'tööhõive']",22,UCw67Io5AgIfk7LN7NswF-HQ,PT26M32S,hd,True,False,,112.0,2.0,0.0,public,youtube,['https://en.wikipedia.org/wiki/Lifestyle_(sociology)']
ITCBHGrtDzw,Noorsootöötaja eesti viipekeelt õppimas,2021-03-05T08:00:04Z,"['viipekeel', 'tartu', 'noorsootöö', 'tartu noorsootöö keskus']",22,UCw67Io5AgIfk7LN7NswF-HQ,PT2M59S,hd,False,False,,813.0,18.0,1.0,public,youtube,
IBh-MQ7V6_8,Temperamenditüübid. Kes sina oled?,2021-02-26T07:45:01Z,,22,UCw67Io5AgIfk7LN7NswF-HQ,PT7M43S,hd,True,False,,860.0,5.0,2.0,public,youtube,['https://en.wikipedia.org/wiki/Health']
6bjlkbYKqW4,"Podcast ""Noorteaken"" #4 - Vaimne tervis",2021-02-22T08:00:03Z,"['tartu', 'vaimne tervis', 'noored', 'ENVTL', 'Tartu Noorsootöö Keskus', 'Noorteaken']",22,UCw67Io5AgIfk7LN7NswF-HQ,PT1H26M48S,hd,False,False,,260.0,4.0,0.0,public,youtube,['https://en.wikipedia.org/wiki/Lifestyle_(sociology)']
VUqlhiB5u9k,Suvel malevasse? Tule malevasse rühmajuhiks!,2021-02-19T08:00:10Z,,22,UCw67Io5AgIfk7LN7NswF-HQ,PT4M50S,hd,True,False,,385.0,18.0,0.0,public,youtube,['https://en.wikipedia.org/wiki/Lifestyle_(sociology)']
7kwgjx3q6yw,Vastlapäev noortekas! Tule ka!,2021-02-15T07:15:00Z,,22,UCw67Io5AgIfk7LN7NswF-HQ,PT3M14S,hd,True,False,,227.0,6.0,1.0,public,youtube,['https://en.wikipedia.org/wiki/Lifestyle_(sociology)']
LZV5tGA2M8w,Sõbrapäev üksinda? Tule parem noortekasse!,2021-02-12T07:15:01Z,,22,UCw67Io5AgIfk7LN7NswF-HQ,PT2M45S,hd,True,False,,118.0,5.0,0.0,public,youtube,['https://en.wikipedia.org/wiki/Lifestyle_(sociology)']
X0qPQtwyqQE,Ilmatsalu noorteka taliolümpia 2021 (pikk versioon),2021-02-10T13:01:12Z,,22,UCw67Io5AgIfk7LN7NswF-HQ,PT5M58S,hd,False,False,,62.0,1.0,0.0,public,youtube,['https://en.wikipedia.org/wiki/Lifestyle_(sociology)']
AtSI1cV7k6g,"Lille noortekeskuse noorsootöötajate trenniharjumused III (Cerda, Katrin, Klaudijus)",2021-02-05T08:00:02Z,"['tartu', 'trenn', 'tartu noorsootöö keskus', 'noorsootöötajad', 'lille noortekeskus']",22,UCw67Io5AgIfk7LN7NswF-HQ,PT5M16S,hd,True,False,,64.0,2.0,0.0,public,youtube,"['https://en.wikipedia.org/wiki/Health', 'https://en.wikipedia.org/wiki/Lifestyle_(sociology)']"
cnU16gp15K0,Kokka Beata ja Lauraga,2021-01-29T08:00:11Z,"['Tartu', 'Kokkamine', 'noorsootöö', 'Tartu Noorsootöö Keskus', 'Anne Noortekeskus', 'Magustoit']",22,UCw67Io5AgIfk7LN7NswF-HQ,PT13M29S,hd,True,False,,100.0,2.0,1.0,public,youtube,"['https://en.wikipedia.org/wiki/Food', 'https://en.wikipedia.org/wiki/Lifestyle_(sociology)']"
nClaSw-dFQ4,Noorteka taliolümpia,2021-01-22T08:00:11Z,"['ilmatsalu', 'tartu', 'noortekeskus', 'mäng', 'taliolümpia', 'tartu noorsootöö keskus']",22,UCw67Io5AgIfk7LN7NswF-HQ,PT3M25S,hd,True,False,,112.0,3.0,1.0,public,youtube,"['https://en.wikipedia.org/wiki/Lifestyle_(sociology)', 'https://en.wikipedia.org/wiki/Physical_fitness']"
O7ZX5PlUTKk,Jõuludtaadi ja -memme seiklused Tartu Noorsootöö Keskuses,2021-01-15T08:00:04Z,"['tartu', 'tartu noorsootöö keskus', 'lille noortekeskus', 'anne noortekeskus', 'noorsootöö', 'noorsootöötajad', 'jõulud']",22,UCw67Io5AgIfk7LN7NswF-HQ,PT4M58S,sd,True,False,,80.0,0.0,0.0,public,youtube,['https://en.wikipedia.org/wiki/Lifestyle_(sociology)']
QYpeOS7S44w,Kuidas kasutada matkakööki,2021-01-08T08:45:00Z,,22,UCw67Io5AgIfk7LN7NswF-HQ,PT2M17S,hd,False,False,,51.0,0.0,0.0,public,youtube,['https://en.wikipedia.org/wiki/Lifestyle_(sociology)']
A57QNF9j01g,"Lille noortekeskuse noorsootöötajate trenniharjumused II (Kaisa, Sirli)",2021-01-04T08:00:02Z,,22,UCw67Io5AgIfk7LN7NswF-HQ,PT5M21S,hd,True,False,,111.0,2.0,0.0,public,youtube,"['https://en.wikipedia.org/wiki/Lifestyle_(sociology)', 'https://en.wikipedia.org/wiki/Physical_fitness']"
TYUbNrpBp6c,Tagasi-  ja edasivaade Kauriga!,2020-12-29T08:00:06Z,,22,UCw67Io5AgIfk7LN7NswF-HQ,PT3M37S,hd,True,False,,75.0,7.0,0.0,public,youtube,
-P5CcViKiXA,"Podcast ""Noorteaken"" #3 - Aktiivsus, vabatahtlik töö",2020-12-28T09:00:01Z,,22,UCw67Io5AgIfk7LN7NswF-HQ,PT37M12S,hd,True,False,,163.0,1.0,0.0,public,youtube,['https://en.wikipedia.org/wiki/Society']
A64Rv_1bT38,Jõulutervitus Tartu Noorsootöö Keskuselt,2020-12-25T10:00:08Z,,22,UCw67Io5AgIfk7LN7NswF-HQ,PT13S,hd,False,False,,36.0,1.0,0.0,public,youtube,
FxZLhE7DaEc,Lille Noortekeskuse jõulutervitus,2020-12-24T11:00:04Z,,22,UCw67Io5AgIfk7LN7NswF-HQ,PT2M7S,hd,True,False,,93.0,5.0,1.0,public,youtube,['https://en.wikipedia.org/wiki/Lifestyle_(sociology)']
tNf0qXld-5A,Naiskodukaitse laager ja meie kogemus,2020-12-22T09:00:14Z,,22,UCw67Io5AgIfk7LN7NswF-HQ,PT13M20S,hd,True,False,,269.0,8.0,3.0,public,youtube,['https://en.wikipedia.org/wiki/Lifestyle_(sociology)']
i85NctDV9Rc,Lõkkeõhtu Ilmatsalu Noortekeskuses,2020-12-18T08:00:11Z,,22,UCw67Io5AgIfk7LN7NswF-HQ,PT3M23S,hd,True,False,,50.0,1.0,0.0,public,youtube,['https://en.wikipedia.org/wiki/Lifestyle_(sociology)']
ZiRpOM8ZL-8,"Podcast ""Noorteaken"" #2 - Kaasamine",2020-12-14T09:00:14Z,,22,UCw67Io5AgIfk7LN7NswF-HQ,PT56M56S,hd,True,False,,223.0,3.0,0.0,public,youtube,
MtuOBlxuU3s,"Lille noortekeskuse noorsootöötajate trenniharjumused I (Helen, Liisi)",2020-12-10T22:00:04Z,"['tartu', 'tartu noorsootöö keskus', 'lille noortekeskus', 'sport']",22,UCw67Io5AgIfk7LN7NswF-HQ,PT5M,hd,True,False,,103.0,5.0,0.0,public,youtube,['https://en.wikipedia.org/wiki/Lifestyle_(sociology)']
lnRHjs3Mw7M,Ilmatsalu Noortekeskuse koolivaheaja väljasõidud,2020-12-04T09:00:15Z,,22,UCw67Io5AgIfk7LN7NswF-HQ,PT3M10S,hd,False,False,,69.0,1.0,0.0,public,youtube,"['https://en.wikipedia.org/wiki/Hobby', 'https://en.wikipedia.org/wiki/Lifestyle_(sociology)', 'https://en.wikipedia.org/wiki/Tourism']"
r8LvzHM6B08,"Podcast ""Noorteaken"" #1 - Sissejuhatus",2020-11-30T12:00:13Z,"['Podcast', 'Noorteaken', 'Tartu']",22,UCw67Io5AgIfk7LN7NswF-HQ,PT37M14S,hd,True,False,,442.0,11.0,3.0,public,youtube,
P2fEmYkc4HI,Malev - kellele ja miks?,2020-11-30T10:00:05Z,,22,UCw67Io5AgIfk7LN7NswF-HQ,PT7M56S,hd,True,False,,105.0,3.0,0.0,public,youtube,['https://en.wikipedia.org/wiki/Lifestyle_(sociology)']
O4nvs-wICOk,Milline on noorsootöötaja töönädal?,2020-11-29T09:00:06Z,,22,UCw67Io5AgIfk7LN7NswF-HQ,PT6M54S,hd,True,False,,224.0,2.0,2.0,public,youtube,['https://en.wikipedia.org/wiki/Lifestyle_(sociology)']
ocUsgthUHuY,TNTK küsib 18 küsimust KARL FEIGENBAUMILT!,2020-11-29T08:00:09Z,"['tartu', 'tartu noorsootöö keskus', 'noorsootöö nädal']",22,UCw67Io5AgIfk7LN7NswF-HQ,PT2M42S,hd,True,False,,92.0,3.0,0.0,public,youtube,
iCtesaBxgRs,TNTK küsib 18 küsimust KARL KRAUSILT!,2020-11-28T08:00:06Z,"['tartu', 'ahhaa', 'tartu noorsootöö keskus', 'noorsootöö nädal']",22,UCw67Io5AgIfk7LN7NswF-HQ,PT3M19S,hd,True,False,,85.0,1.0,2.0,public,youtube,
PmaDosGYDW4,TNTK küsib 18 küsimust URMAS KLAASILT!,2020-11-27T08:00:08Z,"['tartu', 'tartu linnapea', 'tartu noorsootöö keskus', 'noorsootöö nädal']",22,UCw67Io5AgIfk7LN7NswF-HQ,PT4M56S,hd,True,False,,48.0,2.0,0.0,public,youtube,"['https://en.wikipedia.org/wiki/Politics', 'https://en.wikipedia.org/wiki/Society']"
x_HE_Jpc_kQ,TNTK küsib 18 küsimust GRETE SARAPILT!,2020-11-26T08:00:10Z,"['tartu', 'tartu noorsootöö keskus', 'noorsootöö nädal']",22,UCw67Io5AgIfk7LN7NswF-HQ,PT4M22S,hd,True,False,,76.0,2.0,1.0,public,youtube,
2Ll29F-dOyE,TNTK küsib 18 küsimust AMANI KIIVIKALT!,2020-11-25T08:00:01Z,"['tartu', 'tartu noorsootöö keskus', 'lille noortekeskus', 'noorsootöö nädal']",22,UCw67Io5AgIfk7LN7NswF-HQ,PT2M38S,hd,True,False,,175.0,3.0,0.0,public,youtube,
Hh5_Vzxj3to,TNTK küsib 18 küsimust Anne Noortekeskuse noorsootöötajatelt!,2020-11-24T08:00:02Z,"['tartu', 'tartu noorsootöö keskus', 'noorsootöö nädal']",22,UCw67Io5AgIfk7LN7NswF-HQ,PT3M2S,hd,True,False,,110.0,2.0,0.0,public,youtube,['https://en.wikipedia.org/wiki/Lifestyle_(sociology)']
veqa8OnAbYs,TNTK küsib 18 küsimust KRISTJAN LÜÜSILT!,2020-11-23T08:00:27Z,"['tartu', 'tartu noorsootöö keskus', 'noorsootöö nädal', 'kristjan lüüs']",22,UCw67Io5AgIfk7LN7NswF-HQ,PT5M35S,hd,True,False,,472.0,10.0,2.0,public,youtube,['https://en.wikipedia.org/wiki/Lifestyle_(sociology)']
XgyWMH90TMA,NOORSOOTÖÖ NÄDALA VIDEOD (Promo 2),2020-11-18T09:00:57Z,,22,UCw67Io5AgIfk7LN7NswF-HQ,PT19S,hd,False,False,,21.0,1.0,0.0,public,youtube,
-vGPS1Cfouo,Mis on NOA ja miks seda teha (noorte omaalgatust)?,2020-11-13T10:00:00Z,,22,UCw67Io5AgIfk7LN7NswF-HQ,PT2M56S,hd,False,False,,324.0,4.0,0.0,public,youtube,['https://en.wikipedia.org/wiki/Lifestyle_(sociology)']
Ei88fu17UD4,NOORSOOTÖÖ NÄDALA VIDEOD (Promo),2020-11-06T09:49:18Z,,22,UCw67Io5AgIfk7LN7NswF-HQ,PT14S,hd,False,False,,31.0,0.0,0.0,public,youtube,
np1i_Te0xmI,5 nippi ja nõuannet edukaks esinemiseks!,2020-10-30T10:00:11Z,,22,UCw67Io5AgIfk7LN7NswF-HQ,PT3M14S,hd,False,False,,67.0,5.0,0.0,public,youtube,"['https://en.wikipedia.org/wiki/Health', 'https://en.wikipedia.org/wiki/Lifestyle_(sociology)']"
lOBLOjD89tg,Sokkeriturniir Ilmatsalu Noortekeskuses!,2020-10-23T08:00:06Z,,22,UCw67Io5AgIfk7LN7NswF-HQ,PT3M29S,hd,False,False,,38.0,1.0,0.0,public,youtube,"['https://en.wikipedia.org/wiki/Hobby', 'https://en.wikipedia.org/wiki/Lifestyle_(sociology)']"
PpE_p2Fc7fc,Pärnu väljasõit!,2020-10-19T07:53:15Z,,22,UCw67Io5AgIfk7LN7NswF-HQ,PT2M21S,hd,False,False,,86.0,2.0,0.0,public,youtube,['https://en.wikipedia.org/wiki/Lifestyle_(sociology)']
bCdJqVSp7js,Tasuta koolitused Lille Noortekeskuses?! Uuri järgi!,2020-10-09T09:00:06Z,,22,UCw67Io5AgIfk7LN7NswF-HQ,PT1M42S,hd,False,False,,168.0,1.0,0.0,public,youtube,['https://en.wikipedia.org/wiki/Lifestyle_(sociology)']
aLJwjAShgG4,Kuidas parandada enda CV-d ja kergemalt tööle saada?!?!,2020-10-02T08:00:01Z,,22,UCw67Io5AgIfk7LN7NswF-HQ,PT4M1S,hd,True,False,,178.0,4.0,0.0,public,youtube,
NBPINqDyUkI,Lõbus tervisepäev Ilmatsalus,2020-09-25T08:00:09Z,,22,UCw67Io5AgIfk7LN7NswF-HQ,PT5M42S,hd,False,False,,115.0,4.0,0.0,public,youtube,['https://en.wikipedia.org/wiki/Lifestyle_(sociology)']
D3DY07RCMlQ,Ajaplaneerimine 1-2-3,2020-09-18T11:30:00Z,,22,UCw67Io5AgIfk7LN7NswF-HQ,PT3M3S,hd,False,False,,484.0,4.0,0.0,public,youtube,['https://en.wikipedia.org/wiki/Lifestyle_(sociology)']
ImebgF1bQV4,TNTK noortekeskused,2020-09-09T13:39:35Z,,22,UCw67Io5AgIfk7LN7NswF-HQ,PT1M1S,hd,False,False,,707.0,5.0,,public,youtube,['https://en.wikipedia.org/wiki/Lifestyle_(sociology)']
m6NpmlZ6zew,Anne Noortekeskus,2020-09-09T13:00:19Z,,22,UCw67Io5AgIfk7LN7NswF-HQ,PT41S,hd,False,False,,600.0,3.0,0.0,public,youtube,['https://en.wikipedia.org/wiki/Lifestyle_(sociology)']
fBrDhF63Rnw,Lille Noortekeskus,2020-09-09T13:00:17Z,,22,UCw67Io5AgIfk7LN7NswF-HQ,PT40S,hd,False,False,,585.0,0.0,0.0,public,youtube,['https://en.wikipedia.org/wiki/Lifestyle_(sociology)']
QEXWGv1G2TY,Ilmatsalu noortekeskus,2020-09-09T13:00:11Z,,22,UCw67Io5AgIfk7LN7NswF-HQ,PT37S,hd,False,False,,479.0,6.0,0.0,public,youtube,['https://en.wikipedia.org/wiki/Lifestyle_(sociology)']
0_yJG1FF2lU,Tartu Tarkusepäev 2020,2020-09-08T06:00:01Z,,22,UCw67Io5AgIfk7LN7NswF-HQ,PT1M52S,hd,False,False,,136.0,4.0,0.0,public,youtube,['https://en.wikipedia.org/wiki/Lifestyle_(sociology)']
1lNBcJI8hfo,Kuidas leida enda idee jaoks rahastust?,2020-09-04T08:00:00Z,,22,UCw67Io5AgIfk7LN7NswF-HQ,PT3M59S,sd,False,False,,49.0,1.0,0.0,public,youtube,"['https://en.wikipedia.org/wiki/Hobby', 'https://en.wikipedia.org/wiki/Lifestyle_(sociology)']"
p6imVba4jSk,NOA - Noorte omaalgatus,2020-08-28T09:00:26Z,,22,UCw67Io5AgIfk7LN7NswF-HQ,PT40S,hd,False,False,,42.0,1.0,0.0,public,youtube,
CeJTHpr0YFE,Väljasõit: Looduses üleelamise õppepäevad,2020-08-20T10:00:07Z,,22,UCw67Io5AgIfk7LN7NswF-HQ,PT3M21S,hd,False,False,,103.0,2.0,0.0,public,youtube,['https://en.wikipedia.org/wiki/Lifestyle_(sociology)']
QvtUGzultE8,Tartu Noortepäev 2020,2020-08-19T07:26:54Z,,22,UCw67Io5AgIfk7LN7NswF-HQ,PT3M22S,hd,False,False,,143.0,1.0,0.0,public,youtube,['https://en.wikipedia.org/wiki/Lifestyle_(sociology)']
toS2l8kDmR8,Tule Tartu Tarkusepäevale!,2020-08-17T11:48:29Z,,22,UCw67Io5AgIfk7LN7NswF-HQ,PT1M32S,hd,False,False,,59.0,1.0,0.0,public,youtube,
Vah0DiMRRCg,M1N1 mitmevõistlus,2020-08-15T10:30:04Z,,22,UCw67Io5AgIfk7LN7NswF-HQ,PT1M59S,hd,False,False,,33.0,0.0,,public,youtube,"['https://en.wikipedia.org/wiki/Health', 'https://en.wikipedia.org/wiki/Lifestyle_(sociology)']"
NfcGjecAlnA,Mis on stress ja kuidas sellest hoiduda?,2020-08-10T08:00:03Z,,22,UCw67Io5AgIfk7LN7NswF-HQ,PT5M32S,hd,False,False,,293.0,1.0,0.0,public,youtube,['https://en.wikipedia.org/wiki/Health']
oyxyDjlRu6M,Erala & Kommunaal II rühm 2020,2020-08-03T12:07:08Z,,22,UCw67Io5AgIfk7LN7NswF-HQ,PT3M19S,hd,False,False,,1660.0,226.0,11.0,public,youtube,"['https://en.wikipedia.org/wiki/Lifestyle_(sociology)', 'https://en.wikipedia.org/wiki/Tourism']"
kSXSuzC9kOs,Hummuli rühm 2020,2020-08-03T09:12:47Z,,22,UCw67Io5AgIfk7LN7NswF-HQ,PT4M27S,hd,False,False,,1988.0,251.0,7.0,public,youtube,['https://en.wikipedia.org/wiki/Lifestyle_(sociology)']
_prSKoy4rJw,Coop II ja TNTK rühm 2020,2020-08-03T07:58:04Z,,22,UCw67Io5AgIfk7LN7NswF-HQ,PT2M55S,hd,False,False,,241.0,15.0,,public,youtube,['https://en.wikipedia.org/wiki/Lifestyle_(sociology)']
xc6G8J5UWME,Coop I ja TNTK rühm 2020,2020-08-03T07:51:26Z,,22,UCw67Io5AgIfk7LN7NswF-HQ,PT2M45S,hd,False,False,,154.0,8.0,0.0,public,youtube,
PSSZdjdZ6oc,Lasita ja Külitse rühm 2020,2020-08-03T07:45:23Z,,22,UCw67Io5AgIfk7LN7NswF-HQ,PT6M44S,hd,False,False,,804.0,79.0,1.0,public,youtube,['https://en.wikipedia.org/wiki/Lifestyle_(sociology)']
aMWpMhWYuVY,Annimatsi rühm 2020,2020-08-03T07:04:54Z,,22,UCw67Io5AgIfk7LN7NswF-HQ,PT3M22S,hd,False,False,,404.0,28.0,0.0,public,youtube,['https://en.wikipedia.org/wiki/Lifestyle_(sociology)']
dSPetLc3jSw,Klaaspärlimängu rühm 2020,2020-08-03T07:01:35Z,,22,UCw67Io5AgIfk7LN7NswF-HQ,PT3M2S,hd,False,False,,187.0,11.0,0.0,public,youtube,
6uknVAe24zM,Innomalevad 2020,2020-08-03T06:50:49Z,,22,UCw67Io5AgIfk7LN7NswF-HQ,PT3M30S,hd,False,False,,48.0,4.0,,public,youtube,['https://en.wikipedia.org/wiki/Lifestyle_(sociology)']
M1KVbJjgZ5s,Tartu Tarkusepäev 2020,2020-07-30T09:56:36Z,,22,UCw67Io5AgIfk7LN7NswF-HQ,PT21S,hd,False,False,,59.0,1.0,0.0,public,youtube,
nQ9rbBaUUE0,Mida teha 2020 suvel?,2020-07-20T08:00:08Z,,22,UCw67Io5AgIfk7LN7NswF-HQ,PT6M49S,hd,False,False,,97.0,6.0,1.0,public,youtube,['https://en.wikipedia.org/wiki/Lifestyle_(sociology)']
7It0Qg8Engk,Kuidas leida suveks tööd?,2020-07-13T07:00:02Z,,22,UCw67Io5AgIfk7LN7NswF-HQ,PT3M13S,hd,False,False,,113.0,1.0,0.0,public,youtube,['https://en.wikipedia.org/wiki/Lifestyle_(sociology)']
jfLL4jzl2W4,Kuidas saada endaga sõbraks? (5 nippi),2020-07-06T09:00:24Z,,22,UCw67Io5AgIfk7LN7NswF-HQ,PT4M12S,hd,False,False,,76.0,7.0,0.0,public,youtube,['https://en.wikipedia.org/wiki/Lifestyle_(sociology)']
Tdh1XlWkZ30,Suvenoortekas Autovabaduse puiesteel,2020-07-03T15:42:27Z,,22,UCw67Io5AgIfk7LN7NswF-HQ,PT1M47S,hd,False,False,,132.0,4.0,0.0,public,youtube,['https://en.wikipedia.org/wiki/Lifestyle_(sociology)']
FrA5ivoh1FY,Kuidas enda päev produktiivsemaks teha? (5 nippi),2020-06-27T03:00:03Z,,22,UCw67Io5AgIfk7LN7NswF-HQ,PT2M22S,hd,False,False,,83.0,0.0,0.0,public,youtube,['https://en.wikipedia.org/wiki/Lifestyle_(sociology)']
MCBUHYkRXI4,Kutse Tartu Kooliteatrite Festivalile 2020,2020-06-25T13:03:08Z,,22,UCw67Io5AgIfk7LN7NswF-HQ,PT1M1S,hd,False,False,,47.0,0.0,0.0,public,youtube,['https://en.wikipedia.org/wiki/Music']
De9uenFExoM,Vibutrenn 17. juunil 2020 - Ilmatsalu Noortekeskus,2020-06-19T12:40:35Z,"['#vibutrenn', '#aktiivneeluviis', '#ilmatsalu']",22,UCw67Io5AgIfk7LN7NswF-HQ,PT1M37S,hd,False,False,,112.0,0.0,0.0,public,youtube,['https://en.wikipedia.org/wiki/Lifestyle_(sociology)']
Wccb0oKkWfw,"3 nippi, kuidas kodus istudes mitte hulluks minna...",2020-06-01T13:13:38Z,"['tartunoorsootöökeskus', 'tartu noorsootöö keskus']",22,UCw67Io5AgIfk7LN7NswF-HQ,PT4M16S,hd,False,False,,40.0,0.0,0.0,public,youtube,['https://en.wikipedia.org/wiki/Lifestyle_(sociology)']
aZHtZuso5DU,Vabatahtlik töö (3 nippi),2020-05-29T08:28:52Z,"['#vabatahtlikkus', '#tartunoorsootöökeskus']",22,UCw67Io5AgIfk7LN7NswF-HQ,PT1M49S,hd,False,False,,178.0,2.0,0.0,public,youtube,['https://en.wikipedia.org/wiki/Health']
BlhRXSBgL-M,3 lihtsat trikki raha kogumiseks,2020-05-28T11:18:22Z,,22,UCw67Io5AgIfk7LN7NswF-HQ,PT3M3S,hd,False,False,,630.0,13.0,1.0,public,youtube,"['https://en.wikipedia.org/wiki/Health', 'https://en.wikipedia.org/wiki/Lifestyle_(sociology)']"
C69yuWhRSdw,Kuidas ennast iga päev hästi tunda? (10 NIPPI),2020-05-25T12:40:28Z,,22,UCw67Io5AgIfk7LN7NswF-HQ,PT3M44S,hd,False,False,,333.0,16.0,1.0,public,youtube,['https://en.wikipedia.org/wiki/Lifestyle_(sociology)']
rVBRq5mnvnk,Tartu lastekaitsepäeva väljakutse 2020,2020-05-22T07:59:46Z,,22,UCw67Io5AgIfk7LN7NswF-HQ,PT45S,hd,False,False,,184.0,3.0,0.0,public,youtube,['https://en.wikipedia.org/wiki/Society']
V0aTPPn-rN8,Anne noortekeskus,2020-05-21T15:34:25Z,,22,UCw67Io5AgIfk7LN7NswF-HQ,PT2M10S,hd,False,False,,250.0,2.0,0.0,public,youtube,['https://en.wikipedia.org/wiki/Lifestyle_(sociology)']
q7xxJxpqoME,Järvselja virtuaalmatk,2020-05-21T14:03:35Z,,22,UCw67Io5AgIfk7LN7NswF-HQ,PT2M22S,hd,False,False,,58.0,1.0,0.0,public,youtube,"['https://en.wikipedia.org/wiki/Hobby', 'https://en.wikipedia.org/wiki/Lifestyle_(sociology)']"
9BKNJaMXino,"Lastekaitsepäeva kampaania ""Lase lapsel laps olla""",2020-05-21T09:35:30Z,,22,UCw67Io5AgIfk7LN7NswF-HQ,PT21S,hd,False,False,,156.0,1.0,,public,youtube,['https://en.wikipedia.org/wiki/Health']
jJaKsVRMUCA,"""Lase lapsel laps olla"" kampaania",2020-05-21T06:44:21Z,,22,UCw67Io5AgIfk7LN7NswF-HQ,PT21S,hd,False,False,,253.0,2.0,0.0,public,youtube,
DMmyXePNz4I,Ilmatsalu noortekeskuse tutvustus,2020-05-20T13:18:24Z,,22,UCw67Io5AgIfk7LN7NswF-HQ,PT3M3S,hd,False,False,,174.0,4.0,,public,youtube,['https://en.wikipedia.org/wiki/Lifestyle_(sociology)']
pbqe8eHpXu0,Lille noortekeskuse tutvustus,2020-05-20T09:08:33Z,,22,UCw67Io5AgIfk7LN7NswF-HQ,PT2M10S,hd,False,False,,117.0,2.0,0.0,public,youtube,['https://en.wikipedia.org/wiki/Lifestyle_(sociology)']
1zEywbjovPw,Tartu Noorsootöö Keskuse teise tegevusaasta videotervitus,2020-05-01T21:00:00Z,,22,UCw67Io5AgIfk7LN7NswF-HQ,PT2M35S,hd,False,False,,88.0,2.0,0.0,public,youtube,['https://en.wikipedia.org/wiki/Lifestyle_(sociology)']
DhhqPa0fWzo,9 nippi pingest vabanemiseks,2020-04-24T11:44:47Z,,22,UCw67Io5AgIfk7LN7NswF-HQ,PT5M35S,hd,False,False,,115.0,5.0,0.0,public,youtube,['https://en.wikipedia.org/wiki/Lifestyle_(sociology)']
kVg5NBbxd2w,Kuidas leida oma unistuste töö?,2020-04-06T17:56:11Z,"['William Kass', 'bmx', 'noorsootöö', 'youth work', 'noortekeskus', 'noortekas', 'anne noortekeskus', 'tartu noorsootöö keskus', 'tartu', 'eestlased', 'eesti', 'karjäär', 'töö', 'edulugu', 'trikirattur', 'simple session', 'tntk']",22,UCw67Io5AgIfk7LN7NswF-HQ,PT30M26S,hd,False,False,,79.0,2.0,0.0,public,youtube,['https://en.wikipedia.org/wiki/Lifestyle_(sociology)']
5FKZrh5I4m0,Tartu Noorsootöö Keskuse sõnum kaasmaalastele,2020-04-06T11:26:23Z,,22,UCw67Io5AgIfk7LN7NswF-HQ,PT1M46S,hd,False,False,,42.0,1.0,0.0,public,youtube,
nu6HbpxYlak,Viipekeele challenge,2020-04-06T08:51:40Z,,22,UCw67Io5AgIfk7LN7NswF-HQ,PT31S,sd,False,False,,88.0,2.0,0.0,public,youtube,['https://en.wikipedia.org/wiki/Lifestyle_(sociology)']
avOYADrNMBY,Narva Art Residency house tour,2022-09-02T09:53:08Z,,22,UCpfUcBuDs8jSozhcpD_W3Zw,PT2M22S,hd,False,False,,2853.0,20.0,0.0,public,youtube,"['https://en.wikipedia.org/wiki/Hobby', 'https://en.wikipedia.org/wiki/Lifestyle_(sociology)']"
Tm3g42UCZzY,Näitusest räägib kuraator Laura Toots / Curator Laura Toots talks about exhibition,2021-11-03T20:17:16Z,,22,UCpfUcBuDs8jSozhcpD_W3Zw,PT5M4S,hd,False,False,,88.0,1.0,0.0,public,youtube,['https://en.wikipedia.org/wiki/Knowledge']
K2zwOCLWhRA,Näitusest räägib kunstnik Jevgeni Zolotko / Artist Jevgeni Zolotko talks about his work,2021-11-01T13:02:09Z,,22,UCpfUcBuDs8jSozhcpD_W3Zw,PT9M59S,hd,False,False,,449.0,6.0,4.0,public,youtube,"['https://en.wikipedia.org/wiki/Hobby', 'https://en.wikipedia.org/wiki/Lifestyle_(sociology)']"
xxuvZl6IAzA,Näitusest räägib kunstnik Diana Tamane / Artist Diana Tamane talks about her film,2021-10-27T07:48:04Z,,22,UCpfUcBuDs8jSozhcpD_W3Zw,PT11M5S,hd,False,False,,140.0,0.0,0.0,public,youtube,"['https://en.wikipedia.org/wiki/Film', 'https://en.wikipedia.org/wiki/Hobby', 'https://en.wikipedia.org/wiki/Lifestyle_(sociology)']"
dz-X7BQEeeI,Näitusest räägib kunstnik Lydia Hannah / Artist Lydia Hannah talks about her work,2021-10-09T11:05:09Z,,22,UCpfUcBuDs8jSozhcpD_W3Zw,PT11M9S,hd,False,False,,138.0,0.0,0.0,public,youtube,"['https://en.wikipedia.org/wiki/Hobby', 'https://en.wikipedia.org/wiki/Lifestyle_(sociology)']"
Va995T_CJFw,Näitusest räägivad kuraatorid ja haridusprogrammis osalejad,2021-06-18T13:38:06Z,,22,UCpfUcBuDs8jSozhcpD_W3Zw,PT20M14S,hd,True,False,,242.0,6.0,0.0,public,youtube,['https://en.wikipedia.org/wiki/Knowledge']
Nd66UmqYz8U,Kuraatorid näituse tagamaadest,2021-06-01T12:18:10Z,,22,UCpfUcBuDs8jSozhcpD_W3Zw,PT5M39S,hd,False,False,,85.0,0.0,0.0,public,youtube,['https://en.wikipedia.org/wiki/Knowledge']
3i6-OxN1ySQ,"Ratas, Helme ja Seeder ""Aktuaalses kaameras""",2019-03-12T08:18:41Z,"['Ratas', 'Seeder', 'Helme', 'EKRE', 'Keskerakond', 'Isamaa', 'ERR', 'AK', 'Poliitika', 'Valimised', 'Riigikogu', 'Parlament', 'Koalitsioon']",25,UCs6jh-Lymv9jg1zmREs9qjA,PT8M10S,hd,False,False,,1238.0,13.0,1.0,public,youtube,"['https://en.wikipedia.org/wiki/Politics', 'https://en.wikipedia.org/wiki/Society', 'https://en.wikipedia.org/wiki/Television_program']"
eG-Q472aTWs,Kristen Michal ja Kadri Simson Diskuteerivad Maksudest,2019-01-24T12:00:06Z,"['reformierakond', 'keskerakond', 'kadri simson', 'kristen michal', 'maksud', 'majandus', 'err', 'eesti', 'poliitika']",25,UCs6jh-Lymv9jg1zmREs9qjA,PT21M28S,hd,False,False,,227.0,7.0,0.0,public,creativeCommon,"['https://en.wikipedia.org/wiki/Politics', 'https://en.wikipedia.org/wiki/Society', 'https://en.wikipedia.org/wiki/Television_program']"
vgTCb1tOQOU,"Nädal Brüsselis: Riigikogu ametnikud ja nõue Euroopa Komisjonile, et roheäärmuslusest raha kaitsesse",2025-10-02T22:21:34Z,,25,UCkgDQusb_u62eQN6Fhrnbug,PT11M45S,hd,False,False,,742.0,44.0,3.0,public,youtube,"['https://en.wikipedia.org/wiki/Politics', 'https://en.wikipedia.org/wiki/Society']"
I0sAmMQSY5Q,"Nädal Euroopa Parlamendis: Eesti põllumeeste halvenev olukord, valimised ja Sirk 125",2025-09-28T06:47:11Z,,25,UCkgDQusb_u62eQN6Fhrnbug,PT13M29S,hd,False,False,,1979.0,83.0,6.0,public,youtube,"['https://en.wikipedia.org/wiki/Politics', 'https://en.wikipedia.org/wiki/Society']"
wylrmXPom7k,"Nädal Brüsselis ja maailmas: Eesti ametnike ihalus ülereguleerida, vasakpoolsete olemus ja valimised",2025-09-18T16:26:36Z,,25,UCkgDQusb_u62eQN6Fhrnbug,PT13M28S,hd,False,False,,1177.0,75.0,12.0,public,youtube,"['https://en.wikipedia.org/wiki/Politics', 'https://en.wikipedia.org/wiki/Society']"
nqQGBePx534,"Nädal Strasbourgis: von der Leyeni kõne, Delfi debatt, Reporteritund ning saabuvad valimised Eestis",2025-09-14T19:10:21Z,,25,UCkgDQusb_u62eQN6Fhrnbug,PT9M34S,hd,False,False,,2008.0,77.0,9.0,public,youtube,"['https://en.wikipedia.org/wiki/Politics', 'https://en.wikipedia.org/wiki/Society']"
Px_BMENW1L4,"Euroopa inimesed ei vääri selliseid juhte, vaid nad väärivat paremat!",2025-09-10T13:20:31Z,,25,UCkgDQusb_u62eQN6Fhrnbug,PT1M10S,hd,False,False,,1055.0,40.0,2.0,public,youtube,"['https://en.wikipedia.org/wiki/Politics', 'https://en.wikipedia.org/wiki/Society']"
jWucTinecYg,Erakond koosneb inimestest ja suurem osa toonaseid inimesi Keskerakonnast on hoopis sotsides,2025-09-10T12:24:47Z,,25,UCkgDQusb_u62eQN6Fhrnbug,PT2M14S,hd,False,False,,801.0,19.0,4.0,public,youtube,"['https://en.wikipedia.org/wiki/Politics', 'https://en.wikipedia.org/wiki/Society']"
WWf1ksOHhQg,Euroopa Liidu kõrge välisesindaja vägevad teadmised ajaloost ja geopoliitikast,2025-09-10T08:39:16Z,,25,UCkgDQusb_u62eQN6Fhrnbug,PT1M8S,hd,False,False,,1440.0,54.0,10.0,public,youtube,"['https://en.wikipedia.org/wiki/Politics', 'https://en.wikipedia.org/wiki/Society']"
hykuo8dGkNc,"Uus poliithooaeg Euroopa Parlamendis: USA - Venemaa - Ukraina arengud, droonid põldudel ja valimised",2025-08-28T22:30:36Z,,25,UCkgDQusb_u62eQN6Fhrnbug,PT12M46S,hd,False,False,,1906.0,74.0,9.0,public,youtube,"['https://en.wikipedia.org/wiki/Politics', 'https://en.wikipedia.org/wiki/Society']"
kqNv6gVVbEs,Nädal Euroopa Parlamendis: kuidas vähendada Euroopa sõltuvust ning mingigi nihe normaalsusse,2025-07-20T09:02:30Z,,25,UCkgDQusb_u62eQN6Fhrnbug,PT12M23S,hd,False,False,,1756.0,85.0,8.0,public,youtube,"['https://en.wikipedia.org/wiki/Politics', 'https://en.wikipedia.org/wiki/Society']"
_LcQtakhhso,Ursula von der Leyeni umbusaldamine ning EL-i eelarvepoliitika vaidlus Strasbourgis,2025-07-13T23:12:58Z,,25,UCkgDQusb_u62eQN6Fhrnbug,PT9M41S,hd,False,False,,2990.0,115.0,12.0,public,youtube,"['https://en.wikipedia.org/wiki/Politics', 'https://en.wikipedia.org/wiki/Society']"
nID882BvQAk,"Euroopa Liit peab kulutusi vähendama, mitte suruma uute maksude kehtestamist!",2025-07-09T11:23:11Z,,25,UCkgDQusb_u62eQN6Fhrnbug,PT1M18S,hd,False,False,,781.0,28.0,5.0,public,youtube,"['https://en.wikipedia.org/wiki/Politics', 'https://en.wikipedia.org/wiki/Society']"
5alaonshLEc,Brüsseli Tallinna eri: Tallinna kuum poliitsuvi oravate etendusel,2025-07-01T18:58:54Z,,25,UCkgDQusb_u62eQN6Fhrnbug,PT10M13S,hd,False,False,,3984.0,133.0,8.0,public,youtube,"['https://en.wikipedia.org/wiki/Politics', 'https://en.wikipedia.org/wiki/Society']"
-uB3oGQjfX4,"NATO tippkohtumine ja OECD ""ekspertide"" soovitused inimeste röövimiseks",2025-06-26T12:54:09Z,,25,UCkgDQusb_u62eQN6Fhrnbug,PT9M13S,hd,False,False,,2913.0,101.0,7.0,public,youtube,"['https://en.wikipedia.org/wiki/Politics', 'https://en.wikipedia.org/wiki/Society']"
5PGBPbF3ex8,"Nädal Strasbourgis: debatt laste kaitsmise üle, NATO tippkohtumine ning kiisude ja kutsude heaolu",2025-06-19T17:20:22Z,,25,UCkgDQusb_u62eQN6Fhrnbug,PT17M3S,hd,False,False,,1557.0,65.0,11.0,public,youtube,"['https://en.wikipedia.org/wiki/Politics', 'https://en.wikipedia.org/wiki/Society']"
O6iSLfr_hQo,"Debatt NATO tippkohtumise ja kaitsekulude üle. Küsimus pole protsentides, vaid reaalses kasus!",2025-06-18T11:27:26Z,,25,UCkgDQusb_u62eQN6Fhrnbug,PT1M18S,hd,False,False,,555.0,21.0,2.0,public,youtube,"['https://en.wikipedia.org/wiki/Politics', 'https://en.wikipedia.org/wiki/Society']"
xYV7-zdZgds,"Debatt laste kaitsmise üle, kus liberaalid eiravad soomuutmiste ja paraadide probleeme",2025-06-17T11:33:11Z,,25,UCkgDQusb_u62eQN6Fhrnbug,PT1M22S,hd,False,False,,371.0,33.0,2.0,public,youtube,"['https://en.wikipedia.org/wiki/Politics', 'https://en.wikipedia.org/wiki/Society']"
Tzya1Elu_e4,"Nädal Brüsselis: Rumeenia valimised, toliitariifid Venemaa väetistele ja külalisgrupp",2025-05-23T11:00:11Z,,25,UCkgDQusb_u62eQN6Fhrnbug,PT10M6S,hd,False,False,,1992.0,73.0,6.0,public,youtube,"['https://en.wikipedia.org/wiki/Politics', 'https://en.wikipedia.org/wiki/Society']"
gi21ZOhp758,"Nädal Brüsselis: väliskomisjonis suhetest USA-ga, eakatefestival ja Rumeenia presidendivalimised",2025-05-17T18:01:21Z,,25,UCkgDQusb_u62eQN6Fhrnbug,PT7M27S,hd,False,False,,1607.0,61.0,2.0,public,youtube,"['https://en.wikipedia.org/wiki/Politics', 'https://en.wikipedia.org/wiki/Society']"
7euSeEBD4i8,Delfi debatis teemaks poliitolukord Saksamaal ning AfD populaarsuse põhjused ning keelustamise idee,2025-05-08T18:00:38Z,,25,UCkgDQusb_u62eQN6Fhrnbug,PT2M9S,hd,False,False,,876.0,29.0,1.0,public,youtube,"['https://en.wikipedia.org/wiki/Politics', 'https://en.wikipedia.org/wiki/Society']"
xvXN2qgWWlc,"Nädal Strasbourgis: USA tollitariifid, EL-i eelarve hindamine, Delfi debatt ning immuniteedi küsimus",2025-05-07T23:02:50Z,,25,UCkgDQusb_u62eQN6Fhrnbug,PT13M16S,hd,False,False,,1971.0,91.0,3.0,public,youtube,"['https://en.wikipedia.org/wiki/Politics', 'https://en.wikipedia.org/wiki/Society']"
k35fedBibaQ,Nädal Brüsselis: Hispaania ja Portugali energiakaos ja Strasbourgi istungid uuel nädalal,2025-04-30T15:08:11Z,,25,UCkgDQusb_u62eQN6Fhrnbug,PT11M46S,hd,False,False,,3298.0,124.0,11.0,public,youtube,"['https://en.wikipedia.org/wiki/Politics', 'https://en.wikipedia.org/wiki/Society']"
UbfqCHU7AaY,Kus ja kuidas sai surma Artur Sirk? Kiirülevaade Eesti ajaloo 30ndatest!,2025-04-25T06:34:14Z,,25,UCkgDQusb_u62eQN6Fhrnbug,PT5M19S,hd,False,False,,1195.0,69.0,8.0,public,youtube,
TmQC-ZA6fuc,"Tariifidest ja ""kaubandussõjast"" Telehommikus",2025-04-11T05:36:55Z,,25,UCkgDQusb_u62eQN6Fhrnbug,PT6M49S,hd,False,False,,3244.0,99.0,6.0,public,youtube,"['https://en.wikipedia.org/wiki/Politics', 'https://en.wikipedia.org/wiki/Society', 'https://en.wikipedia.org/wiki/Television_program']"
lpE3nTC4zww,Nädal Brüsselis: väliskomisjon ja rahvusvahelise kaubanduse komisjon ning Kesknoorte nagin oravatega,2025-04-10T12:02:47Z,,25,UCkgDQusb_u62eQN6Fhrnbug,PT7M4S,hd,False,False,,1861.0,88.0,9.0,public,youtube,"['https://en.wikipedia.org/wiki/Politics', 'https://en.wikipedia.org/wiki/Society']"
eFbGEzYNrzg,"Nädal Strasbourgis: Kallas, raportid välis- ja kaitsepoliitikast ning ""Sotsiaalne Euroopa""",2025-04-03T23:40:17Z,,25,UCkgDQusb_u62eQN6Fhrnbug,PT9M19S,hd,False,False,,4667.0,170.0,12.0,public,youtube,"['https://en.wikipedia.org/wiki/Politics', 'https://en.wikipedia.org/wiki/Society']"
fVjlNyePLF4,"""Sotsiaalne Euroopa"" ehk kuidas Euroopa majandus on keeratud põhja ning ei saada aru põhipõhjustest!",2025-04-02T14:42:19Z,,25,UCkgDQusb_u62eQN6Fhrnbug,PT1M11S,hd,False,False,,1382.0,55.0,1.0,public,youtube,"['https://en.wikipedia.org/wiki/Politics', 'https://en.wikipedia.org/wiki/Society']"
4HkH4z1nIdU,"Kui Euroopa otsib uut Churchilli, siis Eesti jaoks oli Churchill kehv variant - diil Staliniga",2025-04-01T12:22:20Z,,25,UCkgDQusb_u62eQN6Fhrnbug,PT1M37S,hd,False,False,,1932.0,51.0,0.0,public,youtube,"['https://en.wikipedia.org/wiki/Politics', 'https://en.wikipedia.org/wiki/Society']"
rCZl5KoxI9U,Euroopa kaitsepoliitika peabki olema liikmesriikide pädevuses ning riikide huvid on erinevad,2025-03-30T22:07:10Z,,25,UCkgDQusb_u62eQN6Fhrnbug,PT2M57S,hd,False,False,,1382.0,62.0,3.0,public,youtube,"['https://en.wikipedia.org/wiki/Politics', 'https://en.wikipedia.org/wiki/Society']"
XIiyoEDx154,Kaja Kallasest ja tema imelisest diplomaatiast,2025-03-28T23:24:05Z,,25,UCkgDQusb_u62eQN6Fhrnbug,PT2M4S,hd,False,False,,12382.0,304.0,30.0,public,youtube,"['https://en.wikipedia.org/wiki/Politics', 'https://en.wikipedia.org/wiki/Society', 'https://en.wikipedia.org/wiki/Television_program']"
VuUvw6AZr1A,"Nädal Brüsselis: Kaja Kallas tulemas Strasbourgi, Esimene Stuudio ja Eesti 200 staarministrid!",2025-03-26T21:32:11Z,,25,UCkgDQusb_u62eQN6Fhrnbug,PT9M6S,hd,False,False,,5983.0,192.0,14.0,public,youtube,"['https://en.wikipedia.org/wiki/Politics', 'https://en.wikipedia.org/wiki/Society']"
OMum09dt32c,"Nädal Brüsselis: Nokia tulevik, juristlingvistid, tubakatoodete direktiiv ning Kaja Kallase tähelend",2025-03-19T20:55:03Z,,25,UCkgDQusb_u62eQN6Fhrnbug,PT10M48S,hd,False,False,,3260.0,109.0,7.0,public,youtube,"['https://en.wikipedia.org/wiki/Politics', 'https://en.wikipedia.org/wiki/Society']"
zUCiPbc76VQ,"Nädal Strasbourgis: debatt Euroopa kaitsevõimest, Reporteritunni debatt ja 91 aastat riigipöördest",2025-03-13T10:47:55Z,,25,UCkgDQusb_u62eQN6Fhrnbug,PT12M32S,hd,False,False,,2101.0,75.0,14.0,public,youtube,"['https://en.wikipedia.org/wiki/Politics', 'https://en.wikipedia.org/wiki/Society']"
w6nAdeg1KA8,"Debatt Euroopa kaitsevõime üle, kus nagu ikka tuleb välja, et kui sotsialist räägib, siis valetab!",2025-03-11T17:31:01Z,,25,UCkgDQusb_u62eQN6Fhrnbug,PT47S,hd,False,False,,1389.0,29.0,3.0,public,youtube,"['https://en.wikipedia.org/wiki/Politics', 'https://en.wikipedia.org/wiki/Society']"
SBi6gPHA9_c,Itaalia peaminister Meloni CPAC-i konverentsil selgitamas ameeriklastele Euroopa julgeolekust,2025-02-25T19:53:02Z,,25,UCkgDQusb_u62eQN6Fhrnbug,PT11M39S,hd,False,False,,1377.0,43.0,3.0,public,youtube,"['https://en.wikipedia.org/wiki/Politics', 'https://en.wikipedia.org/wiki/Society']"
T9DecK5GzQo,"Nädala ülevaade Brüsselist: Toompea malevkond, julgeolekukonverents ning CPAC Washingtonis",2025-02-21T12:59:41Z,,25,UCkgDQusb_u62eQN6Fhrnbug,PT10M38S,hd,False,False,,3414.0,127.0,19.0,public,youtube,"['https://en.wikipedia.org/wiki/Politics', 'https://en.wikipedia.org/wiki/Society']"
bIUkvURUrfk,"Nädala ülevaade Strasbourgist: soe õhk Ukraina teemal, Riigikohtu otsusja Trump järgmisel nädala",2025-02-12T19:07:51Z,,25,UCkgDQusb_u62eQN6Fhrnbug,PT15M1S,hd,False,False,,5158.0,153.0,37.0,public,youtube,"['https://en.wikipedia.org/wiki/Politics', 'https://en.wikipedia.org/wiki/Society']"
tCqqR1pPUeE,"Euroopa on ligi kolm aastat vaid rääkinud, kuid ikkagi on suurim LNG importija Venemaalt",2025-02-11T13:23:20Z,,25,UCkgDQusb_u62eQN6Fhrnbug,PT1M19S,hd,False,False,,1331.0,48.0,3.0,public,youtube,"['https://en.wikipedia.org/wiki/Politics', 'https://en.wikipedia.org/wiki/Society']"
VqdWbxo7fsc,"Siiani on Euroopa Liit keelanud eurorahadest välispiiride füüsilist kaitsmist, kuid see peab muutuma",2025-01-23T19:08:24Z,,25,UCkgDQusb_u62eQN6Fhrnbug,PT2M19S,hd,False,False,,820.0,20.0,0.0,public,youtube,"['https://en.wikipedia.org/wiki/Politics', 'https://en.wikipedia.org/wiki/Society']"
nlN02ypypPI,"Nädal Strasbourgis: Poola eesistumine, Delfi debatt Trumpi teemal ja arupärimine välispiiride teemal",2025-01-23T10:24:36Z,,25,UCkgDQusb_u62eQN6Fhrnbug,PT9M32S,hd,False,False,,2866.0,94.0,11.0,public,youtube,"['https://en.wikipedia.org/wiki/Politics', 'https://en.wikipedia.org/wiki/Society']"
lL3efJpnW-s,Kuidas poliitehnoloogiliselt lollitatakse avalikkust kaitsekulude teemal peaministri poolt,2025-01-22T16:17:41Z,,25,UCkgDQusb_u62eQN6Fhrnbug,PT1M51S,hd,False,False,,2929.0,84.0,9.0,public,youtube,"['https://en.wikipedia.org/wiki/Politics', 'https://en.wikipedia.org/wiki/Society']"
bAvoyYXi9Pw,Nädala ülevaade: väliskomisjon ja ekskommunistist volinik ning kohtumine Eesti ettevõtjatega,2025-01-17T13:26:06Z,,25,UCkgDQusb_u62eQN6Fhrnbug,PT8M58S,hd,False,False,,3518.0,145.0,14.0,public,youtube,"['https://en.wikipedia.org/wiki/Politics', 'https://en.wikipedia.org/wiki/Society']"
DMDRuJs7T5E,"Roheäärmusluse lõpetamine on meie julgeoleku-, majandus- ja inimeste ellujäämise küsimus!",2025-01-09T14:23:18Z,,25,UCkgDQusb_u62eQN6Fhrnbug,PT1M3S,hd,False,False,,2600.0,107.0,6.0,public,youtube,"['https://en.wikipedia.org/wiki/Politics', 'https://en.wikipedia.org/wiki/Society']"
1Iv9C1fBwbg,"Aastalõpu pöördumine - halvendades inimeste toimetulekut, halvendatakse Eesti julgeolekut",2024-12-30T16:00:01Z,,25,UCkgDQusb_u62eQN6Fhrnbug,PT5M,hd,False,False,,2123.0,96.0,10.0,public,youtube,['https://en.wikipedia.org/wiki/Society']
nRgeeQBc4dk,"Aasta viimane ülevaade: Kallas Süüria teemal, Euroopa ombudsmani valimised ja 2 uut liiget ECR-s",2024-12-19T10:06:13Z,,25,UCkgDQusb_u62eQN6Fhrnbug,PT8M41S,hd,False,False,,4124.0,151.0,10.0,public,youtube,"['https://en.wikipedia.org/wiki/Politics', 'https://en.wikipedia.org/wiki/Society']"
SXQgHmHjLT4,"Mida teeb Euroopa Liit päriselt peale sõnade siis, kui seal hakatakse kristlasi tapma?",2024-12-17T15:52:43Z,,25,UCkgDQusb_u62eQN6Fhrnbug,PT1M21S,hd,False,False,,1882.0,50.0,6.0,public,youtube,"['https://en.wikipedia.org/wiki/Politics', 'https://en.wikipedia.org/wiki/Society']"
VTk4s6F0hr4,Tallinna linnavõim lajatab eraomanikele korraliku maamaksu tõusuga,2024-12-13T08:21:45Z,,25,UCkgDQusb_u62eQN6Fhrnbug,PT1M32S,hd,False,False,,1863.0,74.0,12.0,public,youtube,"['https://en.wikipedia.org/wiki/Politics', 'https://en.wikipedia.org/wiki/Society']"
lozjnwtKgtA,"Nädal Brüsselis: süürlane eksiilis, Kallas väliskomisjonis ja külalisgrupp",2024-12-12T21:00:59Z,,25,UCkgDQusb_u62eQN6Fhrnbug,PT7M31S,hd,False,False,,4001.0,130.0,23.0,public,youtube,"['https://en.wikipedia.org/wiki/Politics', 'https://en.wikipedia.org/wiki/Society']"
0Ves64rIL-0,"Kuidas sõda Ukrainas on globaalse probleemi üks osa ning ""peace through strength""",2024-12-06T13:27:33Z,,25,UCkgDQusb_u62eQN6Fhrnbug,PT11M16S,hd,False,False,,3680.0,83.0,23.0,public,youtube,"['https://en.wikipedia.org/wiki/Politics', 'https://en.wikipedia.org/wiki/Society']"
3VTFOVFNtwU,"Nädal Strasbourgis: Venemaa debatt, Iraani resolutsioon, uus Euroopa Komisjon ja 2025. aasta eelarve",2024-11-28T15:00:11Z,,25,UCkgDQusb_u62eQN6Fhrnbug,PT14M19S,hd,False,False,,3312.0,113.0,15.0,public,youtube,"['https://en.wikipedia.org/wiki/Politics', 'https://en.wikipedia.org/wiki/Society']"
ogSSuxvkO78,Euroopa peab saama energiasõltumatuks ja rahuläbirääkimisteks on vaja suuremat militaarabi,2024-11-26T11:36:46Z,,25,UCkgDQusb_u62eQN6Fhrnbug,PT1M13S,hd,False,False,,932.0,25.0,0.0,public,youtube,"['https://en.wikipedia.org/wiki/Politics', 'https://en.wikipedia.org/wiki/Society']"
w-YFCdrjEXE,"Nädal Brüsselis: USA valimiste mõju, uued ""vahvad"" reeglid parlamendis, volinikud ja rahvakohtumised",2024-11-21T19:16:24Z,,25,UCkgDQusb_u62eQN6Fhrnbug,PT11M3S,hd,False,False,,3957.0,133.0,13.0,public,youtube,"['https://en.wikipedia.org/wiki/Politics', 'https://en.wikipedia.org/wiki/Society']"
lm9txfJ4jJY,"Nädal Brüsselis: kedagi pole, ÜRO peasekretär rõõsalt Venemaal, Gruusia valimised ja rahvaüritused!",2024-10-30T08:01:20Z,,25,UCkgDQusb_u62eQN6Fhrnbug,PT10M52S,hd,False,False,,3269.0,99.0,18.0,public,youtube,"['https://en.wikipedia.org/wiki/Politics', 'https://en.wikipedia.org/wiki/Society']"
SKtWS_u_lA0,"Nädal Strasbourgis: vasakpoolsed said vastu nina, Lähis-Ida olukord, Kaja Kallas meie poliitgrupis",2024-10-24T11:32:26Z,,25,UCkgDQusb_u62eQN6Fhrnbug,PT18M15S,hd,False,False,,7144.0,197.0,24.0,public,youtube,"['https://en.wikipedia.org/wiki/Politics', 'https://en.wikipedia.org/wiki/Society']"
kiosVwykWnI,"Iisrael ja Lähis-Ida olukord, kus ühel teljel on Hamas, Hezbollah, Iraan, Venemaa ja Põhja-Korea",2024-10-22T12:30:44Z,,25,UCkgDQusb_u62eQN6Fhrnbug,PT1M20S,hd,False,False,,756.0,25.0,2.0,public,youtube,"['https://en.wikipedia.org/wiki/Politics', 'https://en.wikipedia.org/wiki/Society']"
Hu8y15l2ePQ,"Esimese stuudio debatt, kus palju heietamist Ungari teemal",2024-10-17T17:17:55Z,,25,UCkgDQusb_u62eQN6Fhrnbug,PT4M9S,hd,False,False,,4331.0,113.0,10.0,public,youtube,"['https://en.wikipedia.org/wiki/Politics', 'https://en.wikipedia.org/wiki/Society']"
5pGPgyEZXig,"Nädal Brüsselis: põllumajandus, külalisgrupp, Esimene stuudio ning ECR-i konverents",2024-10-17T16:56:19Z,,25,UCkgDQusb_u62eQN6Fhrnbug,PT10M6S,hd,False,False,,2074.0,75.0,3.0,public,youtube,"['https://en.wikipedia.org/wiki/Politics', 'https://en.wikipedia.org/wiki/Society']"
HZp5uSbKCLI,"Nädal Strasbourgis: autotööstuse krahh, Orban parlamendis, meediavabadus ning erakonna 33. sünnipäev",2024-10-10T12:04:21Z,,25,UCkgDQusb_u62eQN6Fhrnbug,PT17M49S,hd,False,False,,5922.0,161.0,39.0,public,youtube,"['https://en.wikipedia.org/wiki/Politics', 'https://en.wikipedia.org/wiki/Society']"
OiVpMMcTXVk,"Ungariga jagame paljusid seisukohti, kuid nende Venemaa suund on ohuks ka meie julgeolekule",2024-10-09T12:30:17Z,,25,UCkgDQusb_u62eQN6Fhrnbug,PT1M24S,hd,False,False,,826.0,18.0,6.0,public,youtube,"['https://en.wikipedia.org/wiki/Politics', 'https://en.wikipedia.org/wiki/Society']"
7mBHDDogCGM,"Euroopa autotööstus on kukku kukkumas ""tänu"" roheäärmuslusele",2024-10-08T15:52:44Z,,25,UCkgDQusb_u62eQN6Fhrnbug,PT1M20S,hd,False,False,,902.0,36.0,2.0,public,youtube,"['https://en.wikipedia.org/wiki/Politics', 'https://en.wikipedia.org/wiki/Society']"
KL2QSkWcEVM,"Lõpp roheäärmuslusele, kolmandik EL-i ametnikest vallandada, dereguleerida ja vabadus ettevõtjatele!",2024-10-08T11:56:46Z,,25,UCkgDQusb_u62eQN6Fhrnbug,PT1M8S,hd,False,False,,2338.0,87.0,5.0,public,youtube,"['https://en.wikipedia.org/wiki/Politics', 'https://en.wikipedia.org/wiki/Society']"
LJl3btauMv0,"Mitte ainult Eesti, vaid maailm vajab Pärtel-Peeter Pere talenti!",2024-10-04T09:04:09Z,,25,UCkgDQusb_u62eQN6Fhrnbug,PT1M38S,hd,False,False,,7177.0,160.0,16.0,public,youtube,"['https://en.wikipedia.org/wiki/Politics', 'https://en.wikipedia.org/wiki/Society']"
QQ5mptMm7H4,"Nädal Brüsselis - väliskomisjoni hääletused, Ukraina sõjavangid ja Tallinna kastirattur-abilinnapea",2024-10-03T04:51:51Z,,25,UCkgDQusb_u62eQN6Fhrnbug,PT7M50S,hd,False,False,,2358.0,76.0,11.0,public,youtube,"['https://en.wikipedia.org/wiki/Politics', 'https://en.wikipedia.org/wiki/Society']"
1FuHqVYaaic,Nädala ülevaade Euroopa Parlamendist!,2024-09-26T18:01:32Z,,25,UCkgDQusb_u62eQN6Fhrnbug,PT10M14S,hd,False,False,,1579.0,73.0,9.0,public,youtube,"['https://en.wikipedia.org/wiki/Politics', 'https://en.wikipedia.org/wiki/Society']"
w_plYbUmyWE,"Eestil on vahel mõistlikum jääda erapooletuks, mitte tormata toetama Palestiinat",2024-09-26T14:59:05Z,,25,UCkgDQusb_u62eQN6Fhrnbug,PT3M56S,hd,False,False,,1169.0,38.0,7.0,public,youtube,"['https://en.wikipedia.org/wiki/Politics', 'https://en.wikipedia.org/wiki/Society']"
XffVJ-02k40,Esimese Stuudio kaitsedebatt - kas Eesti teeb liiga vähe ja liiga hilja?,2024-09-26T13:12:13Z,,25,UCkgDQusb_u62eQN6Fhrnbug,PT3M36S,hd,False,False,,1000.0,37.0,5.0,public,youtube,"['https://en.wikipedia.org/wiki/Politics', 'https://en.wikipedia.org/wiki/Society', 'https://en.wikipedia.org/wiki/Television_program']"
3hbFnRMHZtw,"Nädal Strasbourgis: Ukraina debatt, ombudsmani otsingud ning Keskerakond lahkus ALDE-st!",2024-09-18T18:09:11Z,,25,UCkgDQusb_u62eQN6Fhrnbug,PT9M54S,hd,False,False,,2189.0,95.0,11.0,public,youtube,"['https://en.wikipedia.org/wiki/Politics', 'https://en.wikipedia.org/wiki/Society']"
XegEuuFZ3fw,"Ukraina - mida teha, kuidas teha ja millal midagi teha?",2024-09-17T14:11:54Z,,25,UCkgDQusb_u62eQN6Fhrnbug,PT1M24S,hd,False,False,,1286.0,21.0,6.0,public,youtube,"['https://en.wikipedia.org/wiki/Politics', 'https://en.wikipedia.org/wiki/Society']"
zfU8R8IYDaY,Uue poliitsügise esimene nädala ülevaade Euroopa Parlamendist!,2024-09-05T11:49:36Z,,25,UCkgDQusb_u62eQN6Fhrnbug,PT8M20S,hd,False,False,,2185.0,107.0,27.0,public,youtube,"['https://en.wikipedia.org/wiki/Politics', 'https://en.wikipedia.org/wiki/Society']"
-DJqmQSeTxk,Kas Eesti tulevik on helge? Lühiajaliselt kindlasti mitte. Pikaajaliselt on lootust.,2024-07-18T14:45:31Z,,25,UCkgDQusb_u62eQN6Fhrnbug,PT1M36S,hd,False,False,,2170.0,64.0,6.0,public,youtube,"['https://en.wikipedia.org/wiki/Politics', 'https://en.wikipedia.org/wiki/Society']"
12jLak91a3c,"Ursula von der Leyenist, Kaja Kallasest ning ka Kadri Simsonist",2024-07-18T11:48:30Z,,25,UCkgDQusb_u62eQN6Fhrnbug,PT5M28S,hd,False,False,,8463.0,173.0,27.0,public,youtube,"['https://en.wikipedia.org/wiki/Politics', 'https://en.wikipedia.org/wiki/Society']"
j-Eqohb9cR0,"Nädal Strasbourgis: frau Leyen fraktsioonis lobitööd tegemas, parlamendi juhtkohad ning Delfi debatt",2024-07-17T17:33:19Z,,25,UCkgDQusb_u62eQN6Fhrnbug,PT8M31S,hd,False,False,,2862.0,128.0,19.0,public,youtube,"['https://en.wikipedia.org/wiki/Politics', 'https://en.wikipedia.org/wiki/Society']"
IaSRivDCt3o,"Nädal Euroopa Parlamendis: uus koosseis, ECR, Orban Moskvas ning Postimehe arvamuslugu",2024-07-08T17:22:20Z,,25,UCkgDQusb_u62eQN6Fhrnbug,PT18M49S,hd,False,False,,4214.0,145.0,42.0,public,youtube,"['https://en.wikipedia.org/wiki/Politics', 'https://en.wikipedia.org/wiki/Society']"
1HsREKcfaXc,"Nädal Euroopa Parlamendis: poliitgruppide tants, uus tekkiv fraktsioon ja Kallase väljavaated",2024-07-02T16:59:04Z,,25,UCkgDQusb_u62eQN6Fhrnbug,PT11M44S,hd,False,False,,4625.0,188.0,38.0,public,youtube,"['https://en.wikipedia.org/wiki/Politics', 'https://en.wikipedia.org/wiki/Society']"
zGT31BOQakk,"Sinu häälest sõltub, milline saab olema Eesti tulevik!",2024-05-23T14:58:36Z,,25,UCkgDQusb_u62eQN6Fhrnbug,PT46S,hd,False,False,,1270.0,110.0,9.0,public,youtube,"['https://en.wikipedia.org/wiki/Politics', 'https://en.wikipedia.org/wiki/Society']"
ai6xHW1tSWI,Mille eest on seistud viie aasta vältel ja mille eest seisan järgnevatel aastatel,2024-05-13T07:05:28Z,,25,UCkgDQusb_u62eQN6Fhrnbug,PT1M17S,hd,False,False,,1986.0,168.0,24.0,public,youtube,"['https://en.wikipedia.org/wiki/Politics', 'https://en.wikipedia.org/wiki/Society']"
vdA1C7zfv-s,Selle Euroopa Parlamendi koosseisu kõige viimane nädala ülevaade: platvormitöötajad ja EU laienemine,2024-04-25T18:38:33Z,,25,UCkgDQusb_u62eQN6Fhrnbug,PT11M26S,hd,False,False,,3507.0,237.0,19.0,public,youtube,"['https://en.wikipedia.org/wiki/Politics', 'https://en.wikipedia.org/wiki/Society']"
